{
	"credit": "Made by Dragoncraft000",
	"texture_size": [98, 98],
	"textures": {
		"1": "custom/vfx/berserk/movement/impact",
		"particle": "custom/vfx/berserk/movement/impact"
	},
	"elements": [
		{
			"name": "Wall",
			"from": [-4, 0, -5],
			"to": [20, 32, -5],
			"rotation": {"angle": -22.5, "axis": "x", "origin": [12, 0, -5]},
			"faces": {
				"north": {"uv": [12.08163, 5.38776, 8.16327, 10.61224], "texture": "#1"},
				"east": {"uv": [0, 0, 0, 16], "texture": "#1"},
				"south": {"uv": [8.16327, 5.38776, 12.08163, 10.61224], "texture": "#1"},
				"west": {"uv": [0, 0, 0, 16], "texture": "#1"},
				"up": {"uv": [0, 0, 12, 0], "texture": "#1"},
				"down": {"uv": [0, 0, 12, 0], "texture": "#1"}
			}
		},
		{
			"name": "Wall",
			"from": [-4, 0, 21],
			"to": [20, 32, 21],
			"rotation": {"angle": 22.5, "axis": "x", "origin": [12, 0, 21]},
			"faces": {
				"north": {"uv": [12.08163, 5.38776, 8.16327, 10.61224], "texture": "#1"},
				"east": {"uv": [0, 0, 0, 16], "texture": "#1"},
				"south": {"uv": [12.08163, 5.38776, 8.16327, 10.61224], "texture": "#1"},
				"west": {"uv": [0, 0, 0, 16], "texture": "#1"},
				"up": {"uv": [0, 0, 12, 0], "texture": "#1"},
				"down": {"uv": [0, 0, 12, 0], "texture": "#1"}
			}
		},
		{
			"name": "Wall",
			"from": [-5, 0, -4],
			"to": [-5, 32, 20],
			"rotation": {"angle": 22.5, "axis": "z", "origin": [-5, 0, 12]},
			"faces": {
				"north": {"uv": [0, 0, 0, 16], "texture": "#1"},
				"east": {"uv": [12.08163, 5.38776, 8.16327, 10.61224], "texture": "#1"},
				"south": {"uv": [0, 0, 0, 16], "texture": "#1"},
				"west": {"uv": [12.08163, 5.38776, 8.16327, 10.61224], "texture": "#1"},
				"up": {"uv": [0, 0, 0, 12], "texture": "#1"},
				"down": {"uv": [0, 0, 0, 12], "texture": "#1"}
			}
		},
		{
			"name": "Wall",
			"from": [21, 0, -4],
			"to": [21, 32, 20],
			"rotation": {"angle": -22.5, "axis": "z", "origin": [21, 0, 12]},
			"faces": {
				"north": {"uv": [0, 0, 0, 16], "texture": "#1"},
				"east": {"uv": [12.08163, 5.38776, 8.16327, 10.61224], "texture": "#1"},
				"south": {"uv": [0, 0, 0, 16], "texture": "#1"},
				"west": {"uv": [12.08163, 5.38776, 8.16327, 10.61224], "texture": "#1"},
				"up": {"uv": [0, 0, 0, 12], "texture": "#1"},
				"down": {"uv": [0, 0, 0, 12], "texture": "#1"}
			}
		},
		{
			"name": "Wall",
			"from": [18, 0, -14],
			"to": [18, 32, 10],
			"rotation": {"angle": 45, "axis": "y", "origin": [18, 16, -2]},
			"faces": {
				"north": {"uv": [0, 0, 0, 16], "texture": "#1"},
				"east": {"uv": [12.08163, 5.38776, 8.16327, 10.61224], "texture": "#1"},
				"south": {"uv": [0, 0, 0, 16], "texture": "#1"},
				"west": {"uv": [8.16327, 5.38776, 12.08163, 10.61224], "texture": "#1"},
				"up": {"uv": [0, 0, 0, 12], "texture": "#1"},
				"down": {"uv": [0, 0, 0, 12], "texture": "#1"}
			}
		},
		{
			"name": "Wall",
			"from": [18, 0, 6],
			"to": [18, 32, 30],
			"rotation": {"angle": -45, "axis": "y", "origin": [18, 16, 18]},
			"faces": {
				"north": {"uv": [0, 0, 0, 16], "texture": "#1"},
				"east": {"uv": [12.08163, 5.38776, 8.16327, 10.61224], "texture": "#1"},
				"south": {"uv": [0, 0, 0, 16], "texture": "#1"},
				"west": {"uv": [8.16327, 5.38776, 12.08163, 10.61224], "texture": "#1"},
				"up": {"uv": [0, 0, 0, 12], "texture": "#1"},
				"down": {"uv": [0, 0, 0, 12], "texture": "#1"}
			}
		},
		{
			"name": "Wall",
			"from": [-2, 0, 6],
			"to": [-2, 32, 30],
			"rotation": {"angle": 45, "axis": "y", "origin": [-2, 16, 18]},
			"faces": {
				"north": {"uv": [0, 0, 0, 16], "texture": "#1"},
				"east": {"uv": [8.16327, 5.38776, 12.08163, 10.61224], "texture": "#1"},
				"south": {"uv": [0, 0, 0, 16], "texture": "#1"},
				"west": {"uv": [12.08163, 5.38776, 8.16327, 10.61224], "texture": "#1"},
				"up": {"uv": [0, 0, 0, 12], "texture": "#1"},
				"down": {"uv": [0, 0, 0, 12], "texture": "#1"}
			}
		},
		{
			"name": "Wall",
			"from": [-2, 0, -14],
			"to": [-2, 32, 10],
			"rotation": {"angle": -45, "axis": "y", "origin": [-2, 16, -2]},
			"faces": {
				"north": {"uv": [0, 0, 0, 16], "texture": "#1"},
				"east": {"uv": [8.16327, 5.38776, 12.08163, 10.61224], "texture": "#1"},
				"south": {"uv": [0, 0, 0, 16], "texture": "#1"},
				"west": {"uv": [12.08163, 5.38776, 8.16327, 10.61224], "texture": "#1"},
				"up": {"uv": [0, 12, 0, 0], "texture": "#1"},
				"down": {"uv": [0, 0, 0, 12], "texture": "#1"}
			}
		}
	],
	"display": {
		"head": {
			"translation": [0, -16, 0],
			"scale": [4, 4, 4]
		}
	},
	"groups": [
		{
			"name": "6",
			"origin": [8, 8, 8],
			"color": 0,
			"nbt": "{}",
			"children": [0, 1, 2, 3, 4, 5, 6, 7]
		}
	]
}