{"textures":{"0":"dragonien:entity/chest_2"},"elements":[{"from":[6.857143,6.857143,8.0],"to":[8.571428,9.142858,8.571428],"rotation":{"angle":0.0,"axis":"y","origin":[8.0,4.0,12.571428]},"faces":{"east":{"uv":[11.0,10.0,11.333333,11.333333],"rotation":0,"texture":"#0","tintindex":0},"south":{"uv":[10.0,10.0,11.0,11.333333],"rotation":0,"texture":"#0","tintindex":0},"north":{"uv":[9.0,10.0,10.0,11.333333],"rotation":0,"texture":"#0","tintindex":0},"west":{"uv":[0.0,11.333333,0.33333334,12.666667],"rotation":0,"texture":"#0","tintindex":0},"up":{"uv":[1.3333334,11.666667,0.33333334,11.333333],"rotation":0,"texture":"#0","tintindex":0},"down":{"uv":[2.3333333,11.333333,1.3333334,11.666667],"rotation":0,"texture":"#0","tintindex":0}}}],"display":{"head":{"translation":[0.0,-6.4,0.0],"scale":[4.0,4.0,4.0]}}}