{"textures":{"1":"dragonien:entity/krtisch_texture"},"elements":[{"from":[-6.8571434,7.428571,8.0],"to":[-6.285715,9.714286,12.285715],"rotation":{"angle":0.0,"axis":"y","origin":[-2.8571434,8.571428,10.285714]},"faces":{"east":{"uv":[10.6,6.2,12.2,7.0],"rotation":0,"texture":"#1","tintindex":0},"south":{"uv":[9.8,3.8,10.0,4.6],"rotation":0,"texture":"#1","tintindex":0},"north":{"uv":[9.6,3.8,9.8,4.6],"rotation":0,"texture":"#1","tintindex":0},"west":{"uv":[10.6,7.0,12.2,7.8],"rotation":0,"texture":"#1","tintindex":0},"up":{"uv":[13.0,8.6,12.8,7.0],"rotation":0,"texture":"#1","tintindex":0},"down":{"uv":[13.2,7.0,13.0,8.6],"rotation":0,"texture":"#1","tintindex":0}}},{"from":[-6.285715,9.142858,8.0],"to":[-2.8571434,9.714286,12.285715],"rotation":{"angle":0.0,"axis":"y","origin":[2.5714283,8.857143,9.142858]},"faces":{"east":{"uv":[9.6,1.8,11.2,2.0],"rotation":0,"texture":"#1","tintindex":0},"south":{"uv":[12.8,11.6,14.0,11.8],"rotation":0,"texture":"#1","tintindex":0},"north":{"uv":[8.8,8.4,10.0,8.6],"rotation":0,"texture":"#1","tintindex":0},"west":{"uv":[12.8,10.6,14.4,10.8],"rotation":0,"texture":"#1","tintindex":0},"up":{"uv":[7.6,8.6,6.4,7.0],"rotation":0,"texture":"#1","tintindex":0},"down":{"uv":[4.4,7.2,3.2,8.8],"rotation":0,"texture":"#1","tintindex":0}}},{"from":[-6.285715,8.0,8.0],"to":[-3.4285717,9.142858,11.714286],"rotation":{"angle":0.0,"axis":"y","origin":[2.5714283,8.857143,9.142858]},"faces":{"east":{"uv":[12.0,0.8,13.2,1.2],"rotation":0,"texture":"#1","tintindex":0},"south":{"uv":[12.6,9.2,13.6,9.6],"rotation":0,"texture":"#1","tintindex":0},"north":{"uv":[12.6,8.8,13.6,9.2],"rotation":0,"texture":"#1","tintindex":0},"west":{"uv":[4.2,12.0,5.4,12.4],"rotation":0,"texture":"#1","tintindex":0},"up":{"uv":[1.0,12.0,0.0,10.8],"rotation":0,"texture":"#1","tintindex":0},"down":{"uv":[5.4,10.8,4.4,12.0],"rotation":0,"texture":"#1","tintindex":0}}},{"from":[-6.285715,7.428571,8.0],"to":[-2.8571434,8.0,12.285715],"rotation":{"angle":0.0,"axis":"y","origin":[2.5714283,8.857143,9.142858]},"faces":{"east":{"uv":[12.8,10.8,14.4,11.0],"rotation":0,"texture":"#1","tintindex":0},"south":{"uv":[13.2,4.6,14.4,4.8],"rotation":0,"texture":"#1","tintindex":0},"north":{"uv":[13.2,2.0,14.4,2.2],"rotation":0,"texture":"#1","tintindex":0},"west":{"uv":[12.8,11.0,14.4,11.2],"rotation":0,"texture":"#1","tintindex":0},"up":{"uv":[5.6,8.8,4.4,7.2],"rotation":0,"texture":"#1","tintindex":0},"down":{"uv":[8.8,7.0,7.6,8.6],"rotation":0,"texture":"#1","tintindex":0}}}],"display":{"head":{"translation":[0.0,-6.4,0.0],"scale":[4.0,4.0,4.0]}}}