{"textures":{"1":"dragonien:entity/krtisch_texture"},"elements":[{"from":[-4.5,9.0,8.0],"to":[-1.5,9.5,11.75],"faces":{"east":{"uv":[9.6,1.8000001,11.2,2.0],"tintindex":0,"rotation":0,"texture":"#1"},"south":{"uv":[12.8,11.6,14.0,11.8],"tintindex":0,"rotation":0,"texture":"#1"},"north":{"uv":[8.8,8.400001,10.0,8.6],"tintindex":0,"rotation":0,"texture":"#1"},"west":{"uv":[12.8,10.6,14.400001,10.8],"tintindex":0,"rotation":0,"texture":"#1"},"up":{"uv":[7.6,8.6,6.4,7.0],"tintindex":0,"rotation":0,"texture":"#1"},"down":{"uv":[4.4,7.2000003,3.2,8.8],"tintindex":0,"rotation":0,"texture":"#1"}}},{"from":[-5.0,7.5,8.0],"to":[-4.5,9.5,11.75],"faces":{"east":{"uv":[10.6,6.2000003,12.2,7.0],"tintindex":0,"rotation":0,"texture":"#1"},"south":{"uv":[9.8,3.8,10.0,4.6],"tintindex":0,"rotation":0,"texture":"#1"},"north":{"uv":[9.6,3.8,9.8,4.6],"tintindex":0,"rotation":0,"texture":"#1"},"west":{"uv":[10.6,7.0,12.2,7.8],"tintindex":0,"rotation":0,"texture":"#1"},"up":{"uv":[13.0,8.6,12.8,7.0],"tintindex":0,"rotation":0,"texture":"#1"},"down":{"uv":[13.2,7.0,13.0,8.6],"tintindex":0,"rotation":0,"texture":"#1"}}},{"from":[-4.5,7.5,8.0],"to":[-1.5,8.0,11.75],"faces":{"east":{"uv":[12.8,10.8,14.400001,11.0],"tintindex":0,"rotation":0,"texture":"#1"},"south":{"uv":[13.2,4.6,14.400001,4.8],"tintindex":0,"rotation":0,"texture":"#1"},"north":{"uv":[13.2,2.0,14.400001,2.2],"tintindex":0,"rotation":0,"texture":"#1"},"west":{"uv":[12.8,11.0,14.400001,11.2],"tintindex":0,"rotation":0,"texture":"#1"},"up":{"uv":[5.6,8.8,4.4,7.2000003],"tintindex":0,"rotation":0,"texture":"#1"},"down":{"uv":[8.8,7.0,7.6,8.6],"tintindex":0,"rotation":0,"texture":"#1"}}},{"from":[-4.5,8.0,8.0],"to":[-2.0,9.0,11.25],"faces":{"east":{"uv":[12.0,0.8,13.2,1.2],"tintindex":0,"rotation":0,"texture":"#1"},"south":{"uv":[12.6,9.2,13.6,9.6],"tintindex":0,"rotation":0,"texture":"#1"},"north":{"uv":[12.6,8.8,13.6,9.2],"tintindex":0,"rotation":0,"texture":"#1"},"west":{"uv":[4.2000003,12.0,5.4,12.400001],"tintindex":0,"rotation":0,"texture":"#1"},"up":{"uv":[1.0,12.0,0.0,10.8],"tintindex":0,"rotation":0,"texture":"#1"},"down":{"uv":[5.4,10.8,4.4,12.0],"tintindex":0,"rotation":0,"texture":"#1"}}}],"display":{"gui":{"rotation":[30,225,0]}}}