{"textures":{"1":"dragonien:entity/krtisch_texture"},"elements":[{"from":[2.2857141,8.571428,-5.1428576],"to":[11.428572,8.598558,0.85290337],"rotation":{"angle":0.0,"axis":"y","origin":[8.0,8.0,8.0]},"faces":{"east":{"uv":[13.2,4.8,15.3,4.9],"rotation":0,"texture":"#1","tintindex":0},"south":{"uv":[12.8,0.6,16.0,0.7],"rotation":0,"texture":"#1","tintindex":0},"north":{"uv":[12.6,10.2,15.8,10.3],"rotation":0,"texture":"#1","tintindex":0},"west":{"uv":[13.2,9.6,15.3,9.7],"rotation":0,"texture":"#1","tintindex":0},"up":{"uv":[3.2,8.5,0.0,6.4],"rotation":0,"texture":"#1","tintindex":0},"down":{"uv":[9.6,0.0,6.4,2.1],"rotation":0,"texture":"#1","tintindex":0}}}],"display":{"head":{"translation":[0.0,-6.4,0.0],"scale":[4.0,4.0,4.0]}}}