{"textures":{"1":"dragonien:entity/krtisch_texture"},"elements":[{"from":[6.5,8.0,6.5],"to":[9.5,20.0,9.5],"faces":{"east":{"uv":[10.0,6.2000003,10.6,8.6],"tintindex":0,"rotation":0,"texture":"#1"},"south":{"uv":[10.400001,8.6,11.0,11.0],"tintindex":0,"rotation":0,"texture":"#1"},"north":{"uv":[10.0,3.8,10.6,6.2000003],"tintindex":0,"rotation":0,"texture":"#1"},"west":{"uv":[10.6,3.8,11.2,6.2000003],"tintindex":0,"rotation":0,"texture":"#1"},"up":{"uv":[13.400001,2.8,12.8,2.2],"tintindex":0,"rotation":0,"texture":"#1"},"down":{"uv":[3.0,12.8,2.4,13.400001],"tintindex":0,"rotation":0,"texture":"#1"}}}],"display":{"gui":{"rotation":[30,225,0]}}}