{"textures":{"1":"dragonien:entity/krtisch_texture"},"elements":[{"from":[7.142857,8.0,7.142857],"to":[8.857143,14.857143,8.857143],"rotation":{"angle":0.0,"axis":"y","origin":[8.0,8.0,8.0]},"faces":{"east":{"uv":[10.0,6.2,10.6,8.6],"rotation":0,"texture":"#1","tintindex":0},"south":{"uv":[10.4,8.6,11.0,11.0],"rotation":0,"texture":"#1","tintindex":0},"north":{"uv":[10.0,3.8,10.6,6.2],"rotation":0,"texture":"#1","tintindex":0},"west":{"uv":[10.6,3.8,11.2,6.2],"rotation":0,"texture":"#1","tintindex":0},"up":{"uv":[13.4,2.8,12.8,2.2],"rotation":0,"texture":"#1","tintindex":0},"down":{"uv":[3.0,12.8,2.4,13.4],"rotation":0,"texture":"#1","tintindex":0}}}],"display":{"head":{"translation":[0.0,-6.4,0.0],"scale":[4.0,4.0,4.0]}}}