{"textures":{"1":"dragonien:entity/krtisch_texture"},"elements":[{"from":[2.2857141,17.142857,10.285714],"to":[3.4285712,17.714287,11.428572],"rotation":{"angle":0.0,"axis":"y","origin":[2.8571424,17.142857,10.857143]},"faces":{"east":{"uv":[13.8,5.4,14.2,5.6],"rotation":0,"texture":"#1","tintindex":0},"south":{"uv":[6.2,13.8,6.6,14.0],"rotation":0,"texture":"#1","tintindex":0},"north":{"uv":[13.8,5.2,14.2,5.4],"rotation":0,"texture":"#1","tintindex":0},"west":{"uv":[13.8,6.2,14.2,6.4],"rotation":0,"texture":"#1","tintindex":0},"up":{"uv":[13.8,3.8,13.4,3.4],"rotation":0,"texture":"#1","tintindex":0},"down":{"uv":[13.8,3.8,13.4,4.2],"rotation":0,"texture":"#1","tintindex":0}}},{"from":[9.142858,17.142857,4.5714283],"to":[9.714286,18.285715,8.0],"rotation":{"angle":0.0,"axis":"y","origin":[8.285714,18.0,8.0]},"faces":{"east":{"uv":[12.0,4.6,13.2,5.0],"rotation":0,"texture":"#1","tintindex":0},"south":{"uv":[13.6,11.2,13.8,11.6],"rotation":0,"texture":"#1","tintindex":0},"north":{"uv":[11.0,10.6,11.2,11.0],"rotation":0,"texture":"#1","tintindex":0},"west":{"uv":[12.0,11.8,13.2,12.2],"rotation":0,"texture":"#1","tintindex":0},"up":{"uv":[4.6,10.8,4.4,9.6],"rotation":0,"texture":"#1","tintindex":0},"down":{"uv":[4.8,9.6,4.6,10.8],"rotation":0,"texture":"#1","tintindex":0}}},{"from":[6.285714,17.142857,4.5714283],"to":[6.857143,18.285715,8.0],"rotation":{"angle":0.0,"axis":"y","origin":[8.285714,18.0,8.0]},"faces":{"east":{"uv":[12.2,6.2,13.4,6.6],"rotation":0,"texture":"#1","tintindex":0},"south":{"uv":[13.2,13.6,13.4,14.0],"rotation":0,"texture":"#1","tintindex":0},"north":{"uv":[13.0,13.6,13.2,14.0],"rotation":0,"texture":"#1","tintindex":0},"west":{"uv":[12.2,6.6,13.4,7.0],"rotation":0,"texture":"#1","tintindex":0},"up":{"uv":[10.6,14.4,10.4,13.2],"rotation":0,"texture":"#1","tintindex":0},"down":{"uv":[10.8,13.2,10.6,14.4],"rotation":0,"texture":"#1","tintindex":0}}},{"from":[6.857143,17.142857,4.5714283],"to":[9.142858,18.285715,5.142857],"rotation":{"angle":0.0,"axis":"y","origin":[8.285714,18.0,8.0]},"faces":{"east":{"uv":[13.4,13.6,13.6,14.0],"rotation":0,"texture":"#1","tintindex":0},"south":{"uv":[13.0,12.8,13.8,13.2],"rotation":0,"texture":"#1","tintindex":0},"north":{"uv":[12.8,11.2,13.6,11.6],"rotation":0,"texture":"#1","tintindex":0},"west":{"uv":[13.6,13.6,13.8,14.0],"rotation":0,"texture":"#1","tintindex":0},"up":{"uv":[3.2,8.8,2.4,8.6],"rotation":0,"texture":"#1","tintindex":0},"down":{"uv":[14.0,12.2,13.2,12.4],"rotation":0,"texture":"#1","tintindex":0}}},{"from":[6.857143,17.142857,7.428571],"to":[9.142858,18.285715,8.0],"rotation":{"angle":0.0,"axis":"y","origin":[8.285714,18.0,8.0]},"faces":{"east":{"uv":[1.0,13.8,1.2,14.2],"rotation":0,"texture":"#1","tintindex":0},"south":{"uv":[4.2,13.2,5.0,13.6],"rotation":0,"texture":"#1","tintindex":0},"north":{"uv":[13.2,0.8,14.0,1.2],"rotation":0,"texture":"#1","tintindex":0},"west":{"uv":[1.2,13.8,1.4,14.2],"rotation":0,"texture":"#1","tintindex":0},"up":{"uv":[14.0,12.6,13.2,12.4],"rotation":0,"texture":"#1","tintindex":0},"down":{"uv":[14.0,12.6,13.2,12.8],"rotation":0,"texture":"#1","tintindex":0}}},{"from":[6.857143,17.142857,5.142857],"to":[9.142858,17.714287,7.428571],"rotation":{"angle":0.0,"axis":"y","origin":[8.285714,18.0,8.0]},"faces":{"east":{"uv":[13.4,0.0,14.2,0.2],"rotation":0,"texture":"#1","tintindex":0},"south":{"uv":[13.4,0.2,14.2,0.4],"rotation":0,"texture":"#1","tintindex":0},"north":{"uv":[13.0,13.2,13.8,13.4],"rotation":0,"texture":"#1","tintindex":0},"west":{"uv":[13.4,0.4,14.2,0.6],"rotation":0,"texture":"#1","tintindex":0},"up":{"uv":[12.6,9.6,11.8,8.8],"rotation":0,"texture":"#1","tintindex":0},"down":{"uv":[10.0,11.8,9.2,12.6],"rotation":0,"texture":"#1","tintindex":0}}},{"from":[14.285715,17.142857,6.0],"to":[15.428572,18.285715,7.142857],"rotation":{"angle":0.0,"axis":"z","origin":[8.285714,18.0,8.0]},"faces":{"east":{"uv":[2.2,13.6,2.6,14.0],"rotation":0,"texture":"#1","tintindex":0},"south":{"uv":[2.6,13.6,3.0,14.0],"rotation":0,"texture":"#1","tintindex":0},"north":{"uv":[1.8,13.6,2.2,14.0],"rotation":0,"texture":"#1","tintindex":0},"west":{"uv":[3.0,13.6,3.4,14.0],"rotation":0,"texture":"#1","tintindex":0},"up":{"uv":[3.8,14.0,3.4,13.6],"rotation":0,"texture":"#1","tintindex":0},"down":{"uv":[4.2,13.6,3.8,14.0],"rotation":0,"texture":"#1","tintindex":0}}},{"from":[10.857143,17.142857,9.428572],"to":[13.142858,17.714287,11.714286],"rotation":{"angle":0.0,"axis":"z","origin":[8.285714,18.0,8.0]},"faces":{"east":{"uv":[13.4,2.4,14.2,2.6],"rotation":0,"texture":"#1","tintindex":0},"south":{"uv":[2.6,13.4,3.4,13.6],"rotation":0,"texture":"#1","tintindex":0},"north":{"uv":[13.4,2.2,14.2,2.4],"rotation":0,"texture":"#1","tintindex":0},"west":{"uv":[13.4,2.6,14.2,2.8],"rotation":0,"texture":"#1","tintindex":0},"up":{"uv":[0.8,12.8,0.0,12.0],"rotation":0,"texture":"#1","tintindex":0},"down":{"uv":[12.8,0.0,12.0,0.8],"rotation":0,"texture":"#1","tintindex":0}}},{"from":[13.142858,8.0,4.0],"to":[14.857143,14.857143,5.714286],"rotation":{"angle":0.0,"axis":"y","origin":[8.285714,18.0,8.0]},"faces":{"east":{"uv":[10.0,6.2,10.6,8.6],"rotation":0,"texture":"#1","tintindex":0},"south":{"uv":[10.4,8.6,11.0,11.0],"rotation":0,"texture":"#1","tintindex":0},"north":{"uv":[10.0,3.8,10.6,6.2],"rotation":0,"texture":"#1","tintindex":0},"west":{"uv":[10.6,3.8,11.2,6.2],"rotation":0,"texture":"#1","tintindex":0},"up":{"uv":[13.4,2.8,12.8,2.2],"rotation":0,"texture":"#1","tintindex":0},"down":{"uv":[3.0,12.8,2.4,13.4],"rotation":0,"texture":"#1","tintindex":0}}},{"from":[2.8571424,9.714286,4.5714283],"to":[13.142858,11.428572,5.142857],"rotation":{"angle":0.0,"axis":"y","origin":[8.285714,18.0,8.0]},"faces":{"east":{"uv":[1.0,10.8,1.2,11.4],"rotation":0,"texture":"#1","tintindex":0},"south":{"uv":[6.4,5.2,10.0,5.8],"rotation":0,"texture":"#1","tintindex":0},"north":{"uv":[6.4,4.6,10.0,5.2],"rotation":0,"texture":"#1","tintindex":0},"west":{"uv":[1.8,11.4,2.0,12.0],"rotation":0,"texture":"#1","tintindex":0},"up":{"uv":[13.2,2.2,9.6,2.0],"rotation":0,"texture":"#1","tintindex":0},"down":{"uv":[14.8,5.8,11.2,6.0],"rotation":0,"texture":"#1","tintindex":0}}},{"from":[2.8571424,9.714286,10.857143],"to":[13.142858,11.428572,11.428572],"rotation":{"angle":0.0,"axis":"y","origin":[8.285714,18.0,8.0]},"faces":{"east":{"uv":[1.0,10.8,1.2,11.4],"rotation":0,"texture":"#1","tintindex":0},"south":{"uv":[6.4,4.6,10.0,5.2],"rotation":0,"texture":"#1","tintindex":0},"north":{"uv":[6.4,5.2,10.0,5.8],"rotation":0,"texture":"#1","tintindex":0},"west":{"uv":[1.8,11.4,2.0,12.0],"rotation":0,"texture":"#1","tintindex":0},"up":{"uv":[9.6,2.0,13.2,2.2],"rotation":0,"texture":"#1","tintindex":0},"down":{"uv":[14.8,5.8,11.2,6.0],"rotation":0,"texture":"#1","tintindex":0}}},{"from":[13.714286,9.714286,5.714286],"to":[14.285715,11.428572,10.285714],"rotation":{"angle":0.0,"axis":"y","origin":[8.285714,18.0,8.0]},"faces":{"east":{"uv":[11.2,1.4,12.8,2.0],"rotation":0,"texture":"#1","tintindex":0},"south":{"uv":[4.4,13.6,4.6,14.2],"rotation":0,"texture":"#1","tintindex":0},"north":{"uv":[4.2,13.6,4.4,14.2],"rotation":0,"texture":"#1","tintindex":0},"west":{"uv":[11.2,5.2,12.8,5.8],"rotation":0,"texture":"#1","tintindex":0},"up":{"uv":[5.2,14.8,5.0,13.2],"rotation":0,"texture":"#1","tintindex":0},"down":{"uv":[5.4,13.2,5.2,14.8],"rotation":0,"texture":"#1","tintindex":0}}},{"from":[1.7142854,9.714286,5.714286],"to":[2.2857141,11.428572,10.285714],"rotation":{"angle":0.0,"axis":"y","origin":[8.285714,18.0,8.0]},"faces":{"east":{"uv":[11.2,5.2,12.8,5.8],"rotation":0,"texture":"#1","tintindex":0},"south":{"uv":[4.4,13.6,4.6,14.2],"rotation":0,"texture":"#1","tintindex":0},"north":{"uv":[4.2,13.6,4.4,14.2],"rotation":0,"texture":"#1","tintindex":0},"west":{"uv":[11.2,1.4,12.8,2.0],"rotation":0,"texture":"#1","tintindex":0},"up":{"uv":[5.0,13.2,5.2,14.8],"rotation":0,"texture":"#1","tintindex":0},"down":{"uv":[5.4,13.2,5.2,14.8],"rotation":0,"texture":"#1","tintindex":0}}},{"from":[-1.1428576,14.857143,3.4285712],"to":[17.142857,17.142857,12.571428],"rotation":{"angle":0.0,"axis":"y","origin":[8.285714,18.0,8.0]},"faces":{"east":{"uv":[3.2,6.4,6.4,7.2],"rotation":0,"texture":"#1","tintindex":0},"south":{"uv":[6.4,3.0,12.8,3.8],"rotation":0,"texture":"#1","tintindex":0},"north":{"uv":[6.4,2.2,12.8,3.0],"rotation":0,"texture":"#1","tintindex":0},"west":{"uv":[6.4,3.8,9.6,4.6],"rotation":0,"texture":"#1","tintindex":0},"up":{"uv":[6.4,3.2,0.0,0.0],"rotation":0,"texture":"#1","tintindex":0},"down":{"uv":[6.4,3.2,0.0,6.4],"rotation":0,"texture":"#1","tintindex":0}}},{"from":[0.5714283,17.142857,10.285714],"to":[1.7142854,17.714287,11.428572],"rotation":{"angle":0.0,"axis":"y","origin":[8.285714,18.0,8.0]},"faces":{"east":{"uv":[13.8,4.0,14.2,4.2],"rotation":0,"texture":"#1","tintindex":0},"south":{"uv":[13.8,4.2,14.2,4.4],"rotation":0,"texture":"#1","tintindex":0},"north":{"uv":[13.8,3.8,14.2,4.0],"rotation":0,"texture":"#1","tintindex":0},"west":{"uv":[13.8,4.4,14.2,4.6],"rotation":0,"texture":"#1","tintindex":0},"up":{"uv":[10.4,12.2,10.0,11.8],"rotation":0,"texture":"#1","tintindex":0},"down":{"uv":[1.4,13.4,1.0,13.8],"rotation":0,"texture":"#1","tintindex":0}}},{"from":[13.142858,17.142857,10.285714],"to":[14.857143,17.714287,10.857143],"rotation":{"angle":0.0,"axis":"y","origin":[8.0,8.0,8.0]},"faces":{"east":{"uv":[9.6,8.1,9.8,8.3],"rotation":0,"texture":"#1","tintindex":0},"south":{"uv":[9.2,11.0,9.8,11.2],"rotation":0,"texture":"#1","tintindex":0},"north":{"uv":[6.2,11.3,6.8,11.5],"rotation":0,"texture":"#1","tintindex":0},"west":{"uv":[2.8,3.1,3.05,3.3],"rotation":0,"texture":"#1","tintindex":0},"up":{"uv":[7.8,10.5,8.4,10.7],"rotation":0,"texture":"#1","tintindex":0},"down":{"uv":[3.7,5.8,4.3,6.05],"rotation":0,"texture":"#1","tintindex":0}}}],"display":{"head":{"translation":[0.0,-6.4,0.0],"scale":[4.0,4.0,4.0]}}}