{"textures":{"1":"dragonien:entity/krtisch_texture"},"elements":[{"from":[18.0,11.0,4.0],"to":[19.0,14.0,12.0],"faces":{"east":{"uv":[11.2,1.4,12.8,2.0],"tintindex":0,"rotation":0,"texture":"#1"},"south":{"uv":[4.4,13.6,4.6,14.2],"tintindex":0,"rotation":0,"texture":"#1"},"north":{"uv":[4.2000003,13.6,4.4,14.2],"tintindex":0,"rotation":0,"texture":"#1"},"west":{"uv":[11.2,5.2000003,12.8,5.8],"tintindex":0,"rotation":0,"texture":"#1"},"up":{"uv":[5.2000003,14.8,5.0,13.2],"tintindex":0,"rotation":0,"texture":"#1"},"down":{"uv":[5.4,13.2,5.2000003,14.8],"tintindex":0,"rotation":0,"texture":"#1"}}},{"from":[-8.0,20.0,0.0],"to":[24.0,24.0,16.0],"faces":{"east":{"uv":[3.2,6.4,6.4,7.2000003],"tintindex":0,"rotation":0,"texture":"#1"},"south":{"uv":[6.4,3.0,12.8,3.8],"tintindex":0,"rotation":0,"texture":"#1"},"north":{"uv":[6.4,2.2,12.8,3.0],"tintindex":0,"rotation":0,"texture":"#1"},"west":{"uv":[6.4,3.8,9.6,4.6],"tintindex":0,"rotation":0,"texture":"#1"},"up":{"uv":[6.4,3.2,0.0,0.0],"tintindex":0,"rotation":0,"texture":"#1"},"down":{"uv":[6.4,3.2,0.0,6.4],"tintindex":0,"rotation":0,"texture":"#1"}}},{"from":[-2.0,24.0,12.0],"to":[0.0,25.0,14.0],"faces":{"east":{"uv":[13.8,5.4,14.2,5.6],"tintindex":0,"rotation":0,"texture":"#1"},"south":{"uv":[6.2000003,13.8,6.6,14.0],"tintindex":0,"rotation":0,"texture":"#1"},"north":{"uv":[13.8,5.2000003,14.2,5.4],"tintindex":0,"rotation":0,"texture":"#1"},"west":{"uv":[13.8,6.2000003,14.2,6.4],"tintindex":0,"rotation":0,"texture":"#1"},"up":{"uv":[13.8,3.8,13.400001,3.4],"tintindex":0,"rotation":0,"texture":"#1"},"down":{"uv":[13.8,3.8,13.400001,4.2000003],"tintindex":0,"rotation":0,"texture":"#1"}}},{"from":[19.0,24.0,4.5],"to":[21.0,26.0,6.5],"faces":{"east":{"uv":[2.2,13.6,2.6000001,14.0],"tintindex":0,"rotation":0,"texture":"#1"},"south":{"uv":[2.6000001,13.6,3.0,14.0],"tintindex":0,"rotation":0,"texture":"#1"},"north":{"uv":[1.8000001,13.6,2.2,14.0],"tintindex":0,"rotation":0,"texture":"#1"},"west":{"uv":[3.0,13.6,3.4,14.0],"tintindex":0,"rotation":0,"texture":"#1"},"up":{"uv":[3.8,14.0,3.4,13.6],"tintindex":0,"rotation":0,"texture":"#1"},"down":{"uv":[4.2000003,13.6,3.8,14.0],"tintindex":0,"rotation":0,"texture":"#1"}}},{"from":[-1.0,11.0,2.0],"to":[17.0,14.0,3.0],"faces":{"east":{"uv":[1.0,10.8,1.2,11.400001],"tintindex":0,"rotation":0,"texture":"#1"},"south":{"uv":[6.4,5.2000003,10.0,5.8],"tintindex":0,"rotation":0,"texture":"#1"},"north":{"uv":[6.4,4.6,10.0,5.2000003],"tintindex":0,"rotation":0,"texture":"#1"},"west":{"uv":[1.8000001,11.400001,2.0,12.0],"tintindex":0,"rotation":0,"texture":"#1"},"up":{"uv":[13.2,2.2,9.6,2.0],"tintindex":0,"rotation":0,"texture":"#1"},"down":{"uv":[14.8,5.8,11.2,6.0],"tintindex":0,"rotation":0,"texture":"#1"}}},{"from":[6.0,24.0,3.0],"to":[10.0,25.0,7.0],"faces":{"east":{"uv":[13.400001,0.0,14.2,0.2],"tintindex":0,"rotation":0,"texture":"#1"},"south":{"uv":[13.400001,0.2,14.2,0.4],"tintindex":0,"rotation":0,"texture":"#1"},"north":{"uv":[13.0,13.2,13.8,13.400001],"tintindex":0,"rotation":0,"texture":"#1"},"west":{"uv":[13.400001,0.4,14.2,0.6],"tintindex":0,"rotation":0,"texture":"#1"},"up":{"uv":[12.6,9.6,11.8,8.8],"tintindex":0,"rotation":0,"texture":"#1"},"down":{"uv":[10.0,11.8,9.2,12.6],"tintindex":0,"rotation":0,"texture":"#1"}}},{"from":[-5.0,24.0,12.0],"to":[-3.0,25.0,14.0],"faces":{"east":{"uv":[13.8,4.0,14.2,4.2000003],"tintindex":0,"rotation":0,"texture":"#1"},"south":{"uv":[13.8,4.2000003,14.2,4.4],"tintindex":0,"rotation":0,"texture":"#1"},"north":{"uv":[13.8,3.8,14.2,4.0],"tintindex":0,"rotation":0,"texture":"#1"},"west":{"uv":[13.8,4.4,14.2,4.6],"tintindex":0,"rotation":0,"texture":"#1"},"up":{"uv":[10.400001,12.2,10.0,11.8],"tintindex":0,"rotation":0,"texture":"#1"},"down":{"uv":[1.4,13.400001,1.0,13.8],"tintindex":0,"rotation":0,"texture":"#1"}}},{"from":[6.0,24.0,7.0],"to":[10.0,26.0,8.0],"faces":{"east":{"uv":[1.0,13.8,1.2,14.2],"tintindex":0,"rotation":0,"texture":"#1"},"south":{"uv":[4.2000003,13.2,5.0,13.6],"tintindex":0,"rotation":0,"texture":"#1"},"north":{"uv":[13.2,0.8,14.0,1.2],"tintindex":0,"rotation":0,"texture":"#1"},"west":{"uv":[1.2,13.8,1.4,14.2],"tintindex":0,"rotation":0,"texture":"#1"},"up":{"uv":[14.0,12.6,13.2,12.400001],"tintindex":0,"rotation":0,"texture":"#1"},"down":{"uv":[14.0,12.6,13.2,12.8],"tintindex":0,"rotation":0,"texture":"#1"}}},{"from":[13.0,24.0,10.5],"to":[17.0,25.0,14.5],"faces":{"east":{"uv":[13.400001,2.4,14.2,2.6000001],"tintindex":0,"rotation":0,"texture":"#1"},"south":{"uv":[2.6000001,13.400001,3.4,13.6],"tintindex":0,"rotation":0,"texture":"#1"},"north":{"uv":[13.400001,2.2,14.2,2.4],"tintindex":0,"rotation":0,"texture":"#1"},"west":{"uv":[13.400001,2.6000001,14.2,2.8],"tintindex":0,"rotation":0,"texture":"#1"},"up":{"uv":[0.8,12.8,0.0,12.0],"tintindex":0,"rotation":0,"texture":"#1"},"down":{"uv":[12.8,0.0,12.0,0.8],"tintindex":0,"rotation":0,"texture":"#1"}}},{"from":[-1.0,11.0,13.0],"to":[17.0,14.0,14.0],"faces":{"east":{"uv":[1.0,10.8,1.2,11.400001],"tintindex":0,"rotation":0,"texture":"#1"},"south":{"uv":[6.4,4.6,10.0,5.2000003],"tintindex":0,"rotation":0,"texture":"#1"},"north":{"uv":[6.4,5.2000003,10.0,5.8],"tintindex":0,"rotation":0,"texture":"#1"},"west":{"uv":[1.8000001,11.400001,2.0,12.0],"tintindex":0,"rotation":0,"texture":"#1"},"up":{"uv":[9.6,2.0,13.2,2.2],"tintindex":0,"rotation":0,"texture":"#1"},"down":{"uv":[14.8,5.8,11.2,6.0],"tintindex":0,"rotation":0,"texture":"#1"}}},{"from":[-3.0,11.0,4.0],"to":[-2.0,14.0,12.0],"faces":{"east":{"uv":[11.2,5.2000003,12.8,5.8],"tintindex":0,"rotation":0,"texture":"#1"},"south":{"uv":[4.4,13.6,4.6,14.2],"tintindex":0,"rotation":0,"texture":"#1"},"north":{"uv":[4.2000003,13.6,4.4,14.2],"tintindex":0,"rotation":0,"texture":"#1"},"west":{"uv":[11.2,1.4,12.8,2.0],"tintindex":0,"rotation":0,"texture":"#1"},"up":{"uv":[5.0,13.2,5.2000003,14.8],"tintindex":0,"rotation":0,"texture":"#1"},"down":{"uv":[5.4,13.2,5.2000003,14.8],"tintindex":0,"rotation":0,"texture":"#1"}}},{"from":[17.0,8.0,1.0],"to":[20.0,20.0,4.0],"faces":{"east":{"uv":[10.0,6.2000003,10.6,8.6],"tintindex":0,"rotation":0,"texture":"#1"},"south":{"uv":[10.400001,8.6,11.0,11.0],"tintindex":0,"rotation":0,"texture":"#1"},"north":{"uv":[10.0,3.8,10.6,6.2000003],"tintindex":0,"rotation":0,"texture":"#1"},"west":{"uv":[10.6,3.8,11.2,6.2000003],"tintindex":0,"rotation":0,"texture":"#1"},"up":{"uv":[13.400001,2.8,12.8,2.2],"tintindex":0,"rotation":0,"texture":"#1"},"down":{"uv":[3.0,12.8,2.4,13.400001],"tintindex":0,"rotation":0,"texture":"#1"}}},{"from":[10.0,24.0,2.0],"to":[11.0,26.0,8.0],"faces":{"east":{"uv":[12.0,4.6,13.2,5.0],"tintindex":0,"rotation":0,"texture":"#1"},"south":{"uv":[13.6,11.2,13.8,11.6],"tintindex":0,"rotation":0,"texture":"#1"},"north":{"uv":[11.0,10.6,11.2,11.0],"tintindex":0,"rotation":0,"texture":"#1"},"west":{"uv":[12.0,11.8,13.2,12.2],"tintindex":0,"rotation":0,"texture":"#1"},"up":{"uv":[4.6,10.8,4.4,9.6],"tintindex":0,"rotation":0,"texture":"#1"},"down":{"uv":[4.8,9.6,4.6,10.8],"tintindex":0,"rotation":0,"texture":"#1"}}},{"from":[6.0,24.0,2.0],"to":[10.0,26.0,3.0],"faces":{"east":{"uv":[13.400001,13.6,13.6,14.0],"tintindex":0,"rotation":0,"texture":"#1"},"south":{"uv":[13.0,12.8,13.8,13.2],"tintindex":0,"rotation":0,"texture":"#1"},"north":{"uv":[12.8,11.2,13.6,11.6],"tintindex":0,"rotation":0,"texture":"#1"},"west":{"uv":[13.6,13.6,13.8,14.0],"tintindex":0,"rotation":0,"texture":"#1"},"up":{"uv":[3.2,8.8,2.4,8.6],"tintindex":0,"rotation":0,"texture":"#1"},"down":{"uv":[14.0,12.2,13.2,12.400001],"tintindex":0,"rotation":0,"texture":"#1"}}},{"from":[5.0,24.0,2.0],"to":[6.0,26.0,8.0],"faces":{"east":{"uv":[12.2,6.2000003,13.400001,6.6],"tintindex":0,"rotation":0,"texture":"#1"},"south":{"uv":[13.2,13.6,13.400001,14.0],"tintindex":0,"rotation":0,"texture":"#1"},"north":{"uv":[13.0,13.6,13.2,14.0],"tintindex":0,"rotation":0,"texture":"#1"},"west":{"uv":[12.2,6.6,13.400001,7.0],"tintindex":0,"rotation":0,"texture":"#1"},"up":{"uv":[10.6,14.400001,10.400001,13.2],"tintindex":0,"rotation":0,"texture":"#1"},"down":{"uv":[10.8,13.2,10.6,14.400001],"tintindex":0,"rotation":0,"texture":"#1"}}},{"from":[17.0,24.0,12.0],"to":[20.0,25.0,13.0],"faces":{"east":{"uv":[9.6,8.1,9.8,8.3],"tintindex":0,"rotation":0,"texture":"#1"},"south":{"uv":[9.2,11.0,9.8,11.2],"tintindex":0,"rotation":0,"texture":"#1"},"north":{"uv":[6.2000003,11.3,6.8,11.5],"tintindex":0,"rotation":0,"texture":"#1"},"west":{"uv":[2.8,3.1000001,3.05,3.3],"tintindex":0,"rotation":0,"texture":"#1"},"up":{"uv":[7.8,10.5,8.400001,10.7],"tintindex":0,"rotation":0,"texture":"#1"},"down":{"uv":[3.7,5.8,4.3,6.05],"tintindex":0,"rotation":0,"texture":"#1"}}}],"display":{"gui":{"rotation":[30,225,0]}}}