{
	"credit": "Made by Dragoncraft000",
	"texture_size": [72, 72],
	"textures": {
		"1": "custom/vfx/mage/movement/blink",
		"particle": "custom/vfx/mage/movement/blink"
	},
	"elements": [
		{
			"from": [8, 0, -2],
			"to": [32, 0, 22],
			"rotation": {"angle": 0, "axis": "y", "origin": [20, 0, 10]},
			"faces": {
				"north": {"uv": [0, 0, 16, 0], "texture": "#missing"},
				"east": {"uv": [0, 0, 16, 0], "texture": "#missing"},
				"south": {"uv": [0, 0, 16, 0], "texture": "#missing"},
				"west": {"uv": [0, 0, 16, 0], "texture": "#missing"},
				"up": {"uv": [0, 0, 5.33333, 5.33333], "texture": "#1"},
				"down": {"uv": [0, 5.33333, 5.33333, 0], "texture": "#1"}
			}
		},
		{
			"from": [-16, 0, -6],
			"to": [8, 0, 18],
			"rotation": {"angle": 0, "axis": "y", "origin": [-4, 0, 6]},
			"faces": {
				"north": {"uv": [0, 0, 16, 0], "texture": "#missing"},
				"east": {"uv": [0, 0, 16, 0], "texture": "#missing"},
				"south": {"uv": [0, 0, 16, 0], "texture": "#missing"},
				"west": {"uv": [0, 0, 16, 0], "texture": "#missing"},
				"up": {"uv": [0, 0, 5.33333, 5.33333], "rotation": 180, "texture": "#1"},
				"down": {"uv": [0, 5.33333, 5.33333, 0], "rotation": 180, "texture": "#1"}
			}
		}
	],
	"groups": [
		{
			"name": "1",
			"origin": [-4, 0, 6],
			"color": 0,
			"nbt": "{}",
			"children": [0, 1]
		}
	]
}