{"textures":{"0":"dragonien:entity/steineule"},"elements":[{"from":[5.5,8.0,3.0],"to":[19.5,8.0,6.0],"faces":{"up":{"uv":[7.5,8.5,5.166667,8.0],"tintindex":0,"rotation":0,"texture":"#0"},"down":{"uv":[9.833334,8.0,7.5,8.5],"tintindex":0,"rotation":0,"texture":"#0"}},"rotation":{"origin":[6.5,8.0,4.0],"angle":45.0,"axis":"y"}},{"from":[6.5,8.1,6.0],"to":[20.5,8.1,9.0],"faces":{"up":{"uv":[7.5,8.5,5.166667,8.0],"tintindex":0,"rotation":0,"texture":"#0"},"down":{"uv":[5.166667,9.833334,2.8333335,10.333334],"tintindex":0,"rotation":0,"texture":"#0"}},"rotation":{"origin":[7.5,8.1,7.0],"angle":-22.5,"axis":"y"}},{"from":[7.0,8.0,8.0],"to":[21.0,8.0,11.0],"faces":{"up":{"uv":[7.5,8.5,5.166667,8.0],"tintindex":0,"rotation":0,"texture":"#0"},"down":{"uv":[5.166667,9.166667,2.8333335,9.666667],"tintindex":0,"rotation":0,"texture":"#0"}},"rotation":{"origin":[8.0,8.0,8.0],"angle":-45.0,"axis":"y"}},{"from":[6.5,8.1,4.0],"to":[20.5,8.1,7.0],"faces":{"up":{"uv":[7.5,8.5,5.166667,8.0],"tintindex":0,"rotation":0,"texture":"#0"},"down":{"uv":[13.666667,0.5,11.333334,1.0],"tintindex":0,"rotation":0,"texture":"#0"}},"rotation":{"origin":[7.5,8.1,5.0],"angle":22.5,"axis":"y"}},{"from":[6.5,8.0,5.0],"to":[20.5,8.0,8.0],"faces":{"up":{"uv":[7.5,8.5,5.166667,8.0],"tintindex":0,"rotation":0,"texture":"#0"},"down":{"uv":[13.666667,0.0,11.333334,0.5],"tintindex":0,"rotation":0,"texture":"#0"}}}],"display":{"gui":{"rotation":[30,225,0]}}}