{"elements":[{"from":[6.5714283,8.0,5.142857],"to":[14.571428,8.0,6.857143],"rotation":{"angle":45.0,"axis":"y","origin":[7.142857,8.0,5.714286]},"faces":{"east":{"uv":[4.666667,8.5,5.166667,8.5],"rotation":0,"texture":"#0","tintindex":0},"south":{"uv":[8.0,8.5,10.333334,8.5],"rotation":0,"texture":"#0","tintindex":0},"north":{"uv":[5.166667,8.5,7.5,8.5],"rotation":0,"texture":"#0","tintindex":0},"west":{"uv":[7.5,8.5,8.0,8.5],"rotation":0,"texture":"#0","tintindex":0},"up":{"uv":[7.5,8.5,5.166667,8.0],"rotation":0,"texture":"#0","tintindex":0},"down":{"uv":[9.833334,8.0,7.5,8.5],"rotation":0,"texture":"#0","tintindex":0}}},{"from":[7.142857,8.057143,5.714286],"to":[15.142858,8.057143,7.428571],"rotation":{"angle":22.5,"axis":"y","origin":[7.714286,8.057143,6.285714]},"faces":{"east":{"uv":[8.5,1.0,9.0,1.0],"rotation":0,"texture":"#0","tintindex":0},"south":{"uv":[11.833334,1.0,14.166667,1.0],"rotation":0,"texture":"#0","tintindex":0},"north":{"uv":[9.0,1.0,11.333334,1.0],"rotation":0,"texture":"#0","tintindex":0},"west":{"uv":[11.333334,1.0,11.833334,1.0],"rotation":0,"texture":"#0","tintindex":0},"up":{"uv":[7.5,8.5,5.166667,8.0],"rotation":0,"texture":"#0","tintindex":0},"down":{"uv":[13.666667,0.5,11.333334,1.0],"rotation":0,"texture":"#0","tintindex":0}}},{"from":[7.142857,8.0,6.285714],"to":[15.142858,8.0,8.0],"rotation":{"angle":0.0,"axis":"z","origin":[7.714286,8.0,6.857143]},"faces":{"east":{"uv":[8.5,0.5,9.0,0.5],"rotation":0,"texture":"#0","tintindex":0},"south":{"uv":[11.833334,0.5,14.166667,0.5],"rotation":0,"texture":"#0","tintindex":0},"north":{"uv":[9.0,0.5,11.333334,0.5],"rotation":0,"texture":"#0","tintindex":0},"west":{"uv":[11.333334,0.5,11.833334,0.5],"rotation":0,"texture":"#0","tintindex":0},"up":{"uv":[7.5,8.5,5.166667,8.0],"rotation":0,"texture":"#0","tintindex":0},"down":{"uv":[13.666667,0.0,11.333334,0.5],"rotation":0,"texture":"#0","tintindex":0}}},{"from":[7.142857,8.057143,6.857143],"to":[15.142858,8.057143,8.571428],"rotation":{"angle":-22.5,"axis":"y","origin":[7.714286,8.057143,7.428571]},"faces":{"east":{"uv":[0.0,9.0,0.5,9.0],"rotation":0,"texture":"#0","tintindex":0},"south":{"uv":[3.3333335,9.0,5.666667,9.0],"rotation":0,"texture":"#0","tintindex":0},"north":{"uv":[0.5,9.0,2.8333335,9.0],"rotation":0,"texture":"#0","tintindex":0},"west":{"uv":[2.8333335,9.0,3.3333335,9.0],"rotation":0,"texture":"#0","tintindex":0},"up":{"uv":[7.5,8.5,5.166667,8.0],"rotation":0,"texture":"#0","tintindex":0},"down":{"uv":[5.166667,9.833334,2.8333335,10.333334],"rotation":0,"texture":"#0","tintindex":0}}},{"from":[7.428571,8.0,8.0],"to":[15.428572,8.0,9.714286],"rotation":{"angle":-45.0,"axis":"y","origin":[8.0,8.0,8.0]},"faces":{"east":{"uv":[0.0,8.5,0.5,8.5],"rotation":0,"texture":"#0","tintindex":0},"south":{"uv":[3.3333335,8.5,5.666667,8.5],"rotation":0,"texture":"#0","tintindex":0},"north":{"uv":[0.5,8.5,2.8333335,8.5],"rotation":0,"texture":"#0","tintindex":0},"west":{"uv":[2.8333335,8.5,3.3333335,8.5],"rotation":0,"texture":"#0","tintindex":0},"up":{"uv":[7.5,8.5,5.166667,8.0],"rotation":0,"texture":"#0","tintindex":0},"down":{"uv":[5.166667,9.166667,2.8333335,9.666667],"rotation":0,"texture":"#0","tintindex":0}}}],"textures":{"0":"dragonien:entity/steineule"},"display":{"head":{"translation":[0.0,-6.4,0.0],"scale":[4.0,4.0,4.0]}}}