{"textures":{"0":"dragonien:entity/steineule"},"elements":[{"from":[4.0,7.5,8.0],"to":[12.0,9.5,10.0],"faces":{"east":{"uv":[5.166667,8.833334,5.5,9.166667],"tintindex":0,"rotation":0,"texture":"#0"},"south":{"uv":[7.166667,8.833334,8.5,9.166667],"tintindex":0,"rotation":0,"texture":"#0"},"north":{"uv":[5.5,8.833334,6.8333335,9.166667],"tintindex":0,"rotation":0,"texture":"#0"},"west":{"uv":[6.8333335,8.833334,7.166667,9.166667],"tintindex":0,"rotation":0,"texture":"#0"},"up":{"uv":[6.8333335,8.833334,5.5,8.5],"tintindex":0,"rotation":0,"texture":"#0"},"down":{"uv":[6.8333335,8.5,5.5,8.833334],"tintindex":0,"rotation":0,"texture":"#0"}}},{"from":[4.0,9.5,10.0],"to":[12.0,9.5,18.0],"faces":{"up":{"uv":[8.0,8.0,6.666667,6.666667],"tintindex":0,"rotation":0,"texture":"#0"},"down":{"uv":[9.333334,6.666667,8.0,8.0],"tintindex":0,"rotation":0,"texture":"#0"}}}],"display":{"gui":{"rotation":[30,225,0]}}}