{"textures":{"0":"dragonien:entity/steineule"},"elements":[{"from":[4.0,9.5,-2.0],"to":[12.0,9.5,6.0],"faces":{"up":{"uv":[8.0,6.666667,6.666667,8.0],"tintindex":0,"rotation":0,"texture":"#0"},"down":{"uv":[6.666667,6.666667,5.3333335,8.0],"tintindex":0,"rotation":0,"texture":"#0"}}},{"from":[4.0,7.5,6.0],"to":[12.0,9.5,8.0],"faces":{"east":{"uv":[0.0,7.5,0.33333334,7.8333335],"tintindex":0,"rotation":0,"texture":"#0"},"south":{"uv":[2.0,7.5,3.3333335,7.8333335],"tintindex":0,"rotation":0,"texture":"#0"},"north":{"uv":[0.33333334,7.5,1.6666667,7.8333335],"tintindex":0,"rotation":0,"texture":"#0"},"west":{"uv":[1.6666667,7.5,2.0,7.8333335],"tintindex":0,"rotation":0,"texture":"#0"},"up":{"uv":[6.8333335,8.5,5.5,8.833334],"tintindex":0,"rotation":0,"texture":"#0"},"down":{"uv":[6.8333335,8.5,5.5,8.833334],"tintindex":0,"rotation":0,"texture":"#0"}}}],"display":{"gui":{"rotation":[30,225,0]}}}