{"elements":[{"from":[5.714286,7.714286,6.857143],"to":[10.285714,8.857143,8.0],"rotation":{"angle":0.0,"axis":"y","origin":[9.714286,4.8571424,9.714286]},"faces":{"east":{"uv":[0.0,7.5,0.33333334,7.8333335],"rotation":0,"texture":"#0","tintindex":0},"south":{"uv":[2.0,7.5,3.3333335,7.8333335],"rotation":0,"texture":"#0","tintindex":0},"north":{"uv":[0.33333334,7.5,1.6666667,7.8333335],"rotation":0,"texture":"#0","tintindex":0},"west":{"uv":[1.6666667,7.5,2.0,7.8333335],"rotation":0,"texture":"#0","tintindex":0},"up":{"uv":[6.8333335,8.5,5.5,8.833334],"rotation":0,"texture":"#0","tintindex":0},"down":{"uv":[6.8333335,8.5,5.5,8.833334],"rotation":0,"texture":"#0","tintindex":0}}},{"from":[5.714286,8.857143,2.2857141],"to":[10.285714,8.857143,6.857143],"rotation":{"angle":0.0,"axis":"y","origin":[9.714286,4.8571424,5.142857]},"faces":{"east":{"uv":[2.6666667,8.0,4.0,8.0],"rotation":0,"texture":"#0","tintindex":0},"south":{"uv":[6.666667,8.0,8.0,8.0],"rotation":0,"texture":"#0","tintindex":0},"north":{"uv":[4.0,8.0,5.3333335,8.0],"rotation":0,"texture":"#0","tintindex":0},"west":{"uv":[5.3333335,8.0,6.666667,8.0],"rotation":0,"texture":"#0","tintindex":0},"up":{"uv":[8.0,6.666667,6.666667,8.0],"rotation":0,"texture":"#0","tintindex":0},"down":{"uv":[6.666667,6.666667,5.3333335,8.0],"rotation":0,"texture":"#0","tintindex":0}}}],"textures":{"0":"dragonien:entity/steineule"},"display":{"head":{"translation":[0.0,-6.4,0.0],"scale":[4.0,4.0,4.0]}}}