{"textures":{"0":"dragonien:entity/steineule"},"elements":[{"from":[4.0,6.0,-2.0],"to":[12.0,8.0,8.0],"faces":{"east":{"uv":[4.666667,1.6666667,6.3333335,2.0],"tintindex":0,"rotation":0,"texture":"#0"},"south":{"uv":[9.333334,1.6666667,10.666667,2.0],"tintindex":0,"rotation":0,"texture":"#0"},"north":{"uv":[6.3333335,1.6666667,7.666667,2.0],"tintindex":0,"rotation":0,"texture":"#0"},"west":{"uv":[7.666667,1.6666667,9.333334,2.0],"tintindex":0,"rotation":0,"texture":"#0"},"up":{"uv":[7.666667,4.666667,6.3333335,6.3333335],"tintindex":0,"rotation":0,"texture":"#0"},"down":{"uv":[7.666667,6.3333335,6.3333335,4.666667],"tintindex":0,"rotation":0,"texture":"#0"}}}],"display":{"gui":{"rotation":[30,225,0]}}}