{"elements":[{"from":[5.714286,8.857143,9.142858],"to":[10.285714,8.857143,13.714286],"rotation":{"angle":0.0,"axis":"y","origin":[9.714286,4.8571424,12.0]},"faces":{"east":{"uv":[5.3333335,8.0,6.666667,8.0],"rotation":0,"texture":"#0","tintindex":0},"south":{"uv":[9.333334,8.0,10.666667,8.0],"rotation":0,"texture":"#0","tintindex":0},"north":{"uv":[6.666667,8.0,8.0,8.0],"rotation":0,"texture":"#0","tintindex":0},"west":{"uv":[8.0,8.0,9.333334,8.0],"rotation":0,"texture":"#0","tintindex":0},"up":{"uv":[8.0,8.0,6.666667,6.666667],"rotation":0,"texture":"#0","tintindex":0},"down":{"uv":[9.333334,6.666667,8.0,8.0],"rotation":0,"texture":"#0","tintindex":0}}},{"from":[5.714286,7.714286,8.0],"to":[10.285714,8.857143,9.142858],"rotation":{"angle":0.0,"axis":"y","origin":[8.0,8.285714,8.571428]},"faces":{"east":{"uv":[5.166667,8.833334,5.5,9.166667],"rotation":0,"texture":"#0","tintindex":0},"south":{"uv":[7.166667,8.833334,8.5,9.166667],"rotation":0,"texture":"#0","tintindex":0},"north":{"uv":[5.5,8.833334,6.8333335,9.166667],"rotation":0,"texture":"#0","tintindex":0},"west":{"uv":[6.8333335,8.833334,7.166667,9.166667],"rotation":0,"texture":"#0","tintindex":0},"up":{"uv":[6.8333335,8.833334,5.5,8.5],"rotation":0,"texture":"#0","tintindex":0},"down":{"uv":[6.8333335,8.5,5.5,8.833334],"rotation":0,"texture":"#0","tintindex":0}}}],"textures":{"0":"dragonien:entity/steineule"},"display":{"head":{"translation":[0.0,-6.4,0.0],"scale":[4.0,4.0,4.0]}}}