{"elements":[{"from":[5.714286,6.857143,2.2857141],"to":[10.285714,8.0,8.0],"rotation":{"angle":0.0,"axis":"y","origin":[8.0,8.0,8.0]},"faces":{"east":{"uv":[4.666667,1.6666667,6.3333335,2.0],"rotation":0,"texture":"#0","tintindex":0},"south":{"uv":[9.333334,1.6666667,10.666667,2.0],"rotation":0,"texture":"#0","tintindex":0},"north":{"uv":[6.3333335,1.6666667,7.666667,2.0],"rotation":0,"texture":"#0","tintindex":0},"west":{"uv":[7.666667,1.6666667,9.333334,2.0],"rotation":0,"texture":"#0","tintindex":0},"up":{"uv":[7.666667,4.666667,6.3333335,6.3333335],"rotation":0,"texture":"#0","tintindex":0},"down":{"uv":[7.666667,6.3333335,6.3333335,4.666667],"rotation":0,"texture":"#0","tintindex":0}}}],"textures":{"0":"dragonien:entity/steineule"},"display":{"head":{"translation":[0.0,-6.4,0.0],"scale":[4.0,4.0,4.0]}}}