{"textures":{"0":"dragonien:entity/steineule"},"elements":[{"from":[7.6666665,7.160758,11.082468],"to":[8.666667,8.910758,12.082468],"faces":{"east":{"uv":[4.666667,4.8333335,4.8333335,5.0],"tintindex":0,"rotation":0,"texture":"#0"},"south":{"uv":[5.166667,4.8333335,5.3333335,5.0],"tintindex":0,"rotation":0,"texture":"#0"},"north":{"uv":[4.8333335,4.8333335,5.0,5.0],"tintindex":0,"rotation":0,"texture":"#0"},"west":{"uv":[5.0,4.8333335,5.166667,5.0],"tintindex":0,"rotation":0,"texture":"#0"},"up":{"uv":[5.0,4.8333335,4.8333335,4.666667],"tintindex":0,"rotation":0,"texture":"#0"},"down":{"uv":[5.166667,4.666667,5.0,4.8333335],"tintindex":0,"rotation":0,"texture":"#0"}}},{"from":[7.4166665,7.160758,3.8675313],"to":[8.416667,8.910758,4.8675313],"faces":{"east":{"uv":[1.0,3.5,1.1666667,3.6666667],"tintindex":0,"rotation":0,"texture":"#0"},"south":{"uv":[1.5,3.5,1.6666667,3.6666667],"tintindex":0,"rotation":0,"texture":"#0"},"north":{"uv":[1.1666667,3.5,1.3333334,3.6666667],"tintindex":0,"rotation":0,"texture":"#0"},"west":{"uv":[1.3333334,3.5,1.5,3.6666667],"tintindex":0,"rotation":0,"texture":"#0"},"up":{"uv":[1.3333334,3.5,1.1666667,3.3333335],"tintindex":0,"rotation":0,"texture":"#0"},"down":{"uv":[1.5,3.3333335,1.3333334,3.5],"tintindex":0,"rotation":0,"texture":"#0"}}},{"from":[7.4166665,7.053484,5.45],"to":[8.416667,8.803484,6.45],"faces":{"east":{"uv":[0.0,4.8333335,0.16666667,5.0],"tintindex":0,"rotation":0,"texture":"#0"},"south":{"uv":[0.5,4.8333335,0.6666667,5.0],"tintindex":0,"rotation":0,"texture":"#0"},"north":{"uv":[0.16666667,4.8333335,0.33333334,5.0],"tintindex":0,"rotation":0,"texture":"#0"},"west":{"uv":[0.33333334,4.8333335,0.5,5.0],"tintindex":0,"rotation":0,"texture":"#0"},"up":{"uv":[0.33333334,4.8333335,0.16666667,4.666667],"tintindex":0,"rotation":0,"texture":"#0"},"down":{"uv":[0.5,4.666667,0.33333334,4.8333335],"tintindex":0,"rotation":0,"texture":"#0"}}},{"from":[7.4166665,7.053484,9.45],"to":[8.416667,8.803484,10.45],"faces":{"east":{"uv":[5.166667,4.666667,5.3333335,4.8333335],"tintindex":0,"rotation":0,"texture":"#0"},"south":{"uv":[5.666667,4.666667,5.8333335,4.8333335],"tintindex":0,"rotation":0,"texture":"#0"},"north":{"uv":[5.3333335,4.666667,5.5,4.8333335],"tintindex":0,"rotation":0,"texture":"#0"},"west":{"uv":[5.5,4.666667,5.666667,4.8333335],"tintindex":0,"rotation":0,"texture":"#0"},"up":{"uv":[5.5,4.666667,5.3333335,4.5],"tintindex":0,"rotation":0,"texture":"#0"},"down":{"uv":[5.666667,4.5,5.5,4.666667],"tintindex":0,"rotation":0,"texture":"#0"}}},{"from":[7.4166665,7.160758,7.667531],"to":[8.416667,8.910758,8.667531],"faces":{"east":{"uv":[5.166667,0.33333334,5.3333335,0.5],"tintindex":0,"rotation":0,"texture":"#0"},"south":{"uv":[5.666667,0.33333334,5.8333335,0.5],"tintindex":0,"rotation":0,"texture":"#0"},"north":{"uv":[5.3333335,0.33333334,5.5,0.5],"tintindex":0,"rotation":0,"texture":"#0"},"west":{"uv":[5.5,0.33333334,5.666667,0.5],"tintindex":0,"rotation":0,"texture":"#0"},"up":{"uv":[5.5,0.33333334,5.3333335,0.16666667],"tintindex":0,"rotation":0,"texture":"#0"},"down":{"uv":[5.666667,0.16666667,5.5,0.33333334],"tintindex":0,"rotation":0,"texture":"#0"}}},{"from":[7.4666667,7.160758,7.1824684],"to":[8.466666,8.910758,8.182468],"faces":{"east":{"uv":[4.666667,0.16666667,4.8333335,0.33333334],"tintindex":0,"rotation":0,"texture":"#0"},"south":{"uv":[5.166667,0.16666667,5.3333335,0.33333334],"tintindex":0,"rotation":0,"texture":"#0"},"north":{"uv":[4.8333335,0.16666667,5.0,0.33333334],"tintindex":0,"rotation":0,"texture":"#0"},"west":{"uv":[5.0,0.16666667,5.166667,0.33333334],"tintindex":0,"rotation":0,"texture":"#0"},"up":{"uv":[5.0,0.16666667,4.8333335,0.0],"tintindex":0,"rotation":0,"texture":"#0"},"down":{"uv":[5.166667,0.0,5.0,0.16666667],"tintindex":0,"rotation":0,"texture":"#0"}}}],"display":{"gui":{"rotation":[30,225,0]}}}