{"elements":[{"from":[7.6666665,7.520433,5.638589],"to":[8.238095,8.520433,6.210018],"rotation":{"angle":0.0,"axis":"y","origin":[7.952381,8.020433,5.9243035]},"faces":{"east":{"uv":[1.0,3.5,1.1666667,3.6666667],"rotation":0,"texture":"#0","tintindex":0},"south":{"uv":[1.5,3.5,1.6666667,3.6666667],"rotation":0,"texture":"#0","tintindex":0},"north":{"uv":[1.1666667,3.5,1.3333334,3.6666667],"rotation":0,"texture":"#0","tintindex":0},"west":{"uv":[1.3333334,3.5,1.5,3.6666667],"rotation":0,"texture":"#0","tintindex":0},"up":{"uv":[1.3333334,3.5,1.1666667,3.3333335],"rotation":0,"texture":"#0","tintindex":0},"down":{"uv":[1.5,3.3333335,1.3333334,3.5],"rotation":0,"texture":"#0","tintindex":0}}},{"from":[7.6666665,7.4591336,6.542857],"to":[8.238095,8.459134,7.1142855],"rotation":{"angle":0.0,"axis":"y","origin":[7.952381,7.9591336,6.8285713]},"faces":{"east":{"uv":[0.0,4.8333335,0.16666667,5.0],"rotation":0,"texture":"#0","tintindex":0},"south":{"uv":[0.5,4.8333335,0.6666667,5.0],"rotation":0,"texture":"#0","tintindex":0},"north":{"uv":[0.16666667,4.8333335,0.33333334,5.0],"rotation":0,"texture":"#0","tintindex":0},"west":{"uv":[0.33333334,4.8333335,0.5,5.0],"rotation":0,"texture":"#0","tintindex":0},"up":{"uv":[0.33333334,4.8333335,0.16666667,4.666667],"rotation":0,"texture":"#0","tintindex":0},"down":{"uv":[0.5,4.666667,0.33333334,4.8333335],"rotation":0,"texture":"#0","tintindex":0}}},{"from":[7.6666665,7.520433,7.810018],"to":[8.238095,8.520433,8.381447],"rotation":{"angle":0.0,"axis":"y","origin":[7.952381,8.020433,8.095733]},"faces":{"east":{"uv":[5.166667,0.33333334,5.3333335,0.5],"rotation":0,"texture":"#0","tintindex":0},"south":{"uv":[5.666667,0.33333334,5.8333335,0.5],"rotation":0,"texture":"#0","tintindex":0},"north":{"uv":[5.3333335,0.33333334,5.5,0.5],"rotation":0,"texture":"#0","tintindex":0},"west":{"uv":[5.5,0.33333334,5.666667,0.5],"rotation":0,"texture":"#0","tintindex":0},"up":{"uv":[5.5,0.33333334,5.3333335,0.16666667],"rotation":0,"texture":"#0","tintindex":0},"down":{"uv":[5.666667,0.16666667,5.5,0.33333334],"rotation":0,"texture":"#0","tintindex":0}}},{"from":[7.695238,7.520433,7.5328393],"to":[8.266666,8.520433,8.104268],"rotation":{"angle":0.0,"axis":"y","origin":[7.9809523,8.020433,7.8185534]},"faces":{"east":{"uv":[4.666667,0.16666667,4.8333335,0.33333334],"rotation":0,"texture":"#0","tintindex":0},"south":{"uv":[5.166667,0.16666667,5.3333335,0.33333334],"rotation":0,"texture":"#0","tintindex":0},"north":{"uv":[4.8333335,0.16666667,5.0,0.33333334],"rotation":0,"texture":"#0","tintindex":0},"west":{"uv":[5.0,0.16666667,5.166667,0.33333334],"rotation":0,"texture":"#0","tintindex":0},"up":{"uv":[5.0,0.16666667,4.8333335,0.0],"rotation":0,"texture":"#0","tintindex":0},"down":{"uv":[5.166667,0.0,5.0,0.16666667],"rotation":0,"texture":"#0","tintindex":0}}},{"from":[7.6666665,7.4591336,8.828571],"to":[8.238095,8.459134,9.4],"rotation":{"angle":0.0,"axis":"y","origin":[7.952381,7.9591336,9.114285]},"faces":{"east":{"uv":[5.166667,4.666667,5.3333335,4.8333335],"rotation":0,"texture":"#0","tintindex":0},"south":{"uv":[5.666667,4.666667,5.8333335,4.8333335],"rotation":0,"texture":"#0","tintindex":0},"north":{"uv":[5.3333335,4.666667,5.5,4.8333335],"rotation":0,"texture":"#0","tintindex":0},"west":{"uv":[5.5,4.666667,5.666667,4.8333335],"rotation":0,"texture":"#0","tintindex":0},"up":{"uv":[5.5,4.666667,5.3333335,4.5],"rotation":0,"texture":"#0","tintindex":0},"down":{"uv":[5.666667,4.5,5.5,4.666667],"rotation":0,"texture":"#0","tintindex":0}}},{"from":[7.8095236,7.520433,9.761411],"to":[8.380953,8.520433,10.332839],"rotation":{"angle":0.0,"axis":"y","origin":[8.095238,8.020433,10.047125]},"faces":{"east":{"uv":[4.666667,4.8333335,4.8333335,5.0],"rotation":0,"texture":"#0","tintindex":0},"south":{"uv":[5.166667,4.8333335,5.3333335,5.0],"rotation":0,"texture":"#0","tintindex":0},"north":{"uv":[4.8333335,4.8333335,5.0,5.0],"rotation":0,"texture":"#0","tintindex":0},"west":{"uv":[5.0,4.8333335,5.166667,5.0],"rotation":0,"texture":"#0","tintindex":0},"up":{"uv":[5.0,4.8333335,4.8333335,4.666667],"rotation":0,"texture":"#0","tintindex":0},"down":{"uv":[5.166667,4.666667,5.0,4.8333335],"rotation":0,"texture":"#0","tintindex":0}}}],"textures":{"0":"dragonien:entity/steineule"},"display":{"head":{"translation":[0.0,-6.4,0.0],"scale":[4.0,4.0,4.0]}}}