{"textures":{"0":"dragonien:entity/steineule"},"elements":[{"from":[-1.0,7.0,16.5],"to":[1.0,10.0,19.5],"faces":{"east":{"uv":[-0.16666667,3.6666667,0.33333334,4.166667],"tintindex":0,"rotation":0,"texture":"#0"},"south":{"uv":[1.1666667,3.6666667,1.5,4.166667],"tintindex":0,"rotation":0,"texture":"#0"},"north":{"uv":[0.33333334,3.6666667,0.6666667,4.166667],"tintindex":0,"rotation":0,"texture":"#0"},"west":{"uv":[0.6666667,3.6666667,1.1666667,4.166667],"tintindex":0,"rotation":0,"texture":"#0"},"up":{"uv":[3.8333335,8.666667,3.5,8.166667],"tintindex":0,"rotation":0,"texture":"#0"},"down":{"uv":[3.3333335,8.166667,3.0,8.666667],"tintindex":0,"rotation":0,"texture":"#0"}}},{"from":[1.0,7.0,13.0],"to":[10.0,15.0,23.0],"faces":{"east":{"uv":[0.0,5.0,1.6666667,6.3333335],"tintindex":0,"rotation":0,"texture":"#0"},"south":{"uv":[4.8333335,5.0,6.3333335,6.3333335],"tintindex":0,"rotation":0,"texture":"#0"},"north":{"uv":[1.6666667,5.0,3.1666667,6.3333335],"tintindex":0,"rotation":0,"texture":"#0"},"west":{"uv":[3.1666667,5.0,4.8333335,6.3333335],"tintindex":0,"rotation":0,"texture":"#0"},"up":{"uv":[3.1666667,5.0,1.6666667,3.3333335],"tintindex":0,"rotation":0,"texture":"#0"},"down":{"uv":[1.6666667,3.3333335,3.1666667,5.0],"tintindex":0,"rotation":0,"texture":"#0"}}},{"from":[1.0,13.0,23.0],"to":[1.0,16.0,26.0],"faces":{"east":{"uv":[0.0,4.166667,0.5,4.666667],"tintindex":0,"rotation":0,"texture":"#0"},"west":{"uv":[0.5,4.166667,1.0,4.666667],"tintindex":0,"rotation":0,"texture":"#0"}}},{"from":[1.0,13.0,10.0],"to":[1.0,16.0,13.0],"faces":{"east":{"uv":[4.666667,0.5,5.166667,1.0],"tintindex":0,"rotation":0,"texture":"#0"},"west":{"uv":[5.166667,0.5,5.666667,1.0],"tintindex":0,"rotation":0,"texture":"#0"}}},{"from":[0.5,5.7,16.5],"to":[1.5,7.7,19.5],"faces":{"east":{"uv":[0.8333334,1.0,1.3333334,1.3333334],"tintindex":0,"rotation":0,"texture":"#0"},"south":{"uv":[1.6666667,0.6666667,1.8333334,1.0],"tintindex":0,"rotation":0,"texture":"#0"},"north":{"uv":[1.3333334,1.0,1.5,1.3333334],"tintindex":0,"rotation":0,"texture":"#0"},"west":{"uv":[1.5,1.0,2.0,1.3333334],"tintindex":0,"rotation":0,"texture":"#0"},"up":{"uv":[1.5,1.0,1.3333334,0.5],"tintindex":0,"rotation":0,"texture":"#0"},"down":{"uv":[1.6666667,0.5,1.5,1.0],"tintindex":0,"rotation":0,"texture":"#0"}},"rotation":{"origin":[1.5,3.6999998,16.5],"angle":22.5,"axis":"z"}},{"from":[2.0,11.65,12.0],"to":[2.0,16.65,24.0],"faces":{"east":{"uv":[0.0,6.3333335,2.0,7.166667],"tintindex":0,"rotation":0,"texture":"#0"},"west":{"uv":[2.0,6.3333335,4.0,7.166667],"tintindex":0,"rotation":0,"texture":"#0"}},"rotation":{"origin":[9.0,7.6499996,19.0],"angle":-22.5,"axis":"z"}}],"display":{"gui":{"rotation":[30,225,0]}}}