{"elements":[{"from":[4.0,7.428571,10.857143],"to":[9.142858,12.0,16.57143],"rotation":{"angle":0.0,"axis":"y","origin":[8.571428,7.428571,13.142858]},"faces":{"east":{"uv":[0.0,5.0,1.6666667,6.3333335],"rotation":0,"texture":"#0","tintindex":0},"south":{"uv":[4.8333335,5.0,6.3333335,6.3333335],"rotation":0,"texture":"#0","tintindex":0},"north":{"uv":[1.6666667,5.0,3.1666667,6.3333335],"rotation":0,"texture":"#0","tintindex":0},"west":{"uv":[3.1666667,5.0,4.8333335,6.3333335],"rotation":0,"texture":"#0","tintindex":0},"up":{"uv":[3.1666667,5.0,1.6666667,3.3333335],"rotation":0,"texture":"#0","tintindex":0},"down":{"uv":[1.6666667,3.3333335,3.1666667,5.0],"rotation":0,"texture":"#0","tintindex":0}}},{"from":[4.5714283,10.085714,10.285714],"to":[4.5714283,12.942858,17.142857],"rotation":{"angle":-22.5,"axis":"z","origin":[8.571428,7.8,14.285715]},"faces":{"east":{"uv":[0.0,6.3333335,2.0,7.166667],"rotation":0,"texture":"#0","tintindex":0},"south":{"uv":[4.0,6.3333335,4.0,7.166667],"rotation":0,"texture":"#0","tintindex":0},"north":{"uv":[2.0,6.3333335,2.0,7.166667],"rotation":0,"texture":"#0","tintindex":0},"west":{"uv":[2.0,6.3333335,4.0,7.166667],"rotation":0,"texture":"#0","tintindex":0},"up":{"uv":[2.0,6.3333335,2.0,4.3333335],"rotation":0,"texture":"#0","tintindex":0},"down":{"uv":[2.0,4.3333335,2.0,6.3333335],"rotation":0,"texture":"#0","tintindex":0}}},{"from":[4.0,10.857143,16.57143],"to":[4.0,12.571428,18.285715],"rotation":{"angle":0.0,"axis":"y","origin":[8.0,8.0,15.428572]},"faces":{"east":{"uv":[0.0,4.166667,0.5,4.666667],"rotation":0,"texture":"#0","tintindex":0},"south":{"uv":[1.0,4.166667,1.0,4.666667],"rotation":0,"texture":"#0","tintindex":0},"north":{"uv":[0.5,4.166667,0.5,4.666667],"rotation":0,"texture":"#0","tintindex":0},"west":{"uv":[0.5,4.166667,1.0,4.666667],"rotation":0,"texture":"#0","tintindex":0},"up":{"uv":[0.5,4.166667,0.5,3.6666667],"rotation":0,"texture":"#0","tintindex":0},"down":{"uv":[0.5,3.6666667,0.5,4.166667],"rotation":0,"texture":"#0","tintindex":0}}},{"from":[4.0,10.857143,9.142858],"to":[4.0,12.571428,10.857143],"rotation":{"angle":0.0,"axis":"y","origin":[8.0,8.0,8.0]},"faces":{"east":{"uv":[4.666667,0.5,5.166667,1.0],"rotation":0,"texture":"#0","tintindex":0},"south":{"uv":[5.666667,0.5,5.666667,1.0],"rotation":0,"texture":"#0","tintindex":0},"north":{"uv":[5.166667,0.5,5.166667,1.0],"rotation":0,"texture":"#0","tintindex":0},"west":{"uv":[5.166667,0.5,5.666667,1.0],"rotation":0,"texture":"#0","tintindex":0},"up":{"uv":[5.166667,0.5,5.166667,0.0],"rotation":0,"texture":"#0","tintindex":0},"down":{"uv":[5.166667,0.0,5.166667,0.5],"rotation":0,"texture":"#0","tintindex":0}}},{"from":[2.8571424,7.428571,12.857143],"to":[4.0,9.142858,14.571428],"rotation":{"angle":0.0,"axis":"y","origin":[3.4285712,6.857143,12.857143]},"faces":{"east":{"uv":[-0.16666667,3.6666667,0.33333334,4.166667],"rotation":0,"texture":"#0","tintindex":0},"south":{"uv":[1.1666667,3.6666667,1.5,4.166667],"rotation":0,"texture":"#0","tintindex":0},"north":{"uv":[0.33333334,3.6666667,0.6666667,4.166667],"rotation":0,"texture":"#0","tintindex":0},"west":{"uv":[0.6666667,3.6666667,1.1666667,4.166667],"rotation":0,"texture":"#0","tintindex":0},"up":{"uv":[3.8333335,8.666667,3.5,8.166667],"rotation":0,"texture":"#0","tintindex":0},"down":{"uv":[3.3333335,8.166667,3.0,8.666667],"rotation":0,"texture":"#0","tintindex":0}}},{"from":[3.7142854,6.6857142,12.857143],"to":[4.285714,7.8285713,14.571428],"rotation":{"angle":22.5,"axis":"z","origin":[4.285714,5.542857,12.857143]},"faces":{"east":{"uv":[0.8333334,1.0,1.3333334,1.3333334],"rotation":0,"texture":"#0","tintindex":0},"south":{"uv":[1.6666667,0.6666667,1.8333334,1.0],"rotation":0,"texture":"#0","tintindex":0},"north":{"uv":[1.3333334,1.0,1.5,1.3333334],"rotation":0,"texture":"#0","tintindex":0},"west":{"uv":[1.5,1.0,2.0,1.3333334],"rotation":0,"texture":"#0","tintindex":0},"up":{"uv":[1.5,1.0,1.3333334,0.5],"rotation":0,"texture":"#0","tintindex":0},"down":{"uv":[1.6666667,0.5,1.5,1.0],"rotation":0,"texture":"#0","tintindex":0}}}],"textures":{"0":"dragonien:entity/steineule"},"display":{"head":{"translation":[0.0,-6.4,0.0],"scale":[4.0,4.0,4.0]}}}