{"textures":{"0":"dragonien:entity/steineule"},"elements":[{"from":[18.25,9.5,4.75],"to":[19.25,12.5,5.75],"faces":{"east":{"uv":[1.3333334,0.16666667,1.5,0.6666667],"tintindex":0,"rotation":0,"texture":"#0"},"south":{"uv":[1.8333334,0.16666667,2.0,0.6666667],"tintindex":0,"rotation":0,"texture":"#0"},"north":{"uv":[0.6666667,10.5,0.8333334,11.0],"tintindex":0,"rotation":0,"texture":"#0"},"west":{"uv":[1.6666667,0.16666667,1.8333334,0.6666667],"tintindex":0,"rotation":0,"texture":"#0"},"up":{"uv":[1.6666667,0.16666667,1.5,0.0],"tintindex":0,"rotation":0,"texture":"#0"},"down":{"uv":[1.8333334,0.0,1.6666667,0.16666667],"tintindex":0,"rotation":0,"texture":"#0"}},"rotation":{"origin":[19.25,9.5,5.25],"angle":22.5,"axis":"x"}},{"from":[9.0,10.5,5.0],"to":[17.0,17.5,13.0],"faces":{"east":{"uv":[5.3333335,3.3333335,6.666667,4.5],"tintindex":0,"rotation":0,"texture":"#0"},"south":{"uv":[9.333334,3.3333335,10.666667,4.5],"tintindex":0,"rotation":0,"texture":"#0"},"north":{"uv":[10.666667,3.3333335,9.333334,4.5],"tintindex":0,"rotation":0,"texture":"#0"},"west":{"uv":[8.0,3.3333335,9.333334,4.5],"tintindex":0,"rotation":0,"texture":"#0"},"up":{"uv":[8.0,3.3333335,6.666667,2.0],"tintindex":0,"rotation":0,"texture":"#0"},"down":{"uv":[8.0,2.0,6.666667,3.3333335],"tintindex":0,"rotation":0,"texture":"#0"}}},{"from":[18.25,9.25,10.5],"to":[19.25,12.5,11.5],"faces":{"east":{"uv":[4.666667,4.166667,4.8333335,4.666667],"tintindex":0,"rotation":0,"texture":"#0"},"south":{"uv":[5.166667,4.166667,5.3333335,4.666667],"tintindex":0,"rotation":0,"texture":"#0"},"north":{"uv":[4.8333335,4.166667,5.0,4.666667],"tintindex":0,"rotation":0,"texture":"#0"},"west":{"uv":[5.0,4.166667,5.166667,4.666667],"tintindex":0,"rotation":0,"texture":"#0"},"up":{"uv":[5.0,4.166667,4.8333335,4.0],"tintindex":0,"rotation":0,"texture":"#0"},"down":{"uv":[5.166667,4.0,5.0,4.166667],"tintindex":0,"rotation":0,"texture":"#0"}}},{"from":[18.25,9.5,12.25],"to":[19.25,12.5,13.25],"faces":{"east":{"uv":[4.666667,3.5,4.8333335,4.0],"tintindex":0,"rotation":0,"texture":"#0"},"south":{"uv":[5.166667,3.5,5.3333335,4.0],"tintindex":0,"rotation":0,"texture":"#0"},"north":{"uv":[4.8333335,3.5,5.0,4.0],"tintindex":0,"rotation":0,"texture":"#0"},"west":{"uv":[5.0,3.5,5.166667,4.0],"tintindex":0,"rotation":0,"texture":"#0"},"up":{"uv":[5.0,3.5,4.8333335,3.3333335],"tintindex":0,"rotation":0,"texture":"#0"},"down":{"uv":[5.166667,3.3333335,5.0,3.5],"tintindex":0,"rotation":0,"texture":"#0"}},"rotation":{"origin":[19.25,9.5,12.75],"angle":-22.5,"axis":"x"}},{"from":[18.25,9.5,8.75],"to":[19.25,12.5,9.75],"faces":{"east":{"uv":[4.666667,1.1666667,4.8333335,1.6666667],"tintindex":0,"rotation":0,"texture":"#0"},"south":{"uv":[5.166667,1.1666667,5.3333335,1.6666667],"tintindex":0,"rotation":0,"texture":"#0"},"north":{"uv":[4.8333335,1.1666667,5.0,1.6666667],"tintindex":0,"rotation":0,"texture":"#0"},"west":{"uv":[5.0,1.1666667,5.166667,1.6666667],"tintindex":0,"rotation":0,"texture":"#0"},"up":{"uv":[5.0,1.1666667,4.8333335,1.0],"tintindex":0,"rotation":0,"texture":"#0"},"down":{"uv":[5.166667,1.0,5.0,1.1666667],"tintindex":0,"rotation":0,"texture":"#0"}},"rotation":{"origin":[19.25,9.5,9.25],"angle":22.5,"axis":"x"}},{"from":[18.25,9.25,6.5],"to":[19.25,12.5,7.5],"faces":{"east":{"uv":[1.3333334,1.5,1.5,2.0],"tintindex":0,"rotation":0,"texture":"#0"},"south":{"uv":[1.8333334,1.5,2.0,2.0],"tintindex":0,"rotation":0,"texture":"#0"},"north":{"uv":[1.5,1.5,1.6666667,2.0],"tintindex":0,"rotation":0,"texture":"#0"},"west":{"uv":[1.6666667,1.5,1.8333334,2.0],"tintindex":0,"rotation":0,"texture":"#0"},"up":{"uv":[1.6666667,1.5,1.5,1.3333334],"tintindex":0,"rotation":0,"texture":"#0"},"down":{"uv":[1.8333334,1.3333334,1.6666667,1.5],"tintindex":0,"rotation":0,"texture":"#0"}}},{"from":[17.0,11.5,6.0],"to":[19.0,15.5,8.0],"faces":{"east":{"uv":[0.0,0.33333334,0.33333334,1.0],"tintindex":0,"rotation":0,"texture":"#0"},"south":{"uv":[1.0,0.33333334,1.3333334,1.0],"tintindex":0,"rotation":0,"texture":"#0"},"north":{"uv":[0.33333334,0.33333334,0.6666667,1.0],"tintindex":0,"rotation":0,"texture":"#0"},"west":{"uv":[0.6666667,0.33333334,1.0,1.0],"tintindex":0,"rotation":0,"texture":"#0"},"up":{"uv":[0.6666667,0.33333334,0.33333334,0.0],"tintindex":0,"rotation":0,"texture":"#0"},"down":{"uv":[1.0,0.0,0.6666667,0.33333334],"tintindex":0,"rotation":0,"texture":"#0"}},"rotation":{"origin":[18.0,12.5,7.0],"angle":45.0,"axis":"z"}},{"from":[0.6173172,9.92388,3.0],"to":[8.617316,17.92388,15.0],"faces":{"east":{"uv":[0.0,2.0,2.0,3.3333335],"tintindex":0,"rotation":0,"texture":"#0"},"south":{"uv":[6.666667,2.0,5.3333335,3.3333335],"tintindex":0,"rotation":0,"texture":"#0"},"north":{"uv":[2.0,2.0,3.3333335,3.3333335],"tintindex":0,"rotation":0,"texture":"#0"},"west":{"uv":[2.0,2.0,0.0,3.3333335],"tintindex":0,"rotation":0,"texture":"#0"},"up":{"uv":[3.3333335,2.0,2.0,0.0],"tintindex":0,"rotation":0,"texture":"#0"},"down":{"uv":[2.0,0.0,3.3333335,2.0],"tintindex":0,"rotation":0,"texture":"#0"}},"rotation":{"origin":[8.0,8.0,8.0],"angle":-22.5,"axis":"z"}},{"from":[17.0,11.5,10.0],"to":[19.0,15.5,12.0],"faces":{"east":{"uv":[0.0,1.3333334,0.33333334,2.0],"tintindex":0,"rotation":0,"texture":"#0"},"south":{"uv":[1.0,1.3333334,1.3333334,2.0],"tintindex":0,"rotation":0,"texture":"#0"},"north":{"uv":[0.33333334,1.3333334,0.6666667,2.0],"tintindex":0,"rotation":0,"texture":"#0"},"west":{"uv":[0.6666667,1.3333334,1.0,2.0],"tintindex":0,"rotation":0,"texture":"#0"},"up":{"uv":[0.6666667,1.3333334,0.33333334,1.0],"tintindex":0,"rotation":0,"texture":"#0"},"down":{"uv":[1.0,1.0,0.6666667,1.3333334],"tintindex":0,"rotation":0,"texture":"#0"}},"rotation":{"origin":[18.0,12.5,11.0],"angle":45.0,"axis":"z"}},{"from":[18.25,9.5,8.25],"to":[19.25,12.5,9.25],"faces":{"east":{"uv":[1.0,4.3333335,1.1666667,4.8333335],"tintindex":0,"rotation":0,"texture":"#0"},"south":{"uv":[1.5,4.3333335,1.6666667,4.8333335],"tintindex":0,"rotation":0,"texture":"#0"},"north":{"uv":[1.1666667,4.3333335,1.3333334,4.8333335],"tintindex":0,"rotation":0,"texture":"#0"},"west":{"uv":[1.3333334,4.3333335,1.5,4.8333335],"tintindex":0,"rotation":0,"texture":"#0"},"up":{"uv":[1.3333334,4.3333335,1.1666667,4.166667],"tintindex":0,"rotation":0,"texture":"#0"},"down":{"uv":[1.5,4.166667,1.3333334,4.3333335],"tintindex":0,"rotation":0,"texture":"#0"}},"rotation":{"origin":[19.25,9.5,8.75],"angle":-22.5,"axis":"x"}}],"display":{"gui":{"rotation":[30,225,0]}}}