{"elements":[{"from":[13.142858,10.0,6.857143],"to":[14.285715,12.285715,8.0],"rotation":{"angle":45.0,"axis":"z","origin":[13.714286,10.571428,7.428571]},"faces":{"east":{"uv":[0.0,0.33333334,0.33333334,1.0],"rotation":0,"texture":"#0","tintindex":0},"south":{"uv":[1.0,0.33333334,1.3333334,1.0],"rotation":0,"texture":"#0","tintindex":0},"north":{"uv":[0.33333334,0.33333334,0.6666667,1.0],"rotation":0,"texture":"#0","tintindex":0},"west":{"uv":[0.6666667,0.33333334,1.0,1.0],"rotation":0,"texture":"#0","tintindex":0},"up":{"uv":[0.6666667,0.33333334,0.33333334,0.0],"rotation":0,"texture":"#0","tintindex":0},"down":{"uv":[1.0,0.0,0.6666667,0.33333334],"rotation":0,"texture":"#0","tintindex":0}}},{"from":[13.142858,10.0,9.142858],"to":[14.285715,12.285715,10.285714],"rotation":{"angle":45.0,"axis":"z","origin":[13.714286,10.571428,9.714286]},"faces":{"east":{"uv":[0.0,1.3333334,0.33333334,2.0],"rotation":0,"texture":"#0","tintindex":0},"south":{"uv":[1.0,1.3333334,1.3333334,2.0],"rotation":0,"texture":"#0","tintindex":0},"north":{"uv":[0.33333334,1.3333334,0.6666667,2.0],"rotation":0,"texture":"#0","tintindex":0},"west":{"uv":[0.6666667,1.3333334,1.0,2.0],"rotation":0,"texture":"#0","tintindex":0},"up":{"uv":[0.6666667,1.3333334,0.33333334,1.0],"rotation":0,"texture":"#0","tintindex":0},"down":{"uv":[1.0,1.0,0.6666667,1.3333334],"rotation":0,"texture":"#0","tintindex":0}}},{"from":[13.857143,8.857143,8.428572],"to":[14.428572,10.571428,9.0],"rotation":{"angle":22.5,"axis":"x","origin":[14.428572,8.857143,8.714286]},"faces":{"east":{"uv":[4.666667,1.1666667,4.8333335,1.6666667],"rotation":0,"texture":"#0","tintindex":0},"south":{"uv":[5.166667,1.1666667,5.3333335,1.6666667],"rotation":0,"texture":"#0","tintindex":0},"north":{"uv":[4.8333335,1.1666667,5.0,1.6666667],"rotation":0,"texture":"#0","tintindex":0},"west":{"uv":[5.0,1.1666667,5.166667,1.6666667],"rotation":0,"texture":"#0","tintindex":0},"up":{"uv":[5.0,1.1666667,4.8333335,1.0],"rotation":0,"texture":"#0","tintindex":0},"down":{"uv":[5.166667,1.0,5.0,1.1666667],"rotation":0,"texture":"#0","tintindex":0}}},{"from":[13.857143,8.714286,9.428572],"to":[14.428572,10.571428,10.0],"rotation":{"angle":0.0,"axis":"y","origin":[14.428572,8.857143,9.714286]},"faces":{"east":{"uv":[4.666667,4.166667,4.8333335,4.666667],"rotation":0,"texture":"#0","tintindex":0},"south":{"uv":[5.166667,4.166667,5.3333335,4.666667],"rotation":0,"texture":"#0","tintindex":0},"north":{"uv":[4.8333335,4.166667,5.0,4.666667],"rotation":0,"texture":"#0","tintindex":0},"west":{"uv":[5.0,4.166667,5.166667,4.666667],"rotation":0,"texture":"#0","tintindex":0},"up":{"uv":[5.0,4.166667,4.8333335,4.0],"rotation":0,"texture":"#0","tintindex":0},"down":{"uv":[5.166667,4.0,5.0,4.166667],"rotation":0,"texture":"#0","tintindex":0}}},{"from":[13.857143,8.857143,10.428572],"to":[14.428572,10.571428,11.0],"rotation":{"angle":-22.5,"axis":"x","origin":[14.428572,8.857143,10.714286]},"faces":{"east":{"uv":[4.666667,3.5,4.8333335,4.0],"rotation":0,"texture":"#0","tintindex":0},"south":{"uv":[5.166667,3.5,5.3333335,4.0],"rotation":0,"texture":"#0","tintindex":0},"north":{"uv":[4.8333335,3.5,5.0,4.0],"rotation":0,"texture":"#0","tintindex":0},"west":{"uv":[5.0,3.5,5.166667,4.0],"rotation":0,"texture":"#0","tintindex":0},"up":{"uv":[5.0,3.5,4.8333335,3.3333335],"rotation":0,"texture":"#0","tintindex":0},"down":{"uv":[5.166667,3.3333335,5.0,3.5],"rotation":0,"texture":"#0","tintindex":0}}},{"from":[13.857143,8.857143,8.142858],"to":[14.428572,10.571428,8.714286],"rotation":{"angle":-22.5,"axis":"x","origin":[14.428572,8.857143,8.428572]},"faces":{"east":{"uv":[1.0,4.3333335,1.1666667,4.8333335],"rotation":0,"texture":"#0","tintindex":0},"south":{"uv":[1.5,4.3333335,1.6666667,4.8333335],"rotation":0,"texture":"#0","tintindex":0},"north":{"uv":[1.1666667,4.3333335,1.3333334,4.8333335],"rotation":0,"texture":"#0","tintindex":0},"west":{"uv":[1.3333334,4.3333335,1.5,4.8333335],"rotation":0,"texture":"#0","tintindex":0},"up":{"uv":[1.3333334,4.3333335,1.1666667,4.166667],"rotation":0,"texture":"#0","tintindex":0},"down":{"uv":[1.5,4.166667,1.3333334,4.3333335],"rotation":0,"texture":"#0","tintindex":0}}},{"from":[13.857143,8.714286,7.142857],"to":[14.428572,10.571428,7.714286],"rotation":{"angle":0.0,"axis":"y","origin":[14.428572,8.857143,7.428571]},"faces":{"east":{"uv":[1.3333334,1.5,1.5,2.0],"rotation":0,"texture":"#0","tintindex":0},"south":{"uv":[1.8333334,1.5,2.0,2.0],"rotation":0,"texture":"#0","tintindex":0},"north":{"uv":[1.5,1.5,1.6666667,2.0],"rotation":0,"texture":"#0","tintindex":0},"west":{"uv":[1.6666667,1.5,1.8333334,2.0],"rotation":0,"texture":"#0","tintindex":0},"up":{"uv":[1.6666667,1.5,1.5,1.3333334],"rotation":0,"texture":"#0","tintindex":0},"down":{"uv":[1.8333334,1.3333334,1.6666667,1.5],"rotation":0,"texture":"#0","tintindex":0}}},{"from":[13.857143,8.857143,6.142857],"to":[14.428572,10.571428,6.714286],"rotation":{"angle":22.5,"axis":"x","origin":[14.428572,8.857143,6.428571]},"faces":{"east":{"uv":[1.3333334,0.16666667,1.5,0.6666667],"rotation":0,"texture":"#0","tintindex":0},"south":{"uv":[1.8333334,0.16666667,2.0,0.6666667],"rotation":0,"texture":"#0","tintindex":0},"north":{"uv":[0.6666667,10.5,0.8333334,11.0],"rotation":0,"texture":"#0","tintindex":0},"west":{"uv":[1.6666667,0.16666667,1.8333334,0.6666667],"rotation":0,"texture":"#0","tintindex":0},"up":{"uv":[1.6666667,0.16666667,1.5,0.0],"rotation":0,"texture":"#0","tintindex":0},"down":{"uv":[1.8333334,0.0,1.6666667,0.16666667],"rotation":0,"texture":"#0","tintindex":0}}},{"from":[3.7813234,9.0993595,5.142857],"to":[8.352753,13.670789,12.0],"rotation":{"angle":-22.5,"axis":"z","origin":[8.0,8.0,8.0]},"faces":{"east":{"uv":[0.0,2.0,2.0,3.3333335],"rotation":0,"texture":"#0","tintindex":0},"south":{"uv":[6.666667,2.0,5.3333335,3.3333335],"rotation":0,"texture":"#0","tintindex":0},"north":{"uv":[2.0,2.0,3.3333335,3.3333335],"rotation":0,"texture":"#0","tintindex":0},"west":{"uv":[2.0,2.0,0.0,3.3333335],"rotation":0,"texture":"#0","tintindex":0},"up":{"uv":[3.3333335,2.0,2.0,0.0],"rotation":0,"texture":"#0","tintindex":0},"down":{"uv":[2.0,0.0,3.3333335,2.0],"rotation":0,"texture":"#0","tintindex":0}}},{"from":[8.571428,9.428572,6.285714],"to":[13.142858,13.428572,10.857143],"rotation":{"angle":0.0,"axis":"y","origin":[12.571428,8.857143,8.0]},"faces":{"east":{"uv":[5.3333335,3.3333335,6.666667,4.5],"rotation":0,"texture":"#0","tintindex":0},"south":{"uv":[9.333334,3.3333335,10.666667,4.5],"rotation":0,"texture":"#0","tintindex":0},"north":{"uv":[10.666667,3.3333335,9.333334,4.5],"rotation":0,"texture":"#0","tintindex":0},"west":{"uv":[8.0,3.3333335,9.333334,4.5],"rotation":0,"texture":"#0","tintindex":0},"up":{"uv":[8.0,3.3333335,6.666667,2.0],"rotation":0,"texture":"#0","tintindex":0},"down":{"uv":[8.0,2.0,6.666667,3.3333335],"rotation":0,"texture":"#0","tintindex":0}}}],"textures":{"0":"dragonien:entity/steineule"},"display":{"head":{"translation":[0.0,-6.4,0.0],"scale":[4.0,4.0,4.0]}}}