{"elements":[{"from":[-14.857143,8.0,-14.857143],"to":[30.857143,8.0,30.857143],"rotation":{"angle":0.0,"axis":"y","origin":[8.0,8.0,8.0]},"faces":{"east":{"uv":[0.0,0.0,5.0,0.0],"rotation":0,"texture":"#0","tintindex":0},"south":{"uv":[0.0,0.0,5.0,0.0],"rotation":0,"texture":"#0","tintindex":0},"north":{"uv":[0.0,0.0,5.0,0.0],"rotation":0,"texture":"#0","tintindex":0},"west":{"uv":[0.0,0.0,5.0,0.0],"rotation":0,"texture":"#0","tintindex":0},"up":{"uv":[15.0,5.0,10.0,0.0],"rotation":0,"texture":"#0","tintindex":0},"down":{"uv":[15.0,0.0,10.0,5.0],"rotation":0,"texture":"#0","tintindex":0}}}],"textures":{"0":"dragonien:entity/rings"},"display":{"head":{"translation":[0.0,-6.4,0.0],"scale":[4.0,4.0,4.0]}}}