{"textures":{"0":"dragonien:entity/slash"},"elements":[{"from":[-10.285715,12.571428,-10.285715],"to":[26.285715,12.571428,26.285715],"rotation":{"angle":0.0,"axis":"y","origin":[8.0,8.0,8.0]},"faces":{"east":{"uv":[0.0,0.0,6.0,0.0],"rotation":0,"texture":"#0","tintindex":0},"south":{"uv":[0.0,0.0,6.0,0.0],"rotation":0,"texture":"#0","tintindex":0},"north":{"uv":[0.0,0.0,6.0,0.0],"rotation":0,"texture":"#0","tintindex":0},"west":{"uv":[0.0,0.0,6.0,0.0],"rotation":0,"texture":"#0","tintindex":0},"up":{"uv":[10.666667,0.0,16.0,5.3333335],"rotation":0,"texture":"#0","tintindex":0},"down":{"uv":[10.666667,5.3333335,16.0,0.0],"rotation":0,"texture":"#0","tintindex":0}}}],"display":{"head":{"translation":[0.0,-6.4,0.0],"scale":[4.0,4.0,4.0]}}}