{
	"credit": "Made by Dragoncraft000",
	"texture_size": [48, 48],
	"textures": {
		"0": "custom/weapons/berserker/eisenzorn",
		"particle": "custom/weapons/berserker/eisenzorn"
	},
	"elements": [
		{
			"name": "Schaft",
			"from": [5, 7, 6],
			"to": [7, 24, 8],
			"rotation": {"angle": 0, "axis": "y", "origin": [6, 17.83839, 6.75]},
			"faces": {
				"north": {"uv": [0, 3, 0.66667, 8.66667], "texture": "#0"},
				"east": {"uv": [0.66667, 3, 1.33333, 8.66667], "texture": "#0"},
				"south": {"uv": [1.33333, 3, 2, 8.66667], "texture": "#0"},
				"west": {"uv": [2, 3, 2.66667, 8.66667], "texture": "#0"},
				"up": {"uv": [9, 7.33333, 8.33333, 6.66667], "texture": "#0"},
				"down": {"uv": [10.33333, 6, 9.66667, 6.66667], "texture": "#0"}
			}
		},
		{
			"name": "Kopf",
			"from": [4.5, 24.5, 11],
			"to": [7.5, 28.5, 15],
			"rotation": {"angle": 0, "axis": "y", "origin": [6, 17.83839, 6.75]},
			"faces": {
				"north": {"uv": [1.33333, 8.66667, 2.33333, 10], "texture": "#0"},
				"east": {"uv": [7, 6, 8.33333, 7.33333], "texture": "#0"},
				"south": {"uv": [2.33333, 8.66667, 3.33333, 10], "texture": "#0"},
				"west": {"uv": [6.66667, 7.33333, 8, 8.66667], "texture": "#0"},
				"up": {"uv": [7.66667, 10, 6.66667, 8.66667], "texture": "#0"},
				"down": {"uv": [8.66667, 8.66667, 7.66667, 10], "texture": "#0"}
			}
		},
		{
			"name": "Kopf",
			"from": [4.5, 24, 3],
			"to": [7.5, 29, 9],
			"rotation": {"angle": 0, "axis": "y", "origin": [6, 17.83839, 6.75]},
			"faces": {
				"north": {"uv": [6, 4, 7, 5.66667], "texture": "#0"},
				"east": {"uv": [2.66667, 3, 4.66667, 4.66667], "texture": "#0"},
				"south": {"uv": [7.66667, 1.33333, 8.66667, 3], "texture": "#0"},
				"west": {"uv": [3.33333, 0, 5.33333, 1.66667], "texture": "#0"},
				"up": {"uv": [3.66667, 8.66667, 2.66667, 6.66667], "texture": "#0"},
				"down": {"uv": [8, 4, 7, 6], "texture": "#0"}
			}
		},
		{
			"name": "Kopf",
			"from": [5.5, 25, 9],
			"to": [6.5, 28, 11],
			"rotation": {"angle": 0, "axis": "y", "origin": [6, 17.83839, 6.75]},
			"faces": {
				"north": {"uv": [3.66667, 6.66667, 4, 7.66667], "texture": "#0"},
				"east": {"uv": [1.66667, 10, 2.33333, 11], "texture": "#0"},
				"south": {"uv": [7.66667, 3, 8, 4], "texture": "#0"},
				"west": {"uv": [2.33333, 10, 3, 11], "texture": "#0"},
				"up": {"uv": [9, 2.66667, 8.66667, 2], "texture": "#0"},
				"down": {"uv": [6, 10, 5.66667, 10.66667], "texture": "#0"}
			}
		},
		{
			"name": "Kopf",
			"from": [5, 22, -2],
			"to": [7, 31, 3],
			"rotation": {"angle": 0, "axis": "y", "origin": [6, 17.83839, 6.75]},
			"faces": {
				"north": {"uv": [5.33333, 7, 6, 10], "texture": "#0"},
				"east": {"uv": [3.33333, 0, 1.66667, 3], "texture": "#0"},
				"south": {"uv": [6, 7, 6.66667, 10], "texture": "#0"},
				"west": {"uv": [1.66667, 0, 3.33333, 3], "texture": "#0"},
				"up": {"uv": [9.66667, 5.33333, 9, 3.66667], "texture": "#0"},
				"down": {"uv": [4.66667, 9, 4, 10.66667], "texture": "#0"}
			}
		},
		{
			"name": "Kopf",
			"from": [5.5, 21.10952, -8.54931],
			"to": [6.5, 27.10952, -4.54931],
			"rotation": {"angle": 45, "axis": "x", "origin": [6, 17.83839, 6.75]},
			"faces": {
				"north": {"uv": [9.66667, 2, 10, 4], "texture": "#0"},
				"east": {"uv": [4, 4.66667, 2.66667, 6.66667], "texture": "#0"},
				"south": {"uv": [9.66667, 4, 10, 6], "texture": "#0"},
				"west": {"uv": [2.66667, 4.66667, 4, 6.66667], "texture": "#0"},
				"up": {"uv": [3.33333, 11.33333, 3, 10], "texture": "#0"},
				"down": {"uv": [10.33333, 3, 10, 4.33333], "texture": "#0"}
			}
		},
		{
			"name": "Kopf",
			"from": [5.5, 20.75597, 3.70006],
			"to": [6.5, 26.75597, 7.70006],
			"rotation": {"angle": -45, "axis": "x", "origin": [6, 17.83839, 6.75]},
			"faces": {
				"north": {"uv": [10, 1, 10.33333, 3], "texture": "#0"},
				"east": {"uv": [5.33333, 5.66667, 4, 7.66667], "texture": "#0"},
				"south": {"uv": [1.33333, 10, 1.66667, 12], "texture": "#0"},
				"west": {"uv": [4, 5.66667, 5.33333, 7.66667], "texture": "#0"},
				"up": {"uv": [10.33333, 5.66667, 10, 4.33333], "texture": "#0"},
				"down": {"uv": [5.66667, 10, 5.33333, 11.33333], "texture": "#0"}
			}
		},
		{
			"name": "Knaufvorne",
			"from": [5, 3.69548, 6.46909],
			"to": [7, 7.69548, 11.46909],
			"rotation": {"angle": 22.5, "axis": "x", "origin": [6, 17.83839, 6.75]},
			"faces": {
				"north": {"uv": [0, 9.66667, 0.66667, 11], "texture": "#0"},
				"east": {"uv": [7.66667, 2.66667, 6, 4], "texture": "#0"},
				"south": {"uv": [0.66667, 9.66667, 1.33333, 11], "texture": "#0"},
				"west": {"uv": [6, 2.66667, 7.66667, 4], "texture": "#0"},
				"up": {"uv": [9.66667, 3.66667, 9, 2], "texture": "#0"},
				"down": {"uv": [4, 9, 3.33333, 10.66667], "texture": "#0"}
			}
		},
		{
			"name": "Knaufhinten",
			"from": [5, 3.50414, 2.49285],
			"to": [7, 7.50414, 7.49285],
			"rotation": {"angle": -22.5, "axis": "x", "origin": [6, 17.83839, 6.75]},
			"faces": {
				"north": {"uv": [4.66667, 9.33333, 5.33333, 10.66667], "texture": "#0"},
				"east": {"uv": [7, 5.66667, 5.33333, 7], "texture": "#0"},
				"south": {"uv": [9.33333, 8.66667, 10, 10], "texture": "#0"},
				"west": {"uv": [5.33333, 5.66667, 7, 7], "texture": "#0"},
				"up": {"uv": [5.33333, 9.33333, 4.66667, 7.66667], "texture": "#0"},
				"down": {"uv": [9.33333, 8.66667, 8.66667, 10.33333], "texture": "#0"}
			}
		},
		{
			"name": "Knaufoben",
			"from": [4, 5, 5],
			"to": [8, 8, 9],
			"rotation": {"angle": 0, "axis": "y", "origin": [6, 17.83839, 6.75]},
			"faces": {
				"north": {"uv": [8.33333, 0, 9.66667, 1], "texture": "#0"},
				"east": {"uv": [10, 1, 8.66667, 2], "texture": "#0"},
				"south": {"uv": [0, 8.66667, 1.33333, 9.66667], "texture": "#0"},
				"west": {"uv": [8.66667, 1, 10, 2], "texture": "#0"},
				"up": {"uv": [4.66667, 3, 3.33333, 1.66667], "texture": "#0"},
				"down": {"uv": [8.33333, 0, 7, 1.33333], "texture": "#0"}
			}
		},
		{
			"name": "Knaufunten",
			"from": [4.5, 2, 5.5],
			"to": [7.5, 6, 8.5],
			"rotation": {"angle": 0, "axis": "y", "origin": [6, 17.83839, 6.75]},
			"faces": {
				"north": {"uv": [3.66667, 7.66667, 4.66667, 9], "texture": "#0"},
				"east": {"uv": [8, 3, 9, 4.33333], "texture": "#0"},
				"south": {"uv": [8, 4.33333, 9, 5.66667], "texture": "#0"},
				"west": {"uv": [8, 7.33333, 9, 8.66667], "texture": "#0"},
				"up": {"uv": [10, 7.66667, 9, 6.66667], "texture": "#0"},
				"down": {"uv": [10, 7.66667, 9, 8.66667], "texture": "#0"}
			}
		}
	],
	"gui_light": "front",
	"display": {
		"thirdperson_righthand": {
			"translation": [2, -5, 3]
		},
		"thirdperson_lefthand": {
			"translation": [-2, -5, 3]
		},
		"firstperson_righthand": {
			"translation": [4, -3, 0],
			"scale": [0.5, 0.5, 0.5]
		},
		"firstperson_lefthand": {
			"translation": [4, -3, 0],
			"scale": [0.5, 0.5, 0.5]
		},
		"gui": {
			"rotation": [-90, -45, -90],
			"translation": [-6.5, -4, 0],
			"scale": [0.75, 0.75, 0.75]
		},
		"head": {
			"rotation": [0, 0, 90],
			"translation": [-27.5, -20, 0],
			"scale": [2, 2, 2]
		},
		"fixed": {
			"rotation": [-90, 45, 90],
			"translation": [3.75, -3.75, -4],
			"scale": [0.5, 0.5, 0.5]
		}
	},
	"groups": [
		0,
		{
			"name": "Kopf",
			"origin": [6, 17.83839, 6.75],
			"color": 0,
			"nbt": "{}",
			"children": [1, 2, 3, 4, 5, 6]
		},
		{
			"name": "Knauf",
			"origin": [6, 17.83839, 6.75],
			"color": 0,
			"nbt": "{}",
			"children": [7, 8, 9, 10]
		}
	]
}