{
	"credit": "Made by Dragoncraft000",
	"texture_size": [32, 32],
	"textures": {
		"1": "custom/weapons/berserker/starter_axe"
	},
	"elements": [
		{
			"from": [6.5, -10.001, 6.999],
			"to": [9.502, -6.999, 9.001],
			"rotation": {"angle": 45, "axis": "z", "origin": [8.001, -8.5, 8]},
			"faces": {
				"north": {"uv": [8, 9, 9.5, 10.5], "texture": "#1"},
				"east": {"uv": [7, 2.5, 8, 4], "texture": "#1"},
				"south": {"uv": [4, 9.5, 5.5, 11], "texture": "#1"},
				"west": {"uv": [9.5, 9.5, 10.5, 11], "texture": "#1"},
				"up": {"uv": [11.5, 3.5, 10, 2.5], "texture": "#1"},
				"down": {"uv": [11.5, 3.5, 10, 4.5], "texture": "#1"}
			}
		},
		{
			"from": [7, -8, 7],
			"to": [9, 15, 9],
			"rotation": {"angle": 0, "axis": "y", "origin": [0, 21.8, 0]},
			"faces": {
				"north": {"uv": [0, 0, 1, 11.5], "texture": "#1"},
				"east": {"uv": [1, 0, 2, 11.5], "texture": "#1"},
				"south": {"uv": [2, 0, 3, 11.5], "texture": "#1"},
				"west": {"uv": [3, 0, 4, 11.5], "texture": "#1"},
				"up": {"uv": [11.5, 9, 10.5, 8], "texture": "#1"},
				"down": {"uv": [11.5, 9.5, 10.5, 10.5], "texture": "#1"}
			}
		},
		{
			"from": [-1.10085, 4.10047, 7.498],
			"to": [2.90315, 9.10447, 8.502],
			"rotation": {"angle": 22.5, "axis": "z", "origin": [-1.11885, 9.08247, 7.443]},
			"faces": {
				"north": {"uv": [7, 0, 9, 2.5], "texture": "#1"},
				"east": {"uv": [7.5, 9.5, 8, 12], "texture": "#1"},
				"south": {"uv": [4, 7, 6, 9.5], "texture": "#1"},
				"west": {"uv": [10.5, 4.5, 11, 7], "texture": "#1"},
				"up": {"uv": [12.5, 11, 10.5, 10.5], "texture": "#1"},
				"down": {"uv": [13, 4.5, 11, 5], "texture": "#1"}
			}
		},
		{
			"from": [-1.10941, 9.10351, 7.497],
			"to": [2.89659, 14.10951, 8.503],
			"rotation": {"angle": 0, "axis": "y", "origin": [-1.11641, 14.09651, 7.472]},
			"faces": {
				"north": {"uv": [6, 7, 8, 9.5], "texture": "#1"},
				"east": {"uv": [8, 10.5, 8.5, 13], "texture": "#1"},
				"south": {"uv": [8, 2.5, 10, 5], "texture": "#1"},
				"west": {"uv": [8.5, 10.5, 9, 13], "texture": "#1"},
				"up": {"uv": [13, 5.5, 11, 5], "texture": "#1"},
				"down": {"uv": [13, 5.5, 11, 6], "texture": "#1"}
			}
		},
		{
			"from": [2.349, 10.539, 7.499],
			"to": [7.351, 14.541, 8.501],
			"rotation": {"angle": 45, "axis": "z", "origin": [6.32, 10.51, 7]},
			"faces": {
				"north": {"uv": [8, 5, 10.5, 7], "texture": "#1"},
				"east": {"uv": [9, 10.5, 9.5, 12.5], "texture": "#1"},
				"south": {"uv": [8, 7, 10.5, 9], "texture": "#1"},
				"west": {"uv": [4, 11, 4.5, 13], "texture": "#1"},
				"up": {"uv": [13, 7.5, 10.5, 7], "texture": "#1"},
				"down": {"uv": [13, 7.5, 10.5, 8], "texture": "#1"}
			}
		},
		{
			"from": [-1.714, 11.036, 7.496],
			"to": [6.294, 14.044, 8.504],
			"rotation": {"angle": -22.5, "axis": "z", "origin": [6.3, 11.05, 7.5]},
			"faces": {
				"north": {"uv": [4, 4, 8, 5.5], "texture": "#1"},
				"east": {"uv": [2, 11.5, 2.5, 13], "texture": "#1"},
				"south": {"uv": [4, 5.5, 8, 7], "texture": "#1"},
				"west": {"uv": [2.5, 11.5, 3, 13], "texture": "#1"},
				"up": {"uv": [13, 2.5, 9, 2], "texture": "#1"},
				"down": {"uv": [13.5, 9, 9.5, 9.5], "texture": "#1"}
			}
		},
		{
			"from": [3.989, 9.99, 6.99],
			"to": [10.009, 14.01, 9.01],
			"rotation": {"angle": 0, "axis": "y", "origin": [9.499, 9.801, 8.001]},
			"faces": {
				"north": {"uv": [4, 0, 7, 2], "texture": "#1"},
				"east": {"uv": [5.5, 9.5, 6.5, 11.5], "texture": "#1"},
				"south": {"uv": [4, 2, 7, 4], "texture": "#1"},
				"west": {"uv": [6.5, 9.5, 7.5, 11.5], "texture": "#1"},
				"up": {"uv": [12, 1, 9, 0], "texture": "#1"},
				"down": {"uv": [12, 1, 9, 2], "texture": "#1"}
			}
		},
		{
			"from": [9.989, 11.99, 6.99],
			"to": [12.009, 14.01, 9.01],
			"rotation": {"angle": 0, "axis": "y", "origin": [9.999, 11.801, 8]},
			"faces": {
				"north": {"uv": [4.5, 11, 5.5, 12], "texture": "#1"},
				"east": {"uv": [11, 6, 12, 7], "texture": "#1"},
				"south": {"uv": [9.5, 11, 10.5, 12], "texture": "#1"},
				"west": {"uv": [10.5, 11, 11.5, 12], "texture": "#1"},
				"up": {"uv": [1, 12.5, 0, 11.5], "texture": "#1"},
				"down": {"uv": [2, 11.5, 1, 12.5], "texture": "#1"}
			}
		}
	],
	"gui_light": "front",
	"display": {
		"thirdperson_righthand": {
			"rotation": [0, -90, 0],
			"translation": [0, 3.75, 1.25],
			"scale": [0.6, 0.6, 0.6]
		},
		"thirdperson_lefthand": {
			"rotation": [0, 90, 0],
			"translation": [0, 3.75, 1.25],
			"scale": [0.6, 0.6, 0.6]
		},
		"firstperson_righthand": {
			"rotation": [0, -90, 0],
			"translation": [2, 3.25, 0],
			"scale": [0.6, 0.6, 0.6]
		},
		"firstperson_lefthand": {
			"rotation": [0, 90, 0],
			"translation": [2, 3.25, 0],
			"scale": [0.6, 0.6, 0.6]
		},
		"ground": {
			"rotation": [0, 0, -45],
			"translation": [2.5, 7, 0],
			"scale": [0.5, 0.5, 0.5]
		},
		"gui": {
			"rotation": [0, 0, -45],
			"translation": [1.75, 0.75, -0.75],
			"scale": [0.55, 0.55, 0.55]
		},
		"head": {
			"rotation": [90, 0, 90],
			"translation": [-52.5, -25, 0],
			"scale": [2, 2, 2]
		},
		"fixed": {
			"rotation": [0, -180, -45],
			"translation": [-2.25, 1, -0.75],
			"scale": [0.7, 0.7, 0.7]
		}
	},
	"groups": [
		{
			"name": "axe",
			"origin": [8, 8, 8],
			"color": 0,
			"nbt": "{}",
			"children": [
				{
					"name": "pommel",
					"origin": [8, 8, 8],
					"color": 0,
					"nbt": "{}",
					"children": [0]
				},
				{
					"name": "grip",
					"origin": [8, 8, 8],
					"color": 0,
					"nbt": "{}",
					"children": [
						1,
						{
							"name": "handle",
							"origin": [8, 8, 8],
							"color": 0,
							"nbt": "{}",
							"children": []
						}
					]
				},
				{
					"name": "guard",
					"origin": [8, 8, 8],
					"color": 0,
					"nbt": "{}",
					"children": [
						{
							"name": "cross-guard",
							"origin": [8, 8, 8],
							"color": 0,
							"nbt": "{}",
							"children": [
								{
									"name": "gem",
									"origin": [8, 8, 8],
									"color": 0,
									"nbt": "{}",
									"children": []
								},
								{
									"name": "blade",
									"origin": [8, 8, 8],
									"color": 0,
									"nbt": "{}",
									"children": [2, 3, 4, 5, 6, 7]
								}
							]
						}
					]
				}
			]
		}
	]
}