{
  "credit": "Made by Dragoncraft000",
  "parent": "item/generated",
  "textures": 
  {
    "layer0": "item/armor_stand"
  },


  "overrides":
  [
      {
          "predicate":
          {
              "custom_model_data": 1
          },
              "model": "custom/vfx/assassine/base/slash_1"
      },
      {
          "predicate":
          {
              "custom_model_data": 2
          },
              "model": "custom/vfx/assassine/base/slash_2"
      },
      {
          "predicate":
          {
              "custom_model_data": 3
          },
              "model": "custom/vfx/assassine/base/slash_3"
      },
      {
          "predicate":
          {
              "custom_model_data": 4
          },
              "model": "custom/vfx/assassine/base/slash_4"
      },
      {
          "predicate":
          {
              "custom_model_data": 5
          },
              "model": "custom/vfx/assassine/base/slash_5"
      },

      {
        "predicate":
        {
            "custom_model_data": 6
        },
            "model": "custom/vfx/berserker/first/berserker_first_spike"
      },


      {
        "predicate":
        {
            "custom_model_data": 51
        },
            "model": "custom/vfx/berserker/base/slash_1_right_5"
      },
      {
        "predicate":
        {
            "custom_model_data": 52
        },
            "model": "custom/vfx/berserker/base/slash_2_right_5"
      },
      {
        "predicate":
        {
            "custom_model_data": 53
        },
            "model": "custom/vfx/berserker/base/slash_3_right_5"
      },
      {
        "predicate":
        {
            "custom_model_data": 54
        },
            "model": "custom/vfx/berserker/base/slash_4_right_5"
      },
      {
        "predicate":
        {
            "custom_model_data": 55
        },
            "model": "custom/vfx/berserker/base/slash_5_right_5"
      },
      {
        "predicate":
        {
            "custom_model_data": 56
        },
            "model": "custom/vfx/berserker/base/slash_6_right_5"
      },
      {
        "predicate":
        {
            "custom_model_data": 57
        },
            "model": "custom/vfx/berserker/base/slash_7_right_5"
      },
	  
	  
	  {
        "predicate":
        {
            "custom_model_data": 61
        },
            "model": "custom/vfx/berserker/movement/impact_1"
      },
	  {
        "predicate":
        {
            "custom_model_data": 62
        },
            "model": "custom/vfx/berserker/movement/impact_2"
      },
	  {
        "predicate":
        {
            "custom_model_data": 63
        },
            "model": "custom/vfx/berserker/movement/impact_3"
      },
	  {
        "predicate":
        {
            "custom_model_data": 64
        },
            "model": "custom/vfx/berserker/movement/impact_4"
      },
	  {
        "predicate":
        {
            "custom_model_data": 65
        },
            "model": "custom/vfx/berserker/movement/impact_5"
      },
	  {
        "predicate":
        {
            "custom_model_data": 66
        },
            "model": "custom/vfx/berserker/movement/impact_6"
      },
	  {
        "predicate":
        {
            "custom_model_data": 67
        },
            "model": "custom/vfx/berserker/movement/impact_7"
      }

      
	  
  ]
}