{
  "credit": "Made by Dragoncraft000",
  "parent": "item/generated",
  "textures": 
  {
    "layer0": "item/armor_stand"
  },


  "overrides":
  [
      {
          "predicate":
          {
              "custom_model_data": 1
          },
              "model": "custom/vfx/assassin/base/slash_1"
      },
      {
          "predicate":
          {
              "custom_model_data": 2
          },
              "model": "custom/vfx/assassin/base/slash_2"
      },
      {
          "predicate":
          {
              "custom_model_data": 3
          },
              "model": "custom/vfx/assassin/base/slash_3"
      },
      {
          "predicate":
          {
              "custom_model_data": 4
          },
              "model": "custom/vfx/assassin/base/slash_4"
      },
      {
          "predicate":
          {
              "custom_model_data": 5
          },
              "model": "custom/vfx/assassin/base/slash_5"
      },
      {
          "predicate":
          {
              "custom_model_data": 6
          },
              "model": "custom/vfx/assassin/base/slash_6"
      },

      {
        "predicate":
        {
            "custom_model_data": 41
        },
            "model": "custom/vfx/berserk/first/berserk_first_spike"
      },


      {
        "predicate":
        {
            "custom_model_data": 51
        },
            "model": "custom/vfx/berserk/base/slash_1_right_5"
      },
      {
        "predicate":
        {
            "custom_model_data": 52
        },
            "model": "custom/vfx/berserk/base/slash_2_right_5"
      },
      {
        "predicate":
        {
            "custom_model_data": 53
        },
            "model": "custom/vfx/berserk/base/slash_3_right_5"
      },
      {
        "predicate":
        {
            "custom_model_data": 54
        },
            "model": "custom/vfx/berserk/base/slash_4_right_5"
      },
      {
        "predicate":
        {
            "custom_model_data": 55
        },
            "model": "custom/vfx/berserk/base/slash_5_right_5"
      },
      {
        "predicate":
        {
            "custom_model_data": 56
        },
            "model": "custom/vfx/berserk/base/slash_6_right_5"
      },
      {
        "predicate":
        {
            "custom_model_data": 57
        },
            "model": "custom/vfx/berserk/base/slash_7_right_5"
      },
	  
	  
	  {
        "predicate":
        {
            "custom_model_data": 61
        },
            "model": "custom/vfx/berserk/movement/impact_1"
      },
	  {
        "predicate":
        {
            "custom_model_data": 62
        },
            "model": "custom/vfx/berserk/movement/impact_2"
      },
	  {
        "predicate":
        {
            "custom_model_data": 63
        },
            "model": "custom/vfx/berserk/movement/impact_3"
      },
	  {
        "predicate":
        {
            "custom_model_data": 64
        },
            "model": "custom/vfx/berserk/movement/impact_4"
      },
	  {
        "predicate":
        {
            "custom_model_data": 65
        },
            "model": "custom/vfx/berserk/movement/impact_5"
      },
	  {
        "predicate":
        {
            "custom_model_data": 66
        },
            "model": "custom/vfx/berserk/movement/impact_6"
      },
	  {
        "predicate":
        {
            "custom_model_data": 67
        },
            "model": "custom/vfx/berserk/movement/impact_7"
      },
	  
	  
	  
	  {
        "predicate":
        {
            "custom_model_data": 101
        },
            "model": "custom/vfx/archer/arrow"
      },
	  
	  {
        "predicate":
        {
            "custom_model_data": 111
        },
            "model": "custom/vfx/archer/second/arrow_hit_1"
      },
	  {
        "predicate":
        {
            "custom_model_data": 112
        },
            "model": "custom/vfx/archer/second/arrow_hit_2"
      },
	  {
        "predicate":
        {
            "custom_model_data": 113
        },
            "model": "custom/vfx/archer/second/arrow_hit_3"
      },
	  {
        "predicate":
        {
            "custom_model_data": 114
        },
            "model": "custom/vfx/archer/second/arrow_hit_4"
      },
	  {
        "predicate":
        {
            "custom_model_data": 115
        },
            "model": "custom/vfx/archer/second/arrow_hit_5"
      },
	  {
        "predicate":
        {
            "custom_model_data": 116
        },
            "model": "custom/vfx/archer/second/arrow_hit_6"
      },
	  {
        "predicate":
        {
            "custom_model_data": 117
        },
            "model": "custom/vfx/archer/second/arrow_hit_7"
      },
	  {
        "predicate":
        {
            "custom_model_data": 120
        },
            "model": "custom/vfx/archer/base/arrow_base"
      },
	  
	  
	  {
        "predicate":
        {
            "custom_model_data": 201
        },
            "model": "custom/vfx/mage/movement/blink_1"
      },
	  {
        "predicate":
        {
            "custom_model_data": 202
        },
            "model": "custom/vfx/mage/movement/blink_2"
      }, 
	  {
        "predicate":
        {
            "custom_model_data": 203
        },
            "model": "custom/vfx/mage/movement/blink_3"
      },
	  {
        "predicate":
        {
            "custom_model_data": 204
        },
            "model": "custom/vfx/mage/movement/blink_4"
      },
	  {
        "predicate":
        {
            "custom_model_data": 205
        },
            "model": "custom/vfx/mage/movement/blink_5"
      },
	  {
        "predicate":
        {
            "custom_model_data": 206
        },
            "model": "custom/vfx/mage/movement/blink_6"
      },
	  
	  
	  
	  
	  
	  
	  {
        "predicate":
        {
            "custom_model_data": 210
        },
            "model": "custom/vfx/mage/ice_ball"
      },  
	  {
        "predicate":
        {
            "custom_model_data": 220
        },
            "model": "custom/vfx/mage/arcane_storm"
      },
	  {
        "predicate":
        {
            "custom_model_data": 221
        },
            "model": "custom/vfx/mage/arcane_storm_outer"
      },
	  
	  
	  {
        "predicate":
        {
            "custom_model_data": 230
        },
            "model": "custom/vfx/mage/mage_shift"
      }
      
	  
  ]
}