{
  "credit": "Made by Dragoncraft000",
  "parent": "item/generated",
  "textures": 
  {
    "layer0": "item/map"
  },


  "overrides":
  [
      {
          "predicate":
          {
              "custom_model_data": 1
          },
              "model": "custom/props/chests/chest_1"
      },
      {
          "predicate":
          {
              "custom_model_data": 2
          },
              "model": "custom/props/chests/chest_2"
      },
      {
          "predicate":
          {
              "custom_model_data": 3
          },
              "model": "custom/props/chests/chest_3"
      },
      {
          "predicate":
          {
              "custom_model_data": 4
          },
              "model": "custom/props/chests/chest_4"
      },
      {
          "predicate":
          {
              "custom_model_data": 5
          },
              "model": "custom/props/chests/chest_5"
      }

  ]
}