{
  "credit": "Made by Dragoncraft000",
  "parent": "item/generated",
  "textures": 
  {
    "layer0": "item/iron_sword"
  },


  "overrides":
  [
      {
          "predicate":
          {
              "custom_model_data": 1
          },
              "model": "custom/weapons/assassin/starter_dagger"
      },
      {
          "predicate":
          {
              "custom_model_data": 2
          },
              "model": "custom/weapons/assassin/sword_ruby"
      }
  ]
}