{"parent":"minecraft:item/generated","textures":{"layer0":"minecraft:item/leather_horse_armor"},"overrides":[{"predicate":{"custom_model_data":1},"model":"dragonien:berserker_slash/1"},{"predicate":{"custom_model_data":2},"model":"dragonien:berserker_slash/2"},{"predicate":{"custom_model_data":3},"model":"dragonien:berserker_slash/3"},{"predicate":{"custom_model_data":4},"model":"dragonien:berserker_slash/4"},{"predicate":{"custom_model_data":5},"model":"dragonien:berserker_slash/5"},{"predicate":{"custom_model_data":6},"model":"dragonien:kraeutertisch_painted/tisch"},{"predicate":{"custom_model_data":7},"model":"dragonien:kraeutertisch_painted/book"},{"predicate":{"custom_model_data":8},"model":"dragonien:kraeutertisch_painted/tischbein3"},{"predicate":{"custom_model_data":9},"model":"dragonien:kraeutertisch_painted/tischbein2"},{"predicate":{"custom_model_data":10},"model":"dragonien:kraeutertisch_painted/tischbein1"},{"predicate":{"custom_model_data":11},"model":"dragonien:skyblast/top_ring"},{"predicate":{"custom_model_data":12},"model":"dragonien:skyblast/middle_ring"},{"predicate":{"custom_model_data":13},"model":"dragonien:skyblast/bottom_ring"},{"predicate":{"custom_model_data":14},"model":"dragonien:velociraptor/body"},{"predicate":{"custom_model_data":15},"model":"dragonien:velociraptor/bone2"},{"predicate":{"custom_model_data":16},"model":"dragonien:velociraptor/bone3"},{"predicate":{"custom_model_data":17},"model":"dragonien:velociraptor/bone"},{"predicate":{"custom_model_data":18},"model":"dragonien:velociraptor/neck"},{"predicate":{"custom_model_data":19},"model":"dragonien:velociraptor/jaws"},{"predicate":{"custom_model_data":20},"model":"dragonien:velociraptor/skull"},{"predicate":{"custom_model_data":21},"model":"dragonien:velociraptor/arm"},{"predicate":{"custom_model_data":22},"model":"dragonien:velociraptor/finger"},{"predicate":{"custom_model_data":23},"model":"dragonien:velociraptor/finger2"},{"predicate":{"custom_model_data":24},"model":"dragonien:velociraptor/arm2"},{"predicate":{"custom_model_data":25},"model":"dragonien:velociraptor/leftleg2"},{"predicate":{"custom_model_data":26},"model":"dragonien:velociraptor/lefleg3"},{"predicate":{"custom_model_data":27},"model":"dragonien:velociraptor/lefleg4"},{"predicate":{"custom_model_data":28},"model":"dragonien:velociraptor/feet"},{"predicate":{"custom_model_data":29},"model":"dragonien:velociraptor/leg2"},{"predicate":{"custom_model_data":30},"model":"dragonien:velociraptor/leg3"},{"predicate":{"custom_model_data":31},"model":"dragonien:velociraptor/leg4"},{"predicate":{"custom_model_data":32},"model":"dragonien:velociraptor/feet2"},{"predicate":{"custom_model_data":33},"model":"dragonien:windrazor/windrazor"},{"predicate":{"custom_model_data":1000},"model":"dragonien:commonchest/box"},{"predicate":{"custom_model_data":1001},"model":"dragonien:commonchest/klappe"},{"predicate":{"custom_model_data":1002},"model":"dragonien:commonchest/schloss"}]}