{"parent":"minecraft:item/generated","textures":{"layer0":"minecraft:item/leather_horse_armor"},"overrides":[{"predicate":{"custom_model_data":1},"model":"dragonien:211029_dragon/body"},{"predicate":{"custom_model_data":2},"model":"dragonien:211029_dragon/tail"},{"predicate":{"custom_model_data":3},"model":"dragonien:211029_dragon/group30"},{"predicate":{"custom_model_data":4},"model":"dragonien:211029_dragon/group29"},{"predicate":{"custom_model_data":5},"model":"dragonien:211029_dragon/group28"},{"predicate":{"custom_model_data":6},"model":"dragonien:211029_dragon/group27"},{"predicate":{"custom_model_data":7},"model":"dragonien:211029_dragon/fleg"},{"predicate":{"custom_model_data":8},"model":"dragonien:211029_dragon/group10"},{"predicate":{"custom_model_data":9},"model":"dragonien:211029_dragon/claw"},{"predicate":{"custom_model_data":10},"model":"dragonien:211029_dragon/finger_0"},{"predicate":{"custom_model_data":11},"model":"dragonien:211029_dragon/group9"},{"predicate":{"custom_model_data":12},"model":"dragonien:211029_dragon/finger_1"},{"predicate":{"custom_model_data":13},"model":"dragonien:211029_dragon/group8"},{"predicate":{"custom_model_data":14},"model":"dragonien:211029_dragon/finger_2"},{"predicate":{"custom_model_data":15},"model":"dragonien:211029_dragon/group7"},{"predicate":{"custom_model_data":16},"model":"dragonien:211029_dragon/fleg2"},{"predicate":{"custom_model_data":17},"model":"dragonien:211029_dragon/group11"},{"predicate":{"custom_model_data":18},"model":"dragonien:211029_dragon/claw2"},{"predicate":{"custom_model_data":19},"model":"dragonien:211029_dragon/finger_3"},{"predicate":{"custom_model_data":20},"model":"dragonien:211029_dragon/group12"},{"predicate":{"custom_model_data":21},"model":"dragonien:211029_dragon/finger_4"},{"predicate":{"custom_model_data":22},"model":"dragonien:211029_dragon/group13"},{"predicate":{"custom_model_data":23},"model":"dragonien:211029_dragon/finger_5"},{"predicate":{"custom_model_data":24},"model":"dragonien:211029_dragon/group14"},{"predicate":{"custom_model_data":25},"model":"dragonien:211029_dragon/neck"},{"predicate":{"custom_model_data":26},"model":"dragonien:211029_dragon/group6"},{"predicate":{"custom_model_data":27},"model":"dragonien:211029_dragon/group5"},{"predicate":{"custom_model_data":28},"model":"dragonien:211029_dragon/fan"},{"predicate":{"custom_model_data":29},"model":"dragonien:211029_dragon/fan2"},{"predicate":{"custom_model_data":30},"model":"dragonien:211029_dragon/head"},{"predicate":{"custom_model_data":31},"model":"dragonien:211029_dragon/eyebrow"},{"predicate":{"custom_model_data":32},"model":"dragonien:211029_dragon/group"},{"predicate":{"custom_model_data":33},"model":"dragonien:211029_dragon/group3"},{"predicate":{"custom_model_data":34},"model":"dragonien:211029_dragon/upmouse"},{"predicate":{"custom_model_data":35},"model":"dragonien:211029_dragon/group2"},{"predicate":{"custom_model_data":36},"model":"dragonien:211029_dragon/jaw"},{"predicate":{"custom_model_data":37},"model":"dragonien:211029_dragon/group4"},{"predicate":{"custom_model_data":38},"model":"dragonien:211029_dragon/wing_left"},{"predicate":{"custom_model_data":39},"model":"dragonien:211029_dragon/bone2"},{"predicate":{"custom_model_data":40},"model":"dragonien:211029_dragon/wing_right"},{"predicate":{"custom_model_data":41},"model":"dragonien:211029_dragon/bone3"},{"predicate":{"custom_model_data":42},"model":"dragonien:berserker_ultimate/head"},{"predicate":{"custom_model_data":43},"model":"dragonien:berserker_ultimate/body"},{"predicate":{"custom_model_data":44},"model":"dragonien:berserker_ultimate/left_arm"},{"predicate":{"custom_model_data":45},"model":"dragonien:berserker_ultimate/left_arm_lower"},{"predicate":{"custom_model_data":46},"model":"dragonien:berserker_ultimate/right_arm"},{"predicate":{"custom_model_data":47},"model":"dragonien:berserker_ultimate/right_arm_lower"},{"predicate":{"custom_model_data":48},"model":"dragonien:berserker_ultimate/left_leg"},{"predicate":{"custom_model_data":49},"model":"dragonien:berserker_ultimate/left_leg_lower"},{"predicate":{"custom_model_data":50},"model":"dragonien:berserker_ultimate/right_leg"},{"predicate":{"custom_model_data":51},"model":"dragonien:berserker_ultimate/right_leg_lower"},{"predicate":{"custom_model_data":52},"model":"dragonien:berserker_ultimate/1"},{"predicate":{"custom_model_data":53},"model":"dragonien:berserker_ultimate/2"},{"predicate":{"custom_model_data":54},"model":"dragonien:berserker_ultimate/3"},{"predicate":{"custom_model_data":55},"model":"dragonien:berserker_ultimate/4"},{"predicate":{"custom_model_data":56},"model":"dragonien:giftpilz/rightarm"},{"predicate":{"custom_model_data":57},"model":"dragonien:giftpilz/leftarm"},{"predicate":{"custom_model_data":58},"model":"dragonien:giftpilz/head"},{"predicate":{"custom_model_data":59},"model":"dragonien:giftpilz/rightleg"},{"predicate":{"custom_model_data":60},"model":"dragonien:giftpilz/leftleg"},{"predicate":{"custom_model_data":61},"model":"dragonien:inferno3000/top"},{"predicate":{"custom_model_data":62},"model":"dragonien:kraeutertisch_painted/tisch"},{"predicate":{"custom_model_data":63},"model":"dragonien:kraeutertisch_painted/book"},{"predicate":{"custom_model_data":64},"model":"dragonien:kraeutertisch_painted/tischbein3"},{"predicate":{"custom_model_data":65},"model":"dragonien:kraeutertisch_painted/tischbein2"},{"predicate":{"custom_model_data":66},"model":"dragonien:kraeutertisch_painted/tischbein1"},{"predicate":{"custom_model_data":67},"model":"dragonien:rocky/body"},{"predicate":{"custom_model_data":68},"model":"dragonien:rocky/crystal3"},{"predicate":{"custom_model_data":69},"model":"dragonien:rocky/cryatla1"},{"predicate":{"custom_model_data":70},"model":"dragonien:rocky/leftarm"},{"predicate":{"custom_model_data":71},"model":"dragonien:rocky/cystal3"},{"predicate":{"custom_model_data":72},"model":"dragonien:rocky/crystal2"},{"predicate":{"custom_model_data":73},"model":"dragonien:rocky/lowerleftarm"},{"predicate":{"custom_model_data":74},"model":"dragonien:rocky/rightarm"},{"predicate":{"custom_model_data":75},"model":"dragonien:rocky/lowerrightarm"},{"predicate":{"custom_model_data":76},"model":"dragonien:rocky/head"},{"predicate":{"custom_model_data":77},"model":"dragonien:rocky/jaw"},{"predicate":{"custom_model_data":78},"model":"dragonien:rocky/leftleg"},{"predicate":{"custom_model_data":79},"model":"dragonien:rocky/rightleg4"},{"predicate":{"custom_model_data":80},"model":"dragonien:rocky/rightleg"},{"predicate":{"custom_model_data":81},"model":"dragonien:rocky/rightleg2"},{"predicate":{"custom_model_data":82},"model":"dragonien:skyblast/top_ring"},{"predicate":{"custom_model_data":83},"model":"dragonien:skyblast/middle_ring"},{"predicate":{"custom_model_data":84},"model":"dragonien:skyblast/bottom_ring"},{"predicate":{"custom_model_data":85},"model":"dragonien:steineule/mittelteil"},{"predicate":{"custom_model_data":86},"model":"dragonien:steineule/fluegellinksaussen"},{"predicate":{"custom_model_data":87},"model":"dragonien:steineule/fluegellinksgesamt"},{"predicate":{"custom_model_data":88},"model":"dragonien:steineule/fluegelrechtsgesamt"},{"predicate":{"custom_model_data":89},"model":"dragonien:steineule/fluegelrechtsaussen"},{"predicate":{"custom_model_data":90},"model":"dragonien:steineule/kopf"},{"predicate":{"custom_model_data":91},"model":"dragonien:steineule/klauen"},{"predicate":{"custom_model_data":92},"model":"dragonien:steineule/federschweif"},{"predicate":{"custom_model_data":93},"model":"dragonien:velociraptor/body"},{"predicate":{"custom_model_data":94},"model":"dragonien:velociraptor/bone2"},{"predicate":{"custom_model_data":95},"model":"dragonien:velociraptor/bone3"},{"predicate":{"custom_model_data":96},"model":"dragonien:velociraptor/bone"},{"predicate":{"custom_model_data":97},"model":"dragonien:velociraptor/neck"},{"predicate":{"custom_model_data":98},"model":"dragonien:velociraptor/jaws"},{"predicate":{"custom_model_data":99},"model":"dragonien:velociraptor/skull"},{"predicate":{"custom_model_data":100},"model":"dragonien:velociraptor/arm"},{"predicate":{"custom_model_data":101},"model":"dragonien:velociraptor/finger"},{"predicate":{"custom_model_data":102},"model":"dragonien:velociraptor/finger2"},{"predicate":{"custom_model_data":103},"model":"dragonien:velociraptor/arm2"},{"predicate":{"custom_model_data":104},"model":"dragonien:velociraptor/leftleg2"},{"predicate":{"custom_model_data":105},"model":"dragonien:velociraptor/lefleg3"},{"predicate":{"custom_model_data":106},"model":"dragonien:velociraptor/lefleg4"},{"predicate":{"custom_model_data":107},"model":"dragonien:velociraptor/feet"},{"predicate":{"custom_model_data":108},"model":"dragonien:velociraptor/leg2"},{"predicate":{"custom_model_data":109},"model":"dragonien:velociraptor/leg3"},{"predicate":{"custom_model_data":110},"model":"dragonien:velociraptor/leg4"},{"predicate":{"custom_model_data":111},"model":"dragonien:velociraptor/feet2"},{"predicate":{"custom_model_data":112},"model":"dragonien:windrazor/windrazor"},{"predicate":{"custom_model_data":1000},"model":"dragonien:chest_1/box"},{"predicate":{"custom_model_data":1001},"model":"dragonien:chest_1/klappe"},{"predicate":{"custom_model_data":1002},"model":"dragonien:chest_1/schloss"},{"predicate":{"custom_model_data":1003},"model":"dragonien:chest_2/box"},{"predicate":{"custom_model_data":1004},"model":"dragonien:chest_2/klappe"},{"predicate":{"custom_model_data":1005},"model":"dragonien:chest_2/schloss"},{"predicate":{"custom_model_data":1006},"model":"dragonien:chest_3/box"},{"predicate":{"custom_model_data":1007},"model":"dragonien:chest_3/klappe"},{"predicate":{"custom_model_data":1008},"model":"dragonien:chest_3/schloss"},{"predicate":{"custom_model_data":1009},"model":"dragonien:chest_4/box"},{"predicate":{"custom_model_data":1010},"model":"dragonien:chest_4/klappe"},{"predicate":{"custom_model_data":1011},"model":"dragonien:chest_4/schloss"},{"predicate":{"custom_model_data":1012},"model":"dragonien:chest_5/box"},{"predicate":{"custom_model_data":1013},"model":"dragonien:chest_5/klappe"},{"predicate":{"custom_model_data":1014},"model":"dragonien:chest_5/schloss"},{"predicate":{"custom_model_data":2000},"model":"dragonien:medieval_bed/model"},{"predicate":{"custom_model_data":2001},"model":"dragonien:medieval_bookshelf/model"},{"predicate":{"custom_model_data":2002},"model":"dragonien:medieval_chair/chair"},{"predicate":{"custom_model_data":2003},"model":"dragonien:medieval_table/table"},{"predicate":{"custom_model_data":2004},"model":"dragonien:medieval_wardrobe/model"}]}