{
  "credit": "Made by Dragoncraft000",
  "parent": "builtin/generated",
  "textures": 
  {
    "layer0": "item/paper"
  },


  "overrides":
  [
      {
          "predicate":
          {
              "custom_model_data": 1
          },
              "model": "custom/customgui/menu_soulstone"
      },
      {
          "predicate":
          {
              "custom_model_data": 2
          },
              "model": "custom/customgui/menu_quests"
      },
      {
          "predicate":
          {
              "custom_model_data": 3
          },
              "model": "custom/customgui/icons/quest_done"
      },
      {
          "predicate":
          {
              "custom_model_data": 4
          },
              "model": "custom/customgui/icons/quest_unstartable"
      },
      {
          "predicate":
          {
              "custom_model_data": 10
          },
              "model": "custom/customgui/icons/soulstone_item"
      }
  ]
}