{
  "credit": "Made by Dragoncraft000",
  "parent": "item/generated",
  "textures": 
  {
    "layer0": "item/stick"
  },


  "overrides":
  [
      {
          "predicate":
          {
              "custom_model_data": 1
          },
              "model": "custom/weapons/mage/starter_wand"
      },
      {
          "predicate":
          {
              "custom_model_data": 2
          },
              "model": "custom/weapons/mage/arcanus"
      },
      {
          "predicate":
          {
              "custom_model_data": 3
          },
              "model": "custom/weapons/mage/staff_ruby"
      }
  ]
}