{
  "credit": "Made by Dragoncraft000",
  "parent": "item/generated",
  "textures": 
  {
    "layer0": "item/wooden_pickaxe"
  },


  "overrides":
  [
      {
          "predicate":
          {
              "custom_model_data": 1
          },
              "model": "custom/weapons/archer/starter_bow"
      },
      {
          "predicate":
          {
              "custom_model_data": 2
          },
              "model": "custom/weapons/archer/jagdbogen"
      },
      {
          "predicate":
          {
              "custom_model_data": 3
          },
              "model": "custom/weapons/archer/bandit"
      },
      {
          "predicate":
          {
              "custom_model_data": 4
          },
              "model": "custom/weapons/archer/bow_ruby"
      }

  ]
}