{
	"credit": "Made by Dragoncraft000",
	"ambientocclusion": false,
	"texture_size": [128, 128],
	"textures": {
		"1": "custom/custommodels/spruce_log",
		"2": "custom/custommodels/spruce_log_top"
	},
	"elements": [
		{
			"from": [0, 2, 0],
			"to": [2, 14, 16],
			"rotation": {"angle": 0, "axis": "y", "origin": [8, 8, 8]},
			"faces": {
				"north": {"uv": [0, 0, 0, 0], "texture": "#1"},
				"east": {"uv": [4, 0, 16, 16], "rotation": 270, "texture": "#1"},
				"south": {"uv": [0, 0, 0, 0], "texture": "#1"},
				"west": {"uv": [4, 0, 16, 16], "rotation": 270, "texture": "#1"},
				"up": {"uv": [2, 0, 4, 16], "texture": "#1"},
				"down": {"uv": [2, 0, 4, 16], "texture": "#1"}
			}
		},
		{
			"from": [14, 2, 0],
			"to": [16, 14, 16],
			"rotation": {"angle": 0, "axis": "y", "origin": [8, 8, 8]},
			"faces": {
				"north": {"uv": [0, 0, 0, 0], "texture": "#1"},
				"east": {"uv": [4, 0, 16, 16], "rotation": 270, "texture": "#1"},
				"south": {"uv": [0, 0, 0, 0], "texture": "#1"},
				"west": {"uv": [4, 0, 16, 16], "rotation": 270, "texture": "#1"},
				"up": {"uv": [2, 0, 4, 16], "texture": "#1"},
				"down": {"uv": [2, 0, 4, 16], "texture": "#1"}
			}
		},
		{
			"from": [2.001, 0.001, -15.999],
			"to": [13.999, 15.999, -0.001],
			"rotation": {"angle": 0, "axis": "y", "origin": [8, 8, 8]},
			"faces": {
				"north": {"uv": [2, 0, 14, 16], "texture": "#2"},
				"east": {"uv": [0, 0, 16, 16], "rotation": 270, "texture": "#1"},
				"south": {"uv": [2, 0, 14, 16], "texture": "#2"},
				"west": {"uv": [0, 0, 16, 16], "rotation": 90, "texture": "#1"},
				"up": {"uv": [4, 0, 16, 16], "texture": "#1"},
				"down": {"uv": [4, 0, 16, 16], "texture": "#1"}
			}
		},
		{
			"from": [2.01, 0.01, 0.01],
			"to": [13.99, 8.99, 15.99],
			"rotation": {"angle": 0, "axis": "y", "origin": [8, 8, 8]},
			"faces": {
				"north": {"uv": [2, 0, 14, 16], "texture": "#2"},
				"east": {"uv": [0, 0, 9, 16], "rotation": 270, "texture": "#1"},
				"south": {"uv": [2, 0, 14, 16], "texture": "#2"},
				"west": {"uv": [0, 0, 9, 16], "rotation": 270, "texture": "#1"},
				"up": {"uv": [4, 0, 16, 16], "texture": "#1"},
				"down": {"uv": [4, 0, 16, 16], "texture": "#1"}
			}
		},
		{
			"from": [0, 2, -16],
			"to": [16, 14, 0],
			"rotation": {"angle": 0, "axis": "y", "origin": [8, 8, 8]},
			"faces": {
				"north": {"uv": [0, 2, 16, 14], "texture": "#2"},
				"east": {"uv": [4, 0, 16, 16], "rotation": 270, "texture": "#1"},
				"south": {"uv": [0, 2, 16, 14], "texture": "#2"},
				"west": {"uv": [4, 0, 16, 16], "rotation": 270, "texture": "#1"},
				"up": {"uv": [0, 0, 16, 16], "texture": "#1"},
				"down": {"uv": [0, 0, 16, 16], "texture": "#1"}
			}
		},
		{
			"from": [0, 2, 16],
			"to": [16, 14, 32],
			"rotation": {"angle": 0, "axis": "y", "origin": [8, 8, 8]},
			"faces": {
				"north": {"uv": [0, 2, 16, 14], "texture": "#2"},
				"east": {"uv": [4, 0, 16, 16], "rotation": 270, "texture": "#1"},
				"south": {"uv": [0, 2, 16, 14], "texture": "#2"},
				"west": {"uv": [4, 0, 16, 16], "rotation": 270, "texture": "#1"},
				"up": {"uv": [0, 0, 16, 16], "texture": "#1"},
				"down": {"uv": [0, 0, 16, 16], "texture": "#1"}
			}
		},
		{
			"from": [2.001, 0.001, 16.001],
			"to": [13.999, 15.999, 31.999],
			"rotation": {"angle": 0, "axis": "y", "origin": [8, 8, 8]},
			"faces": {
				"north": {"uv": [2, 0, 14, 16], "texture": "#2"},
				"east": {"uv": [0, 0, 16, 16], "rotation": 270, "texture": "#1"},
				"south": {"uv": [2, 0, 14, 16], "texture": "#2"},
				"west": {"uv": [0, 0, 16, 16], "rotation": 90, "texture": "#1"},
				"up": {"uv": [4, 0, 16, 16], "texture": "#1"},
				"down": {"uv": [4, 0, 16, 16], "texture": "#1"}
			}
		}
	],
	"display": {
		"thirdperson_righthand": {
			"scale": [0.5, 0.5, 0.5]
		},
		"thirdperson_lefthand": {
			"scale": [0.5, 0.5, 0.5]
		},
		"firstperson_righthand": {
			"translation": [0, 0, 4],
			"scale": [0.5, 0.5, 0.5]
		},
		"firstperson_lefthand": {
			"translation": [0, 0, 4],
			"scale": [0.5, 0.5, 0.5]
		},
		"ground": {
			"scale": [0.5, 0.5, 0.5]
		},
		"gui": {
			"rotation": [45, 45, 0],
			"scale": [0.5, 0.5, 0.5]
		},
		"head": {
			"scale": [2, 2, 2]
		},
		"fixed": {
			"scale": [2, 2, 2]
		}
	}
}