{"textures":{"0":"dragonien:entity/commonchest"},"elements":[{"from":[4.0,8.0,4.5714283],"to":[11.428572,11.428572,11.428572],"rotation":{"angle":0.0,"axis":"y","origin":[8.0,8.0,8.0]},"faces":{"east":{"uv":[14.0,8.0,10.0,10.0],"rotation":0,"texture":"#0","tintindex":0},"south":{"uv":[9.333333,6.0,13.666667,8.0],"rotation":0,"texture":"#0","tintindex":0},"north":{"uv":[9.333333,4.0,13.666667,6.0],"rotation":0,"texture":"#0","tintindex":0},"west":{"uv":[10.0,8.0,14.0,10.0],"rotation":0,"texture":"#0","tintindex":0},"up":{"uv":[9.333333,4.0,5.0,0.0],"rotation":0,"texture":"#0","tintindex":0},"down":{"uv":[9.333333,4.0,5.0,8.0],"rotation":0,"texture":"#0","tintindex":0}}},{"from":[3.4285712,11.428572,4.0],"to":[12.0,14.857143,12.0],"rotation":{"angle":0.0,"axis":"y","origin":[8.0,8.0,8.0]},"faces":{"east":{"uv":[9.333333,0.0,14.0,2.0],"rotation":0,"texture":"#0","tintindex":0},"south":{"uv":[0.0,9.333333,5.0,11.333333],"rotation":0,"texture":"#0","tintindex":0},"north":{"uv":[5.0,8.0,10.0,10.0],"rotation":0,"texture":"#0","tintindex":0},"west":{"uv":[14.0,0.0,9.333333,2.0],"rotation":0,"texture":"#0","tintindex":0},"up":{"uv":[5.0,4.6666665,0.0,0.0],"rotation":0,"texture":"#0","tintindex":0},"down":{"uv":[5.0,4.6666665,0.0,9.333333],"rotation":0,"texture":"#0","tintindex":0}}},{"from":[6.857143,10.857143,3.4285712],"to":[8.571428,13.142858,4.0],"rotation":{"angle":0.0,"axis":"y","origin":[8.0,8.0,8.0]},"faces":{"east":{"uv":[11.0,10.0,11.333333,11.333333],"rotation":0,"texture":"#0","tintindex":0},"south":{"uv":[10.0,10.0,11.0,11.333333],"rotation":0,"texture":"#0","tintindex":0},"north":{"uv":[9.0,10.0,10.0,11.333333],"rotation":0,"texture":"#0","tintindex":0},"west":{"uv":[0.0,11.333333,0.33333334,12.666667],"rotation":0,"texture":"#0","tintindex":0},"up":{"uv":[1.3333334,11.666667,0.33333334,11.333333],"rotation":0,"texture":"#0","tintindex":0},"down":{"uv":[2.3333333,11.333333,1.3333334,11.666667],"rotation":0,"texture":"#0","tintindex":0}}}],"display":{"head":{"translation":[0.0,-6.4,0.0],"scale":[4.0,4.0,4.0]}}}