{"textures":{"0":"dragonien:entity/commonchest"},"elements":[{"from":[3.4285712,8.0,1.1428566],"to":[12.0,11.428572,9.142858],"rotation":{"angle":0.0,"axis":"y","origin":[8.0,4.5714283,5.142857]},"faces":{"east":{"uv":[9.333333,0.0,14.0,2.0],"rotation":0,"texture":"#0","tintindex":0},"south":{"uv":[0.0,9.333333,5.0,11.333333],"rotation":0,"texture":"#0","tintindex":0},"north":{"uv":[5.0,8.0,10.0,10.0],"rotation":0,"texture":"#0","tintindex":0},"west":{"uv":[14.0,0.0,9.333333,2.0],"rotation":0,"texture":"#0","tintindex":0},"up":{"uv":[5.0,4.6666665,0.0,0.0],"rotation":0,"texture":"#0","tintindex":0},"down":{"uv":[5.0,4.6666665,0.0,9.333333],"rotation":0,"texture":"#0","tintindex":0}}}],"display":{"head":{"translation":[0.0,-6.4,0.0],"scale":[4.0,4.0,4.0]}}}