{"elements":[{"from":[4.6777143,3.4285712,8.524571],"to":[6.4262857,5.526857,10.273143],"rotation":{"angle":0.0,"axis":"y","origin":[8.097143,3.4285712,7.825143]},"faces":{"east":{"uv":[5.0625,1.3125,5.375,1.6875],"rotation":0,"texture":"#0","tintindex":0},"south":{"uv":[0.0,6.625,0.3125,7.0],"rotation":0,"texture":"#0","tintindex":0},"north":{"uv":[5.0625,0.9375,5.375,1.3125],"rotation":0,"texture":"#0","tintindex":0},"west":{"uv":[0.3125,6.625,0.625,7.0],"rotation":0,"texture":"#0","tintindex":0},"up":{"uv":[7.25,1.5625,6.9375,1.25],"rotation":0,"texture":"#0","tintindex":0},"down":{"uv":[7.25,1.5625,6.9375,1.875],"rotation":0,"texture":"#0","tintindex":0}}},{"from":[4.6777143,3.4285712,5.726857],"to":[6.4262857,5.526857,7.4754286],"rotation":{"angle":0.0,"axis":"y","origin":[8.097143,3.4285712,7.825143]},"faces":{"east":{"uv":[5.3125,6.75,5.625,7.125],"rotation":0,"texture":"#0","tintindex":0},"south":{"uv":[2.3125,6.8125,2.625,7.1875],"rotation":0,"texture":"#0","tintindex":0},"north":{"uv":[0.625,6.625,0.9375,7.0],"rotation":0,"texture":"#0","tintindex":0},"west":{"uv":[2.625,6.875,2.9375,7.25],"rotation":0,"texture":"#0","tintindex":0},"up":{"uv":[7.25,2.1875,6.9375,1.875],"rotation":0,"texture":"#0","tintindex":0},"down":{"uv":[7.25,2.1875,6.9375,2.5],"rotation":0,"texture":"#0","tintindex":0}}},{"from":[9.923429,3.4285712,5.726857],"to":[11.672,5.526857,7.4754286],"rotation":{"angle":0.0,"axis":"y","origin":[8.097143,3.4285712,7.825143]},"faces":{"east":{"uv":[2.9375,6.875,2.625,7.25],"rotation":0,"texture":"#0","tintindex":0},"south":{"uv":[2.625,6.8125,2.3125,7.1875],"rotation":0,"texture":"#0","tintindex":0},"north":{"uv":[0.9375,6.625,0.625,7.0],"rotation":0,"texture":"#0","tintindex":0},"west":{"uv":[5.625,6.75,5.3125,7.125],"rotation":0,"texture":"#0","tintindex":0},"up":{"uv":[6.9375,2.1875,7.25,1.875],"rotation":0,"texture":"#0","tintindex":0},"down":{"uv":[6.9375,2.1875,7.25,2.5],"rotation":0,"texture":"#0","tintindex":0}}},{"from":[9.923429,3.4285712,8.524571],"to":[11.672,5.526857,10.273143],"rotation":{"angle":0.0,"axis":"y","origin":[8.097143,3.4285712,7.825143]},"faces":{"east":{"uv":[0.625,6.625,0.3125,7.0],"rotation":0,"texture":"#0","tintindex":0},"south":{"uv":[0.3125,6.625,0.0,7.0],"rotation":0,"texture":"#0","tintindex":0},"north":{"uv":[5.375,0.9375,5.0625,1.3125],"rotation":0,"texture":"#0","tintindex":0},"west":{"uv":[5.375,1.3125,5.0625,1.6875],"rotation":0,"texture":"#0","tintindex":0},"up":{"uv":[6.9375,1.5625,7.25,1.25],"rotation":0,"texture":"#0","tintindex":0},"down":{"uv":[6.9375,1.5625,7.25,1.875],"rotation":0,"texture":"#0","tintindex":0}}},{"from":[4.328,16.368,4.6777143],"to":[11.672,17.417143,10.273143],"rotation":{"angle":0.0,"axis":"y","origin":[8.097143,3.4285712,7.825143]},"faces":{"east":{"uv":[6.75,0.1875,7.75,0.375],"rotation":0,"texture":"#0","tintindex":0},"south":{"uv":[2.625,6.5,3.9375,6.6875],"rotation":0,"texture":"#0","tintindex":0},"north":{"uv":[1.3125,6.4375,2.625,6.625],"rotation":0,"texture":"#0","tintindex":0},"west":{"uv":[6.75,0.375,7.75,0.5625],"rotation":0,"texture":"#0","tintindex":0},"up":{"uv":[4.3125,5.75,3.0,4.75],"rotation":0,"texture":"#0","tintindex":0},"down":{"uv":[4.3125,5.75,3.0,4.75],"rotation":0,"texture":"#0","tintindex":0}}},{"from":[4.328,13.570286,4.6777143],"to":[11.672,14.619429,10.273143],"rotation":{"angle":0.0,"axis":"y","origin":[8.097143,3.4285712,7.825143]},"faces":{"east":{"uv":[6.75,0.1875,7.75,0.375],"rotation":0,"texture":"#0","tintindex":0},"south":{"uv":[2.625,6.5,3.9375,6.6875],"rotation":0,"texture":"#0","tintindex":0},"north":{"uv":[1.3125,6.4375,2.625,6.625],"rotation":0,"texture":"#0","tintindex":0},"west":{"uv":[6.75,0.375,7.75,0.5625],"rotation":0,"texture":"#0","tintindex":0},"up":{"uv":[4.3125,5.75,3.0,4.75],"rotation":0,"texture":"#0","tintindex":0},"down":{"uv":[4.3125,5.75,3.0,4.75],"rotation":0,"texture":"#0","tintindex":0}}},{"from":[4.328,10.422857,4.6777143],"to":[11.672,11.472,10.273143],"rotation":{"angle":0.0,"axis":"y","origin":[8.097143,3.4285712,7.825143]},"faces":{"east":{"uv":[6.75,0.1875,7.75,0.375],"rotation":0,"texture":"#0","tintindex":0},"south":{"uv":[2.625,6.5,3.9375,6.6875],"rotation":0,"texture":"#0","tintindex":0},"north":{"uv":[1.3125,6.4375,2.625,6.625],"rotation":0,"texture":"#0","tintindex":0},"west":{"uv":[6.75,0.375,7.75,0.5625],"rotation":0,"texture":"#0","tintindex":0},"up":{"uv":[4.3125,5.75,3.0,4.75],"rotation":0,"texture":"#0","tintindex":0},"down":{"uv":[1.3125,4.875,0.0,5.875],"rotation":0,"texture":"#0","tintindex":0}}},{"from":[6.776,6.5759997,4.8525715],"to":[7.4754286,8.674286,5.552],"rotation":{"angle":0.0,"axis":"y","origin":[8.097143,3.4285712,7.825143]},"faces":{"east":{"uv":[5.625,6.5625,5.75,6.9375],"rotation":0,"texture":"#0","tintindex":0},"south":{"uv":[5.375,1.3125,5.5625,1.6875],"rotation":0,"texture":"#0","tintindex":0},"north":{"uv":[5.375,0.9375,5.5,1.3125],"rotation":0,"texture":"#0","tintindex":0},"west":{"uv":[6.9375,3.125,7.0625,3.5],"rotation":0,"texture":"#0","tintindex":0},"up":{"uv":[4.25,2.75,4.0625,2.625],"rotation":0,"texture":"#0","tintindex":0},"down":{"uv":[4.25,2.75,4.0625,2.875],"rotation":0,"texture":"#0","tintindex":0}}},{"from":[8.524571,6.5759997,4.8525715],"to":[9.224,8.674286,5.552],"rotation":{"angle":0.0,"axis":"y","origin":[8.097143,3.4285712,7.825143]},"faces":{"east":{"uv":[7.0625,3.125,6.9375,3.5],"rotation":0,"texture":"#0","tintindex":0},"south":{"uv":[5.5625,1.3125,5.375,1.6875],"rotation":0,"texture":"#0","tintindex":0},"north":{"uv":[5.5,0.9375,5.375,1.3125],"rotation":0,"texture":"#0","tintindex":0},"west":{"uv":[5.75,6.5625,5.625,6.9375],"rotation":0,"texture":"#0","tintindex":0},"up":{"uv":[4.0625,2.75,4.25,2.625],"rotation":0,"texture":"#0","tintindex":0},"down":{"uv":[4.0625,2.75,4.25,2.875],"rotation":0,"texture":"#0","tintindex":0}}},{"from":[3.2788568,5.526857,5.377143],"to":[12.721144,9.723429,10.622857],"rotation":{"angle":0.0,"axis":"y","origin":[8.097143,3.4285712,7.825143]},"faces":{"east":{"uv":[3.0,5.75,3.9375,6.5],"rotation":0,"texture":"#0","tintindex":0},"south":{"uv":[1.3125,5.6875,3.0,6.4375],"rotation":0,"texture":"#0","tintindex":0},"north":{"uv":[4.3125,5.625,6.0,6.375],"rotation":0,"texture":"#0","tintindex":0},"west":{"uv":[0.0,5.875,0.9375,6.625],"rotation":0,"texture":"#0","tintindex":0},"up":{"uv":[3.0,5.6875,1.3125,4.75],"rotation":0,"texture":"#0","tintindex":0},"down":{"uv":[6.75,0.0,5.0625,0.9375],"rotation":0,"texture":"#0","tintindex":0}}},{"from":[2.5794282,9.373714,3.9782853],"to":[13.420572,10.422857,12.021715],"rotation":{"angle":0.0,"axis":"y","origin":[8.097143,3.4285712,7.825143]},"faces":{"east":{"uv":[6.375,6.3125,7.8125,6.5],"rotation":0,"texture":"#0","tintindex":0},"south":{"uv":[6.0,5.9375,7.9375,6.125],"rotation":0,"texture":"#0","tintindex":0},"north":{"uv":[6.0,5.9375,7.9375,6.125],"rotation":0,"texture":"#0","tintindex":0},"west":{"uv":[6.375,6.3125,7.8125,6.5],"rotation":0,"texture":"#0","tintindex":0},"up":{"uv":[3.875,1.4375,1.9375,0.0],"rotation":0,"texture":"#0","tintindex":0},"down":{"uv":[3.875,1.4375,1.9375,2.875],"rotation":0,"texture":"#0","tintindex":0}}},{"from":[3.2788568,10.422857,4.6777143],"to":[4.328,20.914288,11.322286],"rotation":{"angle":0.0,"axis":"y","origin":[8.097143,3.4285712,7.825143]},"faces":{"east":{"uv":[7.5625,2.4375,8.75,4.3125],"rotation":0,"texture":"#0","tintindex":0},"south":{"uv":[0.9375,5.875,1.125,7.75],"rotation":0,"texture":"#0","tintindex":0},"north":{"uv":[1.125,5.875,0.9375,7.75],"rotation":0,"texture":"#0","tintindex":0},"west":{"uv":[4.4375,3.75,5.625,5.625],"rotation":0,"texture":"#0","tintindex":0},"up":{"uv":[1.875,4.1875,1.6875,3.0],"rotation":0,"texture":"#0","tintindex":0},"down":{"uv":[5.9375,6.375,5.75,7.5625],"rotation":0,"texture":"#0","tintindex":0}}},{"from":[11.672,10.422857,4.6777143],"to":[12.721144,20.914288,11.322286],"rotation":{"angle":0.0,"axis":"y","origin":[8.097143,3.4285712,7.825143]},"faces":{"east":{"uv":[5.625,3.75,4.4375,5.625],"rotation":0,"texture":"#0","tintindex":0},"south":{"uv":[1.125,5.875,0.9375,7.75],"rotation":0,"texture":"#0","tintindex":0},"north":{"uv":[0.9375,5.875,1.125,7.75],"rotation":0,"texture":"#0","tintindex":0},"west":{"uv":[8.75,2.4375,7.5625,4.3125],"rotation":0,"texture":"#0","tintindex":0},"up":{"uv":[1.6875,4.1875,1.875,3.0],"rotation":0,"texture":"#0","tintindex":0},"down":{"uv":[5.75,6.375,5.9375,7.5625],"rotation":0,"texture":"#0","tintindex":0}}},{"from":[2.5794282,19.865143,3.9782853],"to":[13.420572,21.264,12.371429],"rotation":{"angle":0.0,"axis":"y","origin":[8.097143,3.4285712,7.825143]},"faces":{"east":{"uv":[6.0,5.4375,7.5,5.6875],"rotation":0,"texture":"#0","tintindex":0},"south":{"uv":[5.625,5.1875,7.5625,5.4375],"rotation":0,"texture":"#0","tintindex":0},"north":{"uv":[5.625,4.9375,7.5625,5.1875],"rotation":0,"texture":"#0","tintindex":0},"west":{"uv":[6.0,5.6875,7.5,5.9375],"rotation":0,"texture":"#0","tintindex":0},"up":{"uv":[1.9375,1.5,0.0,0.0],"rotation":0,"texture":"#0","tintindex":0},"down":{"uv":[1.9375,1.5,0.0,3.0],"rotation":0,"texture":"#0","tintindex":0}}},{"from":[4.328,10.422857,10.273143],"to":[11.672,20.914288,11.322286],"rotation":{"angle":0.0,"axis":"y","origin":[8.097143,3.4285712,7.825143]},"faces":{"east":{"uv":[6.0,6.3125,6.1875,8.1875],"rotation":0,"texture":"#0","tintindex":0},"south":{"uv":[0.0,3.0,1.3125,4.875],"rotation":0,"texture":"#0","tintindex":0},"north":{"uv":[1.9375,2.875,3.25,4.75],"rotation":0,"texture":"#0","tintindex":0},"west":{"uv":[6.1875,6.3125,6.375,8.1875],"rotation":0,"texture":"#0","tintindex":0},"up":{"uv":[7.6875,6.875,6.375,6.6875],"rotation":0,"texture":"#0","tintindex":0},"down":{"uv":[8.0625,0.0,6.75,0.1875],"rotation":0,"texture":"#0","tintindex":0}}}],"textures":{"0":"json:/medieval_wardrobe"},"display":{"head":{"translation":[0.0,-6.4,0.0],"scale":[4.0,4.0,4.0]}}}