{"elements":[{"from":[4.7016,6.2366858,10.1204],"to":[5.644,21.315086,11.0628],"rotation":{"angle":0.0,"axis":"y","origin":[7.7644,13.301001,8.0]},"faces":{"east":{"uv":[5.0,1.0,5.5,9.25],"rotation":0,"texture":"#0","tintindex":0},"south":{"uv":[5.5,1.0,5.0,9.25],"rotation":0,"texture":"#0","tintindex":0},"north":{"uv":[5.5,1.0,5.0,9.25],"rotation":0,"texture":"#0","tintindex":0},"west":{"uv":[5.0,1.0,5.5,9.25],"rotation":0,"texture":"#0","tintindex":0},"up":{"uv":[5.5,9.75,5.0,9.25],"rotation":270,"texture":"#0","tintindex":0},"down":{"uv":[10.75,4.5,10.25,5.0],"rotation":90,"texture":"#0","tintindex":0}}},{"from":[10.356,6.2366858,10.1204],"to":[11.2984,21.315086,11.0628],"rotation":{"angle":0.0,"axis":"y","origin":[7.7644,13.301001,8.0]},"faces":{"east":{"uv":[5.5,1.0,5.0,9.25],"rotation":0,"texture":"#0","tintindex":0},"south":{"uv":[5.0,1.0,5.5,9.25],"rotation":0,"texture":"#0","tintindex":0},"north":{"uv":[5.0,1.0,5.5,9.25],"rotation":0,"texture":"#0","tintindex":0},"west":{"uv":[5.5,1.0,5.0,9.25],"rotation":0,"texture":"#0","tintindex":0},"up":{"uv":[5.5,9.25,5.0,9.75],"rotation":270,"texture":"#0","tintindex":0},"down":{"uv":[10.75,5.0,10.25,4.5],"rotation":90,"texture":"#0","tintindex":0}}},{"from":[4.7016,13.775886,5.8795996],"to":[5.644,14.247086,10.1204],"rotation":{"angle":0.0,"axis":"y","origin":[7.7644,13.301001,8.0]},"faces":{"east":{"uv":[10.25,3.25,12.5,3.5],"rotation":0,"texture":"#0","tintindex":0},"south":{"uv":[7.5,4.0,8.0,4.25],"rotation":0,"texture":"#0","tintindex":0},"north":{"uv":[7.0,4.0,7.5,4.25],"rotation":0,"texture":"#0","tintindex":0},"west":{"uv":[7.0,4.25,9.25,4.5],"rotation":0,"texture":"#0","tintindex":0},"up":{"uv":[11.75,6.5,9.5,6.0],"rotation":270,"texture":"#0","tintindex":0},"down":{"uv":[11.75,6.5,9.5,7.0],"rotation":90,"texture":"#0","tintindex":0}}},{"from":[10.356,13.775886,5.8795996],"to":[11.2984,14.247086,10.1204],"rotation":{"angle":0.0,"axis":"y","origin":[7.7644,13.301001,8.0]},"faces":{"east":{"uv":[9.25,4.25,7.0,4.5],"rotation":0,"texture":"#0","tintindex":0},"south":{"uv":[8.0,4.0,7.5,4.25],"rotation":0,"texture":"#0","tintindex":0},"north":{"uv":[7.5,4.0,7.0,4.25],"rotation":0,"texture":"#0","tintindex":0},"west":{"uv":[12.5,3.25,10.25,3.5],"rotation":0,"texture":"#0","tintindex":0},"up":{"uv":[11.75,6.0,9.5,6.5],"rotation":270,"texture":"#0","tintindex":0},"down":{"uv":[11.75,7.0,9.5,6.5],"rotation":90,"texture":"#0","tintindex":0}}},{"from":[8.7068,12.362286,10.1204],"to":[9.6492,20.372686,11.0628],"rotation":{"angle":0.0,"axis":"y","origin":[7.7644,13.301001,8.0]},"faces":{"east":{"uv":[6.0,0.0,6.5,4.5],"rotation":0,"texture":"#0","tintindex":0},"south":{"uv":[6.5,0.0,6.0,4.5],"rotation":0,"texture":"#0","tintindex":0},"north":{"uv":[4.0,5.25,4.5,9.75],"rotation":0,"texture":"#0","tintindex":0},"west":{"uv":[4.5,5.25,4.0,9.75],"rotation":0,"texture":"#0","tintindex":0},"up":{"uv":[11.0,2.5,10.5,2.0],"rotation":270,"texture":"#0","tintindex":0},"down":{"uv":[11.0,2.5,10.5,3.0],"rotation":90,"texture":"#0","tintindex":0}}},{"from":[6.3508,12.362286,10.1204],"to":[7.2932,20.372686,11.0628],"rotation":{"angle":0.0,"axis":"y","origin":[7.7644,13.301001,8.0]},"faces":{"east":{"uv":[6.0,4.5,6.5,9.0],"rotation":0,"texture":"#0","tintindex":0},"south":{"uv":[6.0,0.0,6.5,4.5],"rotation":0,"texture":"#0","tintindex":0},"north":{"uv":[6.0,0.0,6.5,4.5],"rotation":0,"texture":"#0","tintindex":0},"west":{"uv":[6.5,0.0,6.0,4.5],"rotation":0,"texture":"#0","tintindex":0},"up":{"uv":[10.5,11.0,10.0,10.5],"rotation":270,"texture":"#0","tintindex":0},"down":{"uv":[11.0,10.5,10.5,11.0],"rotation":90,"texture":"#0","tintindex":0}}},{"from":[6.1152,19.901485,9.8848],"to":[9.8848,20.843887,11.2984],"rotation":{"angle":0.0,"axis":"y","origin":[7.7644,13.301001,8.0]},"faces":{"east":{"uv":[10.25,4.0,11.0,4.5],"rotation":0,"texture":"#0","tintindex":0},"south":{"uv":[9.0,10.0,11.0,10.5],"rotation":0,"texture":"#0","tintindex":0},"north":{"uv":[3.5,9.75,5.5,10.25],"rotation":0,"texture":"#0","tintindex":0},"west":{"uv":[3.75,10.25,4.5,10.75],"rotation":0,"texture":"#0","tintindex":0},"up":{"uv":[10.25,3.0,9.5,1.0],"rotation":270,"texture":"#0","tintindex":0},"down":{"uv":[10.25,3.0,9.5,5.0],"rotation":90,"texture":"#0","tintindex":0}}},{"from":[5.6444683,11.985794,10.356468],"to":[10.355532,18.581657,10.826732],"rotation":{"angle":0.0,"axis":"y","origin":[7.7644,13.301001,8.0]},"faces":{"east":{"uv":[3.5,10.25,3.75,12.5],"rotation":0,"texture":"#0","tintindex":0},"south":{"uv":[2.5,3.0,0.0,5.25],"rotation":0,"texture":"#0","tintindex":0},"north":{"uv":[0.0,3.0,2.5,5.25],"rotation":0,"texture":"#0","tintindex":0},"west":{"uv":[10.25,1.0,10.5,3.25],"rotation":0,"texture":"#0","tintindex":0},"up":{"uv":[6.25,11.5,6.0,9.0],"rotation":270,"texture":"#0","tintindex":0},"down":{"uv":[6.5,9.0,6.25,11.5],"rotation":90,"texture":"#0","tintindex":0}}},{"from":[6.5878115,16.698738,10.357411],"to":[9.412189,19.994314,10.8257885],"rotation":{"angle":0.0,"axis":"y","origin":[7.7644,13.301001,8.0]},"faces":{"east":{"uv":[4.75,10.25,5.0,11.75],"rotation":0,"texture":"#0","tintindex":0},"south":{"uv":[8.5,0.0,7.0,1.5],"rotation":0,"texture":"#0","tintindex":0},"north":{"uv":[7.0,0.0,8.5,1.5],"rotation":0,"texture":"#0","tintindex":0},"west":{"uv":[4.5,10.25,4.75,11.75],"rotation":0,"texture":"#0","tintindex":0},"up":{"uv":[5.25,11.75,5.0,10.25],"rotation":270,"texture":"#0","tintindex":0},"down":{"uv":[5.5,10.25,5.25,11.75],"rotation":90,"texture":"#0","tintindex":0}}},{"from":[4.7016,6.2366858,4.9371996],"to":[5.644,14.247086,5.8795996],"rotation":{"angle":0.0,"axis":"y","origin":[7.7644,13.301001,8.0]},"faces":{"east":{"uv":[7.5,7.5,7.0,11.75],"rotation":0,"texture":"#0","tintindex":0},"south":{"uv":[7.0,7.5,7.5,11.75],"rotation":0,"texture":"#0","tintindex":0},"north":{"uv":[7.0,7.5,7.5,11.75],"rotation":0,"texture":"#0","tintindex":0},"west":{"uv":[7.5,7.5,7.0,11.75],"rotation":0,"texture":"#0","tintindex":0},"up":{"uv":[11.0,1.5,10.5,1.0],"rotation":270,"texture":"#0","tintindex":0},"down":{"uv":[11.0,1.5,10.5,2.0],"rotation":90,"texture":"#0","tintindex":0}}},{"from":[10.356,6.2366858,4.9371996],"to":[11.2984,14.247086,5.8795996],"rotation":{"angle":0.0,"axis":"y","origin":[7.7644,13.301001,8.0]},"faces":{"east":{"uv":[7.0,7.5,7.5,11.75],"rotation":0,"texture":"#0","tintindex":0},"south":{"uv":[7.5,7.5,7.0,11.75],"rotation":0,"texture":"#0","tintindex":0},"north":{"uv":[7.5,7.5,7.0,11.75],"rotation":0,"texture":"#0","tintindex":0},"west":{"uv":[7.0,7.5,7.5,11.75],"rotation":0,"texture":"#0","tintindex":0},"up":{"uv":[11.0,1.0,10.5,1.5],"rotation":270,"texture":"#0","tintindex":0},"down":{"uv":[11.0,2.0,10.5,1.5],"rotation":90,"texture":"#0","tintindex":0}}},{"from":[5.1732683,11.420355,4.937669],"to":[10.826732,12.361817,10.119932],"rotation":{"angle":0.0,"axis":"y","origin":[7.7644,13.301001,8.0]},"faces":{"east":{"uv":[12.25,5.0,9.5,5.5],"rotation":0,"texture":"#0","tintindex":0},"south":{"uv":[12.0,7.5,9.0,8.0],"rotation":0,"texture":"#0","tintindex":0},"north":{"uv":[9.0,7.5,12.0,8.0],"rotation":0,"texture":"#0","tintindex":0},"west":{"uv":[9.5,5.0,12.25,5.5],"rotation":0,"texture":"#0","tintindex":0},"up":{"uv":[2.75,3.0,0.0,0.0],"rotation":270,"texture":"#0","tintindex":0},"down":{"uv":[5.5,0.0,2.75,3.0],"rotation":90,"texture":"#0","tintindex":0}}}],"textures":{"0":"dragonien:entity/medieval_chair"},"display":{"head":{"translation":[0.0,-6.4,0.0],"scale":[4.0,4.0,4.0]}}}