{
	"credit": "Made by Dragoncraft000 for DragonienRPG",
	"texture_size": [32, 32],
	"textures": {
		"2": "custom/vfx/berserk/first/stone"
	},
	"elements": [
		{
			"from": [4, 0, 4],
			"to": [12, 1.5, 12],
			"rotation": {"angle": 0, "axis": "y", "origin": [8, 1.5, 8]},
			"faces": {
				"north": {"uv": [7.5, 5, 11.5, 6], "texture": "#2"},
				"east": {"uv": [7.5, 6, 11.5, 7], "texture": "#2"},
				"south": {"uv": [0, 8, 4, 9], "texture": "#2"},
				"west": {"uv": [0, 9, 4, 10], "texture": "#2"},
				"up": {"uv": [4, 4, 0, 0], "texture": "#2"},
				"down": {"uv": [4, 4, 0, 8], "texture": "#2"}
			}
		},
		{
			"from": [4.5, 1.5, 4.5],
			"to": [11.5, 3, 11.5],
			"rotation": {"angle": 0, "axis": "y", "origin": [8, 3, 8]},
			"faces": {
				"north": {"uv": [2, 10, 5.5, 11], "texture": "#2"},
				"east": {"uv": [10, 2, 13.5, 3], "texture": "#2"},
				"south": {"uv": [10, 3, 13.5, 4], "texture": "#2"},
				"west": {"uv": [10, 4, 13.5, 5], "texture": "#2"},
				"up": {"uv": [7.5, 3.5, 4, 0], "texture": "#2"},
				"down": {"uv": [7.5, 3.5, 4, 7], "texture": "#2"}
			}
		},
		{
			"from": [5, 3, 5],
			"to": [11, 4.5, 11],
			"rotation": {"angle": 0, "axis": "y", "origin": [12, 4, 12]},
			"faces": {
				"north": {"uv": [5.5, 10, 8.5, 11], "texture": "#2"},
				"east": {"uv": [10, 7, 13, 8], "texture": "#2"},
				"south": {"uv": [10, 8, 13, 9], "texture": "#2"},
				"west": {"uv": [8.5, 10, 11.5, 11], "texture": "#2"},
				"up": {"uv": [7, 10, 4, 7], "texture": "#2"},
				"down": {"uv": [10, 7, 7, 10], "texture": "#2"}
			}
		},
		{
			"from": [5.5, 4.5, 5.5],
			"to": [10.5, 6, 10.5],
			"rotation": {"angle": 0, "axis": "y", "origin": [8.05, 5.25, 7.95]},
			"faces": {
				"north": {"uv": [10, 9, 12.5, 10], "texture": "#2"},
				"east": {"uv": [2, 11, 4.5, 12], "texture": "#2"},
				"south": {"uv": [4.5, 11, 7, 12], "texture": "#2"},
				"west": {"uv": [7, 11, 9.5, 12], "texture": "#2"},
				"up": {"uv": [10, 2.5, 7.5, 0], "texture": "#2"},
				"down": {"uv": [10, 2.5, 7.5, 5], "texture": "#2"}
			}
		},
		{
			"from": [6, 6, 6],
			"to": [10, 7.5, 10],
			"rotation": {"angle": 0, "axis": "y", "origin": [12, 7, 12]},
			"faces": {
				"north": {"uv": [11.5, 5, 13.5, 6], "texture": "#2"},
				"east": {"uv": [11.5, 6, 13.5, 7], "texture": "#2"},
				"south": {"uv": [11.5, 10, 13.5, 11], "texture": "#2"},
				"west": {"uv": [0, 12, 2, 13], "texture": "#2"},
				"up": {"uv": [2, 12, 0, 10], "texture": "#2"},
				"down": {"uv": [12, 0, 10, 2], "texture": "#2"}
			}
		},
		{
			"from": [6.5, 7.5, 6.5],
			"to": [9.5, 9, 9.5],
			"rotation": {"angle": 0, "axis": "y", "origin": [8, 8.25, 8]},
			"faces": {
				"north": {"uv": [6, 12, 7.5, 12.5], "texture": "#2"},
				"east": {"uv": [7.5, 12, 9, 12.5], "texture": "#2"},
				"south": {"uv": [6, 12.5, 7.5, 13], "texture": "#2"},
				"west": {"uv": [7.5, 12.5, 9, 13], "texture": "#2"},
				"up": {"uv": [11, 12.5, 9.5, 11], "texture": "#2"},
				"down": {"uv": [12.5, 11, 11, 12.5], "texture": "#2"}
			}
		},
		{
			"from": [7, 9, 7],
			"to": [9, 10.5, 9],
			"rotation": {"angle": 0, "axis": "z", "origin": [12, 10, 12]},
			"faces": {
				"north": {"uv": [12, 0, 13, 1], "texture": "#2"},
				"east": {"uv": [12, 1, 13, 2], "texture": "#2"},
				"south": {"uv": [2, 12, 3, 13], "texture": "#2"},
				"west": {"uv": [3, 12, 4, 13], "texture": "#2"},
				"up": {"uv": [5, 13, 4, 12], "texture": "#2"},
				"down": {"uv": [6, 12, 5, 13], "texture": "#2"}
			}
		},
		{
			"from": [7.5, 10.42222, 7.5],
			"to": [8.5, 11.92222, 8.5],
			"rotation": {"angle": 0, "axis": "z", "origin": [8, 11.17222, 8]},
			"faces": {
				"north": {"uv": [9, 12, 9.5, 13], "texture": "#2"},
				"east": {"uv": [12.5, 9, 13, 10], "texture": "#2"},
				"south": {"uv": [9.5, 12.5, 10, 13.5], "texture": "#2"},
				"west": {"uv": [10, 12.5, 10.5, 13.5], "texture": "#2"},
				"up": {"uv": [11, 13, 10.5, 12.5], "texture": "#2"},
				"down": {"uv": [11.5, 12.5, 11, 13], "texture": "#2"}
			}
		}
	],
	"display": {
		"head": {
			"translation": [0, -29, 0],
			"scale": [1, 2, 1]
		}
	}
}