{
	"credit": "Made by Dragoncraft000",
	"texture_size": [144, 144],
	"textures": {
		"1": "custom/vfx/assassine/base/slash",
		"particle": "custom/vfx/assassine/base/slash"
	},
	"elements": [
		{
			"from": [-4, 8, -4],
			"to": [20, 8, 20],
			"rotation": {"angle": 0, "axis": "y", "origin": [8, 8, 8]},
			"faces": {
				"north": {"uv": [0, 0, 4, 0], "texture": "#missing"},
				"east": {"uv": [0, 0, 4, 0], "texture": "#missing"},
				"south": {"uv": [0, 0, 4, 0], "texture": "#missing"},
				"west": {"uv": [0, 0, 4, 0], "texture": "#missing"},
				"up": {"uv": [0, 5.33333, 5.33333, 10.66667], "texture": "#1"},
				"down": {"uv": [0, 10.66667, 5.33333, 5.33333], "texture": "#1"}
			}
		}
	],
	"groups": [
		{
			"name": "4",
			"origin": [8, 8, 8],
			"color": 0,
			"children": [0]
		}
	]
}