{"elements":[{"from":[3.3942852,3.4285712,8.797143],"to":[12.605715,16.182858,9.505714],"rotation":{"angle":0.0,"axis":"y","origin":[8.0,3.4285712,7.38]},"faces":{"east":{"uv":[0.734375,1.1875,0.765625,1.75],"rotation":0,"texture":"#0","tintindex":0},"south":{"uv":[0.40625,0.0,0.8125,0.5625],"rotation":0,"texture":"#0","tintindex":0},"north":{"uv":[0.0,0.0,0.40625,0.5625],"rotation":0,"texture":"#0","tintindex":0},"west":{"uv":[0.765625,1.1875,0.796875,1.75],"rotation":0,"texture":"#0","tintindex":0},"up":{"uv":[1.484375,1.21875,1.078125,1.1875],"rotation":0,"texture":"#0","tintindex":0},"down":{"uv":[1.484375,1.21875,1.078125,1.25],"rotation":0,"texture":"#0","tintindex":0}}},{"from":[1.7999997,15.474286,4.191428],"to":[14.200001,16.537144,10.568571],"rotation":{"angle":0.0,"axis":"y","origin":[7.8914285,3.4285712,7.38]},"faces":{"east":{"uv":[0.796875,1.1875,1.078125,1.234375],"rotation":0,"texture":"#0","tintindex":0},"south":{"uv":[1.09375,0.734375,1.640625,0.78125],"rotation":0,"texture":"#0","tintindex":0},"north":{"uv":[1.09375,0.6875,1.640625,0.734375],"rotation":0,"texture":"#0","tintindex":0},"west":{"uv":[0.796875,1.1875,1.078125,1.234375],"rotation":0,"texture":"#0","tintindex":0},"up":{"uv":[0.546875,0.84375,0.0,0.5625],"rotation":0,"texture":"#0","tintindex":0},"down":{"uv":[1.09375,0.5625,0.546875,0.84375],"rotation":0,"texture":"#0","tintindex":0}}},{"from":[3.3942852,12.994286,4.8999996],"to":[12.605715,13.702857,8.797143],"rotation":{"angle":0.0,"axis":"y","origin":[8.0,3.4285712,7.38]},"faces":{"east":{"uv":[1.265625,1.375,1.4375,1.40625],"rotation":0,"texture":"#0","tintindex":0},"south":{"uv":[1.203125,1.3125,1.609375,1.34375],"rotation":0,"texture":"#0","tintindex":0},"north":{"uv":[0.796875,1.3125,1.203125,1.34375],"rotation":0,"texture":"#0","tintindex":0},"west":{"uv":[0.0,1.40625,0.171875,1.4375],"rotation":0,"texture":"#0","tintindex":0},"up":{"uv":[1.015625,1.1875,0.609375,1.015625],"rotation":0,"texture":"#0","tintindex":0},"down":{"uv":[1.421875,0.84375,1.015625,1.015625],"rotation":0,"texture":"#0","tintindex":0}}},{"from":[3.3942852,10.514286,4.8999996],"to":[12.605715,11.222857,8.797143],"rotation":{"angle":0.0,"axis":"y","origin":[8.0,3.4285712,7.38]},"faces":{"east":{"uv":[1.265625,1.375,1.4375,1.40625],"rotation":0,"texture":"#0","tintindex":0},"south":{"uv":[1.203125,1.3125,1.609375,1.34375],"rotation":0,"texture":"#0","tintindex":0},"north":{"uv":[0.796875,1.3125,1.203125,1.34375],"rotation":0,"texture":"#0","tintindex":0},"west":{"uv":[0.0,1.40625,0.171875,1.4375],"rotation":0,"texture":"#0","tintindex":0},"up":{"uv":[1.015625,1.1875,0.609375,1.015625],"rotation":0,"texture":"#0","tintindex":0},"down":{"uv":[1.421875,0.84375,1.015625,1.015625],"rotation":0,"texture":"#0","tintindex":0}}},{"from":[3.3942852,5.5542855,4.8999996],"to":[12.605715,6.262857,8.797143],"rotation":{"angle":0.0,"axis":"y","origin":[8.0,3.4285712,7.38]},"faces":{"east":{"uv":[1.265625,1.375,1.4375,1.40625],"rotation":0,"texture":"#0","tintindex":0},"south":{"uv":[1.203125,1.3125,1.609375,1.34375],"rotation":0,"texture":"#0","tintindex":0},"north":{"uv":[0.796875,1.3125,1.203125,1.34375],"rotation":0,"texture":"#0","tintindex":0},"west":{"uv":[0.0,1.40625,0.171875,1.4375],"rotation":0,"texture":"#0","tintindex":0},"up":{"uv":[1.015625,1.1875,0.609375,1.015625],"rotation":0,"texture":"#0","tintindex":0},"down":{"uv":[1.421875,0.84375,1.015625,1.015625],"rotation":0,"texture":"#0","tintindex":0}}},{"from":[3.3942852,8.034286,4.8999996],"to":[12.605715,8.742857,8.797143],"rotation":{"angle":0.0,"axis":"y","origin":[8.0,3.4285712,7.38]},"faces":{"east":{"uv":[1.265625,1.375,1.4375,1.40625],"rotation":0,"texture":"#0","tintindex":0},"south":{"uv":[1.203125,1.3125,1.609375,1.34375],"rotation":0,"texture":"#0","tintindex":0},"north":{"uv":[0.796875,1.3125,1.203125,1.34375],"rotation":0,"texture":"#0","tintindex":0},"west":{"uv":[0.0,1.40625,0.171875,1.4375],"rotation":0,"texture":"#0","tintindex":0},"up":{"uv":[1.015625,1.1875,0.609375,1.015625],"rotation":0,"texture":"#0","tintindex":0},"down":{"uv":[1.421875,0.84375,1.015625,1.015625],"rotation":0,"texture":"#0","tintindex":0}}},{"from":[2.6857138,3.4285712,4.8999996],"to":[3.3942852,16.182858,9.505714],"rotation":{"angle":0.0,"axis":"y","origin":[8.0,3.4285712,7.38]},"faces":{"east":{"uv":[0.203125,1.4375,0.40625,2.0],"rotation":0,"texture":"#0","tintindex":0},"south":{"uv":[0.703125,1.1875,0.734375,1.75],"rotation":0,"texture":"#0","tintindex":0},"north":{"uv":[0.671875,1.1875,0.703125,1.75],"rotation":0,"texture":"#0","tintindex":0},"west":{"uv":[0.40625,0.84375,0.609375,1.40625],"rotation":0,"texture":"#0","tintindex":0},"up":{"uv":[0.890625,1.578125,0.859375,1.375],"rotation":0,"texture":"#0","tintindex":0},"down":{"uv":[0.921875,1.375,0.890625,1.578125],"rotation":0,"texture":"#0","tintindex":0}}},{"from":[12.605715,3.4285712,4.8999996],"to":[13.314286,16.182858,9.505714],"rotation":{"angle":0.0,"axis":"y","origin":[8.0,3.4285712,7.38]},"faces":{"east":{"uv":[0.609375,0.84375,0.40625,1.40625],"rotation":0,"texture":"#0","tintindex":0},"south":{"uv":[0.734375,1.1875,0.703125,1.75],"rotation":0,"texture":"#0","tintindex":0},"north":{"uv":[0.703125,1.1875,0.671875,1.75],"rotation":0,"texture":"#0","tintindex":0},"west":{"uv":[0.40625,1.4375,0.203125,2.0],"rotation":0,"texture":"#0","tintindex":0},"up":{"uv":[0.859375,1.578125,0.890625,1.375],"rotation":0,"texture":"#0","tintindex":0},"down":{"uv":[0.890625,1.375,0.921875,1.578125],"rotation":0,"texture":"#0","tintindex":0}}}],"textures":{"0":"json:/medieval_bookshelf"},"display":{"head":{"translation":[0.0,-6.4,0.0],"scale":[4.0,4.0,4.0]}}}