{"textures":{"0":"dragonien:entity/chest_4"},"elements":[{"from":[0.0,8.0,-4.0],"to":[15.0,14.0,10.0],"faces":{"east":{"uv":[9.333334,0.0,14.0,2.0],"tintindex":0,"rotation":0,"texture":"#0"},"south":{"uv":[0.0,9.333334,5.0,11.333334],"tintindex":0,"rotation":0,"texture":"#0"},"north":{"uv":[5.0,8.0,10.0,10.0],"tintindex":0,"rotation":0,"texture":"#0"},"west":{"uv":[14.0,0.0,9.333334,2.0],"tintindex":0,"rotation":0,"texture":"#0"},"up":{"uv":[5.0,4.666667,0.0,0.0],"tintindex":0,"rotation":0,"texture":"#0"},"down":{"uv":[5.0,4.666667,0.0,9.333334],"tintindex":0,"rotation":0,"texture":"#0"}}}],"display":{"gui":{"rotation":[30,225,0]}}}