{"textures":{"0":"dragonien:entity/chest_4"},"elements":[{"from":[6.0,6.0,8.0],"to":[9.0,10.0,9.0],"faces":{"east":{"uv":[11.0,10.0,11.333334,11.333334],"tintindex":0,"rotation":0,"texture":"#0"},"south":{"uv":[10.0,10.0,11.0,11.333334],"tintindex":0,"rotation":0,"texture":"#0"},"north":{"uv":[9.0,10.0,10.0,11.333334],"tintindex":0,"rotation":0,"texture":"#0"},"west":{"uv":[0.0,11.333334,0.33333334,12.666667],"tintindex":0,"rotation":0,"texture":"#0"},"up":{"uv":[1.3333334,11.666667,0.33333334,11.333334],"tintindex":0,"rotation":0,"texture":"#0"},"down":{"uv":[2.3333335,11.333334,1.3333334,11.666667],"tintindex":0,"rotation":0,"texture":"#0"}}}],"display":{"gui":{"rotation":[30,225,0]}}}