{"textures":{"0":"dragonien:entity/windrazor"},"elements":[{"from":[9.714286,8.0,8.0],"to":[15.428572,9.142858,9.142858],"rotation":{"angle":0.0,"axis":"y","origin":[12.571428,9.142858,12.571428]},"faces":{"east":{"uv":[9.0,13.0,10.0,14.0],"rotation":0,"texture":"#0","tintindex":0},"south":{"uv":[3.0,12.0,9.0,13.0],"rotation":0,"texture":"#0","tintindex":0},"north":{"uv":[3.0,13.0,9.0,14.0],"rotation":0,"texture":"#0","tintindex":0},"west":{"uv":[9.0,11.0,10.0,12.0],"rotation":0,"texture":"#0","tintindex":0},"up":{"uv":[9.0,15.0,3.0,14.0],"rotation":0,"texture":"#0","tintindex":0},"down":{"uv":[9.0,15.0,3.0,16.0],"rotation":0,"texture":"#0","tintindex":0}}},{"from":[3.4285712,8.571428,13.257143],"to":[21.714287,8.571428,13.828571],"rotation":{"angle":0.0,"axis":"y","origin":[13.142858,8.857143,13.542857]},"faces":{"east":{"uv":[2.5,13.0,3.5,14.0],"rotation":0,"texture":"#0","tintindex":0},"south":{"uv":[0.0,14.0,3.0,15.0],"rotation":0,"texture":"#0","tintindex":0},"north":{"uv":[0.0,14.0,3.0,15.0],"rotation":0,"texture":"#0","tintindex":0},"west":{"uv":[2.5,13.0,3.5,14.0],"rotation":0,"texture":"#0","tintindex":0},"up":{"uv":[3.5,14.0,2.5,13.0],"rotation":0,"texture":"#0","tintindex":0},"down":{"uv":[3.0,14.0,0.0,15.0],"rotation":0,"texture":"#0","tintindex":0}}},{"from":[7.871569,8.0,9.119207],"to":[10.157284,9.714286,13.119207],"rotation":{"angle":-22.5,"axis":"y","origin":[12.571428,9.142858,12.342857]},"faces":{"east":{"uv":[0.0,7.0,3.5,8.5],"rotation":0,"texture":"#0","tintindex":0},"south":{"uv":[10.0,1.5,12.0,3.0],"rotation":0,"texture":"#0","tintindex":0},"north":{"uv":[10.0,0.0,12.0,1.5],"rotation":0,"texture":"#0","tintindex":0},"west":{"uv":[7.0,3.0,10.5,4.5],"rotation":0,"texture":"#0","tintindex":0},"up":{"uv":[7.0,6.5,5.0,3.0],"rotation":0,"texture":"#0","tintindex":0},"down":{"uv":[7.0,6.5,5.0,10.0],"rotation":0,"texture":"#0","tintindex":0}}},{"from":[4.0571427,7.9428573,9.485714],"to":[9.885715,9.2,11.314285],"rotation":{"angle":0.0,"axis":"y","origin":[11.542857,9.142858,11.257143]},"faces":{"east":{"uv":[6.5,10.5,8.0,11.5],"rotation":0,"texture":"#0","tintindex":0},"south":{"uv":[7.0,5.5,12.0,6.5],"rotation":0,"texture":"#0","tintindex":0},"north":{"uv":[7.0,4.5,12.0,5.5],"rotation":0,"texture":"#0","tintindex":0},"west":{"uv":[10.5,6.5,12.0,7.5],"rotation":0,"texture":"#0","tintindex":0},"up":{"uv":[10.0,1.5,5.0,0.0],"rotation":0,"texture":"#0","tintindex":0},"down":{"uv":[10.0,1.5,5.0,3.0],"rotation":0,"texture":"#0","tintindex":0}}},{"from":[4.529543,8.057143,13.133197],"to":[5.729543,9.085714,17.018911],"rotation":{"angle":-22.5,"axis":"y","origin":[11.771429,9.142858,10.857143]},"faces":{"east":{"uv":[7.0,6.5,10.5,7.5],"rotation":0,"texture":"#0","tintindex":0},"south":{"uv":[8.0,10.5,9.0,11.5],"rotation":0,"texture":"#0","tintindex":0},"north":{"uv":[10.5,7.5,11.5,8.5],"rotation":0,"texture":"#0","tintindex":0},"west":{"uv":[7.0,7.5,10.5,8.5],"rotation":0,"texture":"#0","tintindex":0},"up":{"uv":[4.5,10.5,3.5,7.0],"rotation":0,"texture":"#0","tintindex":0},"down":{"uv":[1.0,8.5,0.0,12.0],"rotation":0,"texture":"#0","tintindex":0}}},{"from":[-0.86319923,8.348572,10.099634],"to":[3.1253724,8.908571,10.659635],"rotation":{"angle":22.5,"axis":"y","origin":[12.0,9.485714,11.085714]},"faces":{"east":{"uv":[4.5,7.0,5.0,7.5],"rotation":0,"texture":"#0","tintindex":0},"south":{"uv":[10.5,3.0,14.0,3.5],"rotation":0,"texture":"#0","tintindex":0},"north":{"uv":[3.0,10.5,6.5,11.0],"rotation":0,"texture":"#0","tintindex":0},"west":{"uv":[4.5,7.5,5.0,8.0],"rotation":0,"texture":"#0","tintindex":0},"up":{"uv":[14.0,4.0,10.5,3.5],"rotation":0,"texture":"#0","tintindex":0},"down":{"uv":[14.0,4.0,10.5,4.5],"rotation":0,"texture":"#0","tintindex":0}}},{"from":[9.014426,6.285714,9.119207],"to":[9.014426,11.428572,14.833493],"rotation":{"angle":-22.5,"axis":"y","origin":[12.571428,9.142858,12.342857]},"faces":{"east":{"uv":[0.0,0.0,5.0,4.5],"rotation":0,"texture":"#0","tintindex":0},"south":{"uv":[0.0,0.0,0.0,3.5],"rotation":0,"texture":"#0","tintindex":0},"north":{"uv":[0.0,0.0,0.0,3.5],"rotation":0,"texture":"#0","tintindex":0},"west":{"uv":[5.0,0.0,0.0,4.5],"rotation":0,"texture":"#0","tintindex":0},"up":{"uv":[0.0,5.0,0.0,0.0],"rotation":0,"texture":"#0","tintindex":0},"down":{"uv":[0.0,0.0,0.0,5.0],"rotation":0,"texture":"#0","tintindex":0}}},{"from":[3.329543,8.571428,13.076054],"to":[4.643829,8.571428,17.076054],"rotation":{"angle":-22.5,"axis":"y","origin":[11.771429,9.142858,10.857143]},"faces":{"east":{"uv":[0.0,0.0,3.5,0.0],"rotation":0,"texture":"#0","tintindex":0},"south":{"uv":[0.0,0.0,1.0,0.0],"rotation":0,"texture":"#0","tintindex":0},"north":{"uv":[0.0,0.0,1.0,0.0],"rotation":0,"texture":"#0","tintindex":0},"west":{"uv":[0.0,0.0,3.5,0.0],"rotation":0,"texture":"#0","tintindex":0},"up":{"uv":[2.0,12.0,1.0,8.5],"rotation":0,"texture":"#0","tintindex":0},"down":{"uv":[3.0,8.5,2.0,12.0],"rotation":0,"texture":"#0","tintindex":0}}},{"from":[-0.86319923,8.634286,10.671063],"to":[3.1253724,8.622857,11.802492],"rotation":{"angle":22.5,"axis":"y","origin":[12.0,9.485714,11.085714]},"faces":{"east":{"uv":[0.0,0.0,1.0,0.0],"rotation":0,"texture":"#0","tintindex":0},"south":{"uv":[0.0,0.0,3.5,0.0],"rotation":0,"texture":"#0","tintindex":0},"north":{"uv":[0.0,0.0,3.5,0.0],"rotation":0,"texture":"#0","tintindex":0},"west":{"uv":[0.0,0.0,1.0,0.0],"rotation":0,"texture":"#0","tintindex":0},"up":{"uv":[10.5,9.5,7.0,8.5],"rotation":0,"texture":"#0","tintindex":0},"down":{"uv":[10.5,8.5,7.0,9.5],"rotation":0,"texture":"#0","tintindex":0}}},{"from":[15.257143,7.9428573,9.485714],"to":[21.085714,9.2,11.314285],"rotation":{"angle":0.0,"axis":"y","origin":[13.6,9.142858,11.257143]},"faces":{"east":{"uv":[12.0,6.5,10.5,7.5],"rotation":0,"texture":"#0","tintindex":0},"south":{"uv":[12.0,5.5,7.0,6.5],"rotation":0,"texture":"#0","tintindex":0},"north":{"uv":[12.0,4.5,7.0,5.5],"rotation":0,"texture":"#0","tintindex":0},"west":{"uv":[8.0,10.5,6.5,11.5],"rotation":0,"texture":"#0","tintindex":0},"up":{"uv":[5.0,1.5,10.0,0.0],"rotation":0,"texture":"#0","tintindex":0},"down":{"uv":[5.0,1.5,10.0,3.0],"rotation":0,"texture":"#0","tintindex":0}}},{"from":[14.985574,8.0,9.119207],"to":[17.27129,9.714286,13.119207],"rotation":{"angle":22.5,"axis":"y","origin":[12.571428,9.142858,12.342857]},"faces":{"east":{"uv":[10.5,3.0,7.0,4.5],"rotation":0,"texture":"#0","tintindex":0},"south":{"uv":[12.0,1.5,10.0,3.0],"rotation":0,"texture":"#0","tintindex":0},"north":{"uv":[12.0,0.0,10.0,1.5],"rotation":0,"texture":"#0","tintindex":0},"west":{"uv":[3.5,7.0,0.0,8.5],"rotation":0,"texture":"#0","tintindex":0},"up":{"uv":[5.0,6.5,7.0,3.0],"rotation":0,"texture":"#0","tintindex":0},"down":{"uv":[5.0,6.5,7.0,10.0],"rotation":0,"texture":"#0","tintindex":0}}},{"from":[19.413315,8.057143,13.133197],"to":[20.613316,9.085714,17.018911],"rotation":{"angle":22.5,"axis":"y","origin":[13.3714285,9.142858,10.857143]},"faces":{"east":{"uv":[10.5,7.5,7.0,8.5],"rotation":0,"texture":"#0","tintindex":0},"south":{"uv":[9.0,10.5,8.0,11.5],"rotation":0,"texture":"#0","tintindex":0},"north":{"uv":[11.5,7.5,10.5,8.5],"rotation":0,"texture":"#0","tintindex":0},"west":{"uv":[10.5,6.5,7.0,7.5],"rotation":0,"texture":"#0","tintindex":0},"up":{"uv":[3.5,10.5,4.5,7.0],"rotation":0,"texture":"#0","tintindex":0},"down":{"uv":[0.0,8.5,1.0,12.0],"rotation":0,"texture":"#0","tintindex":0}}},{"from":[22.017485,8.348572,10.099634],"to":[26.006056,8.908571,10.659635],"rotation":{"angle":-22.5,"axis":"y","origin":[13.142858,9.485714,11.085714]},"faces":{"east":{"uv":[5.0,7.5,4.5,8.0],"rotation":0,"texture":"#0","tintindex":0},"south":{"uv":[14.0,3.0,10.5,3.5],"rotation":0,"texture":"#0","tintindex":0},"north":{"uv":[6.5,10.5,3.0,11.0],"rotation":0,"texture":"#0","tintindex":0},"west":{"uv":[5.0,7.0,4.5,7.5],"rotation":0,"texture":"#0","tintindex":0},"up":{"uv":[10.5,4.0,14.0,3.5],"rotation":0,"texture":"#0","tintindex":0},"down":{"uv":[10.5,4.0,14.0,4.5],"rotation":0,"texture":"#0","tintindex":0}}},{"from":[22.017485,8.634286,10.671063],"to":[26.006056,8.622857,11.802492],"rotation":{"angle":-22.5,"axis":"y","origin":[13.142858,9.485714,11.085714]},"faces":{"east":{"uv":[1.0,0.0,0.0,0.0],"rotation":0,"texture":"#0","tintindex":0},"south":{"uv":[3.5,0.0,0.0,0.0],"rotation":0,"texture":"#0","tintindex":0},"north":{"uv":[3.5,0.0,0.0,0.0],"rotation":0,"texture":"#0","tintindex":0},"west":{"uv":[1.0,0.0,0.0,0.0],"rotation":0,"texture":"#0","tintindex":0},"up":{"uv":[7.0,9.5,10.5,8.5],"rotation":0,"texture":"#0","tintindex":0},"down":{"uv":[7.0,9.5,10.5,10.5],"rotation":0,"texture":"#0","tintindex":0}}},{"from":[20.499027,8.571428,13.076054],"to":[21.813314,8.571428,17.076054],"rotation":{"angle":22.5,"axis":"y","origin":[13.3714285,9.142858,10.857143]},"faces":{"east":{"uv":[3.5,0.0,0.0,0.0],"rotation":0,"texture":"#0","tintindex":0},"south":{"uv":[1.0,0.0,0.0,0.0],"rotation":0,"texture":"#0","tintindex":0},"north":{"uv":[1.0,0.0,0.0,0.0],"rotation":0,"texture":"#0","tintindex":0},"west":{"uv":[3.5,0.0,0.0,0.0],"rotation":0,"texture":"#0","tintindex":0},"up":{"uv":[1.0,12.0,2.0,8.5],"rotation":0,"texture":"#0","tintindex":0},"down":{"uv":[2.0,8.5,3.0,12.0],"rotation":0,"texture":"#0","tintindex":0}}},{"from":[16.128431,6.285714,9.119207],"to":[16.128431,11.428572,14.833493],"rotation":{"angle":22.5,"axis":"y","origin":[12.571428,9.142858,12.342857]},"faces":{"east":{"uv":[0.0,0.0,5.0,4.5],"rotation":0,"texture":"#0","tintindex":0},"south":{"uv":[0.0,0.0,0.0,3.5],"rotation":0,"texture":"#0","tintindex":0},"north":{"uv":[0.0,0.0,0.0,3.5],"rotation":0,"texture":"#0","tintindex":0},"west":{"uv":[5.0,0.0,0.0,4.5],"rotation":0,"texture":"#0","tintindex":0},"up":{"uv":[0.0,5.0,0.0,0.0],"rotation":0,"texture":"#0","tintindex":0},"down":{"uv":[0.0,0.0,0.0,5.0],"rotation":0,"texture":"#0","tintindex":0}}}],"display":{"head":{"translation":[0.0,-6.4,0.0],"scale":[4.0,4.0,4.0]}}}