{"textures":{"0":"dragonien:entity/windrazor"},"elements":[{"from":[14.112377,8.0,8.979306],"to":[16.112377,9.5,12.479306],"faces":{"east":{"uv":[10.5,3.0,7.0,4.5],"tintindex":0,"rotation":0,"texture":"#0"},"south":{"uv":[12.0,1.5,10.0,3.0],"tintindex":0,"rotation":0,"texture":"#0"},"north":{"uv":[12.0,0.0,10.0,1.5],"tintindex":0,"rotation":0,"texture":"#0"},"west":{"uv":[3.5,7.0,0.0,8.5],"tintindex":0,"rotation":0,"texture":"#0"},"up":{"uv":[5.0,6.5,7.0,3.0],"tintindex":0,"rotation":0,"texture":"#0"},"down":{"uv":[5.0,6.5,7.0,10.0],"tintindex":0,"rotation":0,"texture":"#0"}},"rotation":{"origin":[12.0,9.0,11.8],"angle":22.5,"axis":"y"}},{"from":[9.5,8.0,8.0],"to":[14.5,9.0,9.0],"faces":{"east":{"uv":[9.0,13.0,10.0,14.0],"tintindex":0,"rotation":0,"texture":"#0"},"south":{"uv":[3.0,12.0,9.0,13.0],"tintindex":0,"rotation":0,"texture":"#0"},"north":{"uv":[3.0,13.0,9.0,14.0],"tintindex":0,"rotation":0,"texture":"#0"},"west":{"uv":[9.0,11.0,10.0,12.0],"tintindex":0,"rotation":0,"texture":"#0"},"up":{"uv":[9.0,15.0,3.0,14.0],"tintindex":0,"rotation":0,"texture":"#0"},"down":{"uv":[9.0,15.0,3.0,16.0],"tintindex":0,"rotation":0,"texture":"#0"}}},{"from":[0.24470139,8.555,10.33718],"to":[3.7347012,8.545,11.32718],"faces":{"up":{"uv":[10.5,9.5,7.0,8.5],"tintindex":0,"rotation":0,"texture":"#0"},"down":{"uv":[10.5,8.5,7.0,9.5],"tintindex":0,"rotation":0,"texture":"#0"}},"rotation":{"origin":[11.5,9.3,10.7],"angle":22.5,"axis":"y"}},{"from":[14.349999,7.95,9.299999],"to":[19.45,9.05,10.9],"faces":{"east":{"uv":[12.0,6.5,10.5,7.5],"tintindex":0,"rotation":0,"texture":"#0"},"south":{"uv":[12.0,5.5,7.0,6.5],"tintindex":0,"rotation":0,"texture":"#0"},"north":{"uv":[12.0,4.5,7.0,5.5],"tintindex":0,"rotation":0,"texture":"#0"},"west":{"uv":[8.0,10.5,6.5,11.5],"tintindex":0,"rotation":0,"texture":"#0"},"up":{"uv":[5.0,1.5,10.0,0.0],"tintindex":0,"rotation":0,"texture":"#0"},"down":{"uv":[5.0,1.5,10.0,3.0],"tintindex":0,"rotation":0,"texture":"#0"}}},{"from":[4.0,8.5,12.6],"to":[20.0,8.5,13.1],"faces":{"east":{"uv":[2.5,13.0,3.5,14.0],"tintindex":0,"rotation":0,"texture":"#0"},"south":{"uv":[0.0,14.0,3.0,15.0],"tintindex":0,"rotation":0,"texture":"#0"},"north":{"uv":[0.0,14.0,3.0,15.0],"tintindex":0,"rotation":0,"texture":"#0"},"west":{"uv":[2.5,13.0,3.5,14.0],"tintindex":0,"rotation":0,"texture":"#0"},"up":{"uv":[3.5,14.0,2.5,13.0],"tintindex":0,"rotation":0,"texture":"#0"},"down":{"uv":[3.0,14.0,0.0,15.0],"tintindex":0,"rotation":0,"texture":"#0"}}},{"from":[0.24470139,8.305,9.83718],"to":[3.7347012,8.795,10.32718],"faces":{"east":{"uv":[4.5,7.0,5.0,7.5],"tintindex":0,"rotation":0,"texture":"#0"},"south":{"uv":[10.5,3.0,14.0,3.5],"tintindex":0,"rotation":0,"texture":"#0"},"north":{"uv":[3.0,10.5,6.5,11.0],"tintindex":0,"rotation":0,"texture":"#0"},"west":{"uv":[4.5,7.5,5.0,8.0],"tintindex":0,"rotation":0,"texture":"#0"},"up":{"uv":[14.0,4.0,10.5,3.5],"tintindex":0,"rotation":0,"texture":"#0"},"down":{"uv":[14.0,4.0,10.5,4.5],"tintindex":0,"rotation":0,"texture":"#0"}},"rotation":{"origin":[11.5,9.3,10.7],"angle":22.5,"axis":"y"}},{"from":[8.887623,6.5,8.979306],"to":[8.887623,11.0,13.979306],"faces":{"east":{"uv":[0.0,0.0,5.0,4.5],"tintindex":0,"rotation":0,"texture":"#0"},"west":{"uv":[5.0,0.0,0.0,4.5],"tintindex":0,"rotation":0,"texture":"#0"}},"rotation":{"origin":[12.0,9.0,11.8],"angle":-22.5,"axis":"y"}},{"from":[4.55,7.95,9.299999],"to":[9.65,9.05,10.9],"faces":{"east":{"uv":[6.5,10.5,8.0,11.5],"tintindex":0,"rotation":0,"texture":"#0"},"south":{"uv":[7.0,5.5,12.0,6.5],"tintindex":0,"rotation":0,"texture":"#0"},"north":{"uv":[7.0,4.5,12.0,5.5],"tintindex":0,"rotation":0,"texture":"#0"},"west":{"uv":[10.5,6.5,12.0,7.5],"tintindex":0,"rotation":0,"texture":"#0"},"up":{"uv":[10.0,1.5,5.0,0.0],"tintindex":0,"rotation":0,"texture":"#0"},"down":{"uv":[10.0,1.5,5.0,3.0],"tintindex":0,"rotation":0,"texture":"#0"}}},{"from":[3.9133506,8.5,12.441547],"to":[5.0633507,8.5,15.941547],"faces":{"up":{"uv":[2.0,12.0,1.0,8.5],"tintindex":0,"rotation":0,"texture":"#0"},"down":{"uv":[3.0,8.5,2.0,12.0],"tintindex":0,"rotation":0,"texture":"#0"}},"rotation":{"origin":[11.3,9.0,10.5],"angle":-22.5,"axis":"y"}},{"from":[20.265299,8.305,9.83718],"to":[23.7553,8.795,10.32718],"faces":{"east":{"uv":[5.0,7.5,4.5,8.0],"tintindex":0,"rotation":0,"texture":"#0"},"south":{"uv":[14.0,3.0,10.5,3.5],"tintindex":0,"rotation":0,"texture":"#0"},"north":{"uv":[6.5,10.5,3.0,11.0],"tintindex":0,"rotation":0,"texture":"#0"},"west":{"uv":[5.0,7.0,4.5,7.5],"tintindex":0,"rotation":0,"texture":"#0"},"up":{"uv":[10.5,4.0,14.0,3.5],"tintindex":0,"rotation":0,"texture":"#0"},"down":{"uv":[10.5,4.0,14.0,4.5],"tintindex":0,"rotation":0,"texture":"#0"}},"rotation":{"origin":[12.5,9.3,10.7],"angle":-22.5,"axis":"y"}},{"from":[18.93665,8.5,12.441547],"to":[20.08665,8.5,15.941547],"faces":{"up":{"uv":[1.0,12.0,2.0,8.5],"tintindex":0,"rotation":0,"texture":"#0"},"down":{"uv":[2.0,8.5,3.0,12.0],"tintindex":0,"rotation":0,"texture":"#0"}},"rotation":{"origin":[12.7,9.0,10.5],"angle":22.5,"axis":"y"}},{"from":[20.265299,8.555,10.33718],"to":[23.7553,8.545,11.32718],"faces":{"up":{"uv":[7.0,9.5,10.5,8.5],"tintindex":0,"rotation":0,"texture":"#0"},"down":{"uv":[7.0,9.5,10.5,10.5],"tintindex":0,"rotation":0,"texture":"#0"}},"rotation":{"origin":[12.5,9.3,10.7],"angle":-22.5,"axis":"y"}},{"from":[7.8876233,8.0,8.979306],"to":[9.887623,9.5,12.479306],"faces":{"east":{"uv":[0.0,7.0,3.5,8.5],"tintindex":0,"rotation":0,"texture":"#0"},"south":{"uv":[10.0,1.5,12.0,3.0],"tintindex":0,"rotation":0,"texture":"#0"},"north":{"uv":[10.0,0.0,12.0,1.5],"tintindex":0,"rotation":0,"texture":"#0"},"west":{"uv":[7.0,3.0,10.5,4.5],"tintindex":0,"rotation":0,"texture":"#0"},"up":{"uv":[7.0,6.5,5.0,3.0],"tintindex":0,"rotation":0,"texture":"#0"},"down":{"uv":[7.0,6.5,5.0,10.0],"tintindex":0,"rotation":0,"texture":"#0"}},"rotation":{"origin":[12.0,9.0,11.8],"angle":-22.5,"axis":"y"}},{"from":[15.112377,6.5,8.979306],"to":[15.112377,11.0,13.979306],"faces":{"east":{"uv":[0.0,0.0,5.0,4.5],"tintindex":0,"rotation":0,"texture":"#0"},"west":{"uv":[5.0,0.0,0.0,4.5],"tintindex":0,"rotation":0,"texture":"#0"}},"rotation":{"origin":[12.0,9.0,11.8],"angle":22.5,"axis":"y"}},{"from":[4.9633503,8.05,12.491548],"to":[6.0133505,8.95,15.891547],"faces":{"east":{"uv":[7.0,6.5,10.5,7.5],"tintindex":0,"rotation":0,"texture":"#0"},"south":{"uv":[8.0,10.5,9.0,11.5],"tintindex":0,"rotation":0,"texture":"#0"},"north":{"uv":[10.5,7.5,11.5,8.5],"tintindex":0,"rotation":0,"texture":"#0"},"west":{"uv":[7.0,7.5,10.5,8.5],"tintindex":0,"rotation":0,"texture":"#0"},"up":{"uv":[4.5,10.5,3.5,7.0],"tintindex":0,"rotation":0,"texture":"#0"},"down":{"uv":[1.0,8.5,0.0,12.0],"tintindex":0,"rotation":0,"texture":"#0"}},"rotation":{"origin":[11.3,9.0,10.5],"angle":-22.5,"axis":"y"}},{"from":[17.986649,8.05,12.491548],"to":[19.03665,8.95,15.891547],"faces":{"east":{"uv":[10.5,7.5,7.0,8.5],"tintindex":0,"rotation":0,"texture":"#0"},"south":{"uv":[9.0,10.5,8.0,11.5],"tintindex":0,"rotation":0,"texture":"#0"},"north":{"uv":[11.5,7.5,10.5,8.5],"tintindex":0,"rotation":0,"texture":"#0"},"west":{"uv":[10.5,6.5,7.0,7.5],"tintindex":0,"rotation":0,"texture":"#0"},"up":{"uv":[3.5,10.5,4.5,7.0],"tintindex":0,"rotation":0,"texture":"#0"},"down":{"uv":[0.0,8.5,1.0,12.0],"tintindex":0,"rotation":0,"texture":"#0"}},"rotation":{"origin":[12.7,9.0,10.5],"angle":22.5,"axis":"y"}}],"display":{"gui":{"rotation":[30,225,0]}}}