{
	"credit": "Made with Blockbench",
	"texture_size": [64, 64],
	"textures": {
		"0": "custom/weapons/mage/staff_ruby",
		"particle": "custom/weapons/mage/staff_ruby"
	},
	"elements": [
		{
			"from": [7, -4, 7],
			"to": [9, 14, 9],
			"rotation": {"angle": 0, "axis": "y", "origin": [8, 13.69573, 8]},
			"faces": {
				"north": {"uv": [0, 0, 0.5, 4.5], "texture": "#0"},
				"east": {"uv": [0.5, 0, 1, 4.5], "texture": "#0"},
				"south": {"uv": [1, 0, 1.5, 4.5], "texture": "#0"},
				"west": {"uv": [1.5, 0, 2, 4.5], "texture": "#0"},
				"up": {"uv": [5.5, 6.5, 5, 6], "texture": "#0"},
				"down": {"uv": [6, 6, 5.5, 6.5], "texture": "#0"}
			}
		},
		{
			"from": [6.5, -5, 6.5],
			"to": [9.5, -4, 9.5],
			"rotation": {"angle": 0, "axis": "y", "origin": [8, 13.69573, 8]},
			"faces": {
				"north": {"uv": [6.75, 1.75, 7.5, 2], "texture": "#0"},
				"east": {"uv": [6.75, 3.25, 7.5, 3.5], "texture": "#0"},
				"south": {"uv": [3.5, 6.75, 4.25, 7], "texture": "#0"},
				"west": {"uv": [6.75, 3.5, 7.5, 3.75], "texture": "#0"},
				"up": {"uv": [2.75, 3.25, 2, 2.5], "texture": "#0"},
				"down": {"uv": [3.5, 2.5, 2.75, 3.25], "texture": "#0"}
			}
		},
		{
			"from": [7.25, -5.25, 6.25],
			"to": [8.75, -3.75, 9.75],
			"rotation": {"angle": -45, "axis": "z", "origin": [8, -4.5, 8]},
			"faces": {
				"north": {"uv": [3.5, 6.25, 4, 6.75], "texture": "#0"},
				"east": {"uv": [4.5, 1, 5.5, 1.5], "texture": "#0"},
				"south": {"uv": [6.25, 3.75, 6.75, 4.25], "texture": "#0"},
				"west": {"uv": [4.5, 1.5, 5.5, 2], "texture": "#0"},
				"up": {"uv": [2, 5.5, 1.5, 4.5], "texture": "#0"},
				"down": {"uv": [3, 4.5, 2.5, 5.5], "texture": "#0"}
			}
		},
		{
			"from": [7.25, -6, 6.75],
			"to": [8.5, -4.75, 9.25],
			"rotation": {"angle": -45, "axis": "z", "origin": [8, -5.5, 8]},
			"faces": {
				"north": {"uv": [8.25, 2, 8.5, 2.25], "texture": "#0"},
				"east": {"uv": [7.25, 3, 8, 3.25], "texture": "#0"},
				"south": {"uv": [2.25, 8.25, 2.5, 8.5], "texture": "#0"},
				"west": {"uv": [3.75, 7.25, 4.5, 7.5], "texture": "#0"},
				"up": {"uv": [4.75, 8, 4.5, 7.25], "texture": "#0"},
				"down": {"uv": [5, 7.25, 4.75, 8], "texture": "#0"}
			}
		},
		{
			"from": [6.25, -5.25, 7.25],
			"to": [9.75, -3.75, 8.75],
			"rotation": {"angle": 45, "axis": "x", "origin": [8, -4.5, 8]},
			"faces": {
				"north": {"uv": [3, 4.5, 4, 5], "texture": "#0"},
				"east": {"uv": [4, 6.25, 4.5, 6.75], "texture": "#0"},
				"south": {"uv": [4, 4.5, 5, 5], "texture": "#0"},
				"west": {"uv": [4.5, 6.25, 5, 6.75], "texture": "#0"},
				"up": {"uv": [5.75, 4, 4.75, 3.5], "texture": "#0"},
				"down": {"uv": [5.75, 4, 4.75, 4.5], "texture": "#0"}
			}
		},
		{
			"from": [6.75, -6, 7.25],
			"to": [9.25, -4.75, 8.5],
			"rotation": {"angle": 45, "axis": "x", "origin": [8, -5.5, 8]},
			"faces": {
				"north": {"uv": [7.25, 5, 8, 5.25], "texture": "#0"},
				"east": {"uv": [8.25, 2.25, 8.5, 2.5], "texture": "#0"},
				"south": {"uv": [7.25, 5.25, 8, 5.5], "texture": "#0"},
				"west": {"uv": [2.5, 8.25, 2.75, 8.5], "texture": "#0"},
				"up": {"uv": [8, 5.75, 7.25, 5.5], "texture": "#0"},
				"down": {"uv": [6.5, 7.25, 5.75, 7.5], "texture": "#0"}
			}
		},
		{
			"from": [6.75, 18.5, 6.75],
			"to": [9.25, 21, 9.25],
			"rotation": {"angle": 0, "axis": "y", "origin": [8, 10.75, 8]},
			"faces": {
				"north": {"uv": [3.25, 1.5, 4, 2.25], "texture": "#0"},
				"east": {"uv": [2, 3.25, 2.75, 4], "texture": "#0"},
				"south": {"uv": [2.75, 3.25, 3.5, 4], "texture": "#0"},
				"west": {"uv": [3.5, 2.25, 4.25, 3], "texture": "#0"},
				"up": {"uv": [4.25, 3.75, 3.5, 3], "texture": "#0"},
				"down": {"uv": [4.25, 3.75, 3.5, 4.5], "texture": "#0"}
			}
		},
		{
			"from": [7.25, 19, 6.25],
			"to": [8.75, 20.5, 9.75],
			"rotation": {"angle": 0, "axis": "y", "origin": [8, 10.75, 8]},
			"faces": {
				"north": {"uv": [6, 6, 6.5, 6.5], "texture": "#0"},
				"east": {"uv": [4, 0, 5, 0.5], "texture": "#0"},
				"south": {"uv": [0.75, 6.25, 1.25, 6.75], "texture": "#0"},
				"west": {"uv": [4, 0.5, 5, 1], "texture": "#0"},
				"up": {"uv": [4.5, 2, 4, 1], "texture": "#0"},
				"down": {"uv": [2.5, 4, 2, 5], "texture": "#0"}
			}
		},
		{
			"from": [6.25, 19, 7.25],
			"to": [9.75, 20.5, 8.75],
			"rotation": {"angle": 0, "axis": "y", "origin": [8, 10.75, 8]},
			"faces": {
				"north": {"uv": [2.5, 4, 3.5, 4.5], "texture": "#0"},
				"east": {"uv": [1.25, 6.25, 1.75, 6.75], "texture": "#0"},
				"south": {"uv": [4.25, 2, 5.25, 2.5], "texture": "#0"},
				"west": {"uv": [2.5, 6.25, 3, 6.75], "texture": "#0"},
				"up": {"uv": [5.25, 3, 4.25, 2.5], "texture": "#0"},
				"down": {"uv": [5.25, 3, 4.25, 3.5], "texture": "#0"}
			}
		},
		{
			"from": [7.25, 18, 7.25],
			"to": [8.75, 21.5, 8.75],
			"rotation": {"angle": 0, "axis": "y", "origin": [8, 10.75, 8]},
			"faces": {
				"north": {"uv": [4.25, 3.5, 4.75, 4.5], "texture": "#0"},
				"east": {"uv": [0, 4.5, 0.5, 5.5], "texture": "#0"},
				"south": {"uv": [0.5, 4.5, 1, 5.5], "texture": "#0"},
				"west": {"uv": [1, 4.5, 1.5, 5.5], "texture": "#0"},
				"up": {"uv": [3.5, 6.75, 3, 6.25], "texture": "#0"},
				"down": {"uv": [6.75, 3.25, 6.25, 3.75], "texture": "#0"}
			}
		},
		{
			"from": [7.5, 11.9897, 13.31299],
			"to": [8.5, 14.4897, 14.31299],
			"rotation": {"angle": -22.5, "axis": "x", "origin": [8, 15.46868, 12.57373]},
			"faces": {
				"north": {"uv": [7.25, 5, 7, 5.75], "rotation": 180, "texture": "#0"},
				"east": {"uv": [7, 4.5, 7.75, 4.75], "rotation": 270, "texture": "#0"},
				"south": {"uv": [5.25, 7.75, 5, 7], "texture": "#0"},
				"west": {"uv": [7, 4.75, 7.75, 5], "rotation": 90, "texture": "#0"},
				"up": {"uv": [6.75, 8, 7, 8.25], "rotation": 180, "texture": "#0"},
				"down": {"uv": [7, 8, 7.25, 8.25], "texture": "#0"}
			}
		},
		{
			"from": [7.75, 14.82031, 11.57078],
			"to": [8.25, 15.82031, 16.07078],
			"rotation": {"angle": 45, "axis": "x", "origin": [8, 15.46868, 12.57373]},
			"faces": {
				"north": {"uv": [6.25, 8, 6.5, 8.25], "texture": "#0"},
				"east": {"uv": [5, 5.75, 6.25, 6], "texture": "#0"},
				"south": {"uv": [6.5, 8, 6.75, 8.25], "texture": "#0"},
				"west": {"uv": [5.75, 5, 7, 5.25], "texture": "#0"},
				"up": {"uv": [2.5, 7, 2.25, 5.75], "texture": "#0"},
				"down": {"uv": [0.25, 6, 0, 7.25], "texture": "#0"}
			}
		},
		{
			"from": [7.25, 15.7009, 12.14377],
			"to": [8.75, 16.7009, 14.14377],
			"rotation": {"angle": 45, "axis": "x", "origin": [8, 15.46868, 12.57373]},
			"faces": {
				"north": {"uv": [7.25, 6.75, 7.75, 7], "texture": "#0"},
				"east": {"uv": [7.5, 1.75, 8, 2], "texture": "#0"},
				"south": {"uv": [7.5, 3.25, 8, 3.5], "texture": "#0"},
				"west": {"uv": [7.5, 3.5, 8, 3.75], "texture": "#0"},
				"up": {"uv": [7, 0.5, 6.5, 0], "texture": "#0"},
				"down": {"uv": [7, 0.5, 6.5, 1], "texture": "#0"}
			}
		},
		{
			"from": [7, 13.7009, 11.14377],
			"to": [9, 16.7009, 12.14377],
			"rotation": {"angle": 45, "axis": "x", "origin": [8, 15.46868, 12.57373]},
			"faces": {
				"north": {"uv": [2, 5, 2.5, 5.75], "texture": "#0"},
				"east": {"uv": [5.25, 7, 5.5, 7.75], "texture": "#0"},
				"south": {"uv": [5.25, 5, 5.75, 5.75], "texture": "#0"},
				"west": {"uv": [5.5, 7, 5.75, 7.75], "texture": "#0"},
				"up": {"uv": [4.25, 7.75, 3.75, 7.5], "texture": "#0"},
				"down": {"uv": [8, 3.75, 7.5, 4], "texture": "#0"}
			}
		},
		{
			"from": [7.25, 16.61489, 12.35427],
			"to": [8.75, 18.61489, 13.35427],
			"rotation": {"angle": -22.5, "axis": "x", "origin": [8, 15.46868, 12.57373]},
			"faces": {
				"north": {"uv": [3.5, 6.75, 3, 7.25], "rotation": 180, "texture": "#0"},
				"east": {"uv": [8, 2.5, 8.5, 2.75], "rotation": 270, "texture": "#0"},
				"south": {"uv": [3, 7.25, 2.5, 6.75], "texture": "#0"},
				"west": {"uv": [3, 8, 3.5, 8.25], "rotation": 90, "texture": "#0"},
				"up": {"uv": [2.5, 8, 3, 8.25], "rotation": 180, "texture": "#0"},
				"down": {"uv": [8, 2.75, 8.5, 3], "texture": "#0"}
			}
		},
		{
			"from": [6.5, 14, 9.5],
			"to": [9.5, 15, 11.5],
			"rotation": {"angle": 22.5, "axis": "x", "origin": [8, 15.46868, 12.57373]},
			"faces": {
				"north": {"uv": [5.75, 7, 6.5, 7.25], "texture": "#0"},
				"east": {"uv": [7.5, 4, 8, 4.25], "texture": "#0"},
				"south": {"uv": [7, 5.75, 7.75, 6], "texture": "#0"},
				"west": {"uv": [5.75, 7.5, 6.25, 7.75], "texture": "#0"},
				"up": {"uv": [6, 3.5, 5.25, 3], "texture": "#0"},
				"down": {"uv": [0.75, 5.5, 0, 6], "texture": "#0"}
			}
		},
		{
			"from": [4.5, 14, 6.5],
			"to": [6.5, 15, 9.5],
			"rotation": {"angle": 22.5, "axis": "z", "origin": [3.42627, 15.46868, 8]},
			"faces": {
				"north": {"uv": [7.5, 7.25, 8, 7.5], "texture": "#0"},
				"east": {"uv": [7, 6, 7.75, 6.25], "texture": "#0"},
				"south": {"uv": [7.5, 7.5, 8, 7.75], "texture": "#0"},
				"west": {"uv": [7, 6.25, 7.75, 6.5], "texture": "#0"},
				"up": {"uv": [1.25, 6.25, 0.75, 5.5], "texture": "#0"},
				"down": {"uv": [6, 1, 5.5, 1.75], "texture": "#0"}
			}
		},
		{
			"from": [6.35743, 12.31058, 6.5],
			"to": [7.35743, 14.31058, 9.5],
			"rotation": {"angle": -22.5, "axis": "z", "origin": [7.6617, 16.81058, 8]},
			"faces": {
				"north": {"uv": [0.5, 7.5, 0.75, 8], "texture": "#0"},
				"east": {"uv": [4.5, 5, 5.25, 5.5], "texture": "#0"},
				"south": {"uv": [2.5, 7.5, 2.75, 8], "texture": "#0"},
				"west": {"uv": [5, 4.5, 5.75, 5], "texture": "#0"},
				"up": {"uv": [2.25, 7.75, 2, 7], "texture": "#0"},
				"down": {"uv": [2.5, 7, 2.25, 7.75], "texture": "#0"}
			}
		},
		{
			"from": [4.73463, 12.15224, 7.5],
			"to": [5.73463, 13.15224, 8.5],
			"rotation": {"angle": 0, "axis": "z", "origin": [12.0389, 15.65224, 8]},
			"faces": {
				"north": {"uv": [3.25, 2.25, 3.5, 2.5], "texture": "#0"},
				"east": {"uv": [4, 2, 4.25, 2.25], "texture": "#0"},
				"south": {"uv": [1.75, 5.5, 2, 5.75], "texture": "#0"},
				"west": {"uv": [5, 5.5, 5.25, 5.75], "texture": "#0"},
				"up": {"uv": [6.25, 3.5, 6, 3.25], "texture": "#0"},
				"down": {"uv": [6.5, 5.75, 6.25, 6], "texture": "#0"}
			}
		},
		{
			"from": [3.85623, 13.7009, 7],
			"to": [4.85623, 16.7009, 9],
			"rotation": {"angle": 45, "axis": "z", "origin": [3.42627, 15.46868, 8]},
			"faces": {
				"north": {"uv": [6.5, 7, 6.75, 7.75], "texture": "#0"},
				"east": {"uv": [1.25, 5.5, 1.75, 6.25], "texture": "#0"},
				"south": {"uv": [6.75, 7, 7, 7.75], "texture": "#0"},
				"west": {"uv": [2.5, 5.5, 3, 6.25], "texture": "#0"},
				"up": {"uv": [4.5, 8, 4.25, 7.5], "texture": "#0"},
				"down": {"uv": [6.5, 7.5, 6.25, 8], "texture": "#0"}
			}
		},
		{
			"from": [1.85623, 15.7009, 7.25],
			"to": [3.85623, 16.7009, 8.75],
			"rotation": {"angle": 45, "axis": "z", "origin": [3.42627, 15.46868, 8]},
			"faces": {
				"north": {"uv": [7.75, 0.75, 8.25, 1], "texture": "#0"},
				"east": {"uv": [1.75, 7.75, 2.25, 8], "texture": "#0"},
				"south": {"uv": [3.75, 7.75, 4.25, 8], "texture": "#0"},
				"west": {"uv": [7.75, 4.25, 8.25, 4.5], "texture": "#0"},
				"up": {"uv": [2.25, 7, 1.75, 6.5], "texture": "#0"},
				"down": {"uv": [5.5, 6.5, 5, 7], "texture": "#0"}
			}
		},
		{
			"from": [1.68701, 11.9897, 7.5],
			"to": [2.68701, 14.4897, 8.5],
			"rotation": {"angle": -22.5, "axis": "z", "origin": [3.42627, 15.46868, 8]},
			"faces": {
				"north": {"uv": [7, 6.5, 7.75, 6.75], "rotation": 90, "texture": "#0"},
				"east": {"uv": [8, 0, 7.25, 0.25], "rotation": 270, "texture": "#0"},
				"south": {"uv": [7, 7, 7.75, 7.25], "rotation": 270, "texture": "#0"},
				"west": {"uv": [0.75, 7.5, 0, 7.25], "rotation": 270, "texture": "#0"},
				"up": {"uv": [7.25, 8, 7.5, 8.25], "rotation": 270, "texture": "#0"},
				"down": {"uv": [8, 7.25, 8.25, 7.5], "rotation": 270, "texture": "#0"}
			}
		},
		{
			"from": [-0.07078, 14.82031, 7.75],
			"to": [4.42922, 15.82031, 8.25],
			"rotation": {"angle": 45, "axis": "z", "origin": [3.42627, 15.46868, 8]},
			"faces": {
				"north": {"uv": [5.75, 5.25, 7, 5.5], "texture": "#0"},
				"east": {"uv": [7.5, 8, 7.75, 8.25], "texture": "#0"},
				"south": {"uv": [5.75, 5.5, 7, 5.75], "texture": "#0"},
				"west": {"uv": [8, 7.5, 8.25, 7.75], "texture": "#0"},
				"up": {"uv": [7.25, 1.25, 6, 1], "texture": "#0"},
				"down": {"uv": [7.25, 1.25, 6, 1.5], "texture": "#0"}
			}
		},
		{
			"from": [2.64573, 16.61489, 7.5],
			"to": [3.64573, 18.61489, 8.5],
			"rotation": {"angle": -22.5, "axis": "z", "origin": [3.42627, 15.46868, 8]},
			"faces": {
				"north": {"uv": [8, 0, 8.5, 0.25], "rotation": 90, "texture": "#0"},
				"east": {"uv": [8.5, 0.5, 8, 0.75], "rotation": 270, "texture": "#0"},
				"south": {"uv": [8, 0.25, 8.5, 0.5], "rotation": 270, "texture": "#0"},
				"west": {"uv": [1, 8.25, 0.5, 8], "rotation": 270, "texture": "#0"},
				"up": {"uv": [1, 8.25, 1.25, 8.5], "rotation": 270, "texture": "#0"},
				"down": {"uv": [1.25, 8.25, 1.5, 8.5], "rotation": 270, "texture": "#0"}
			}
		},
		{
			"from": [7.5, 12.15224, 10.26537],
			"to": [8.5, 13.15224, 11.26537],
			"rotation": {"angle": 0, "axis": "y", "origin": [8, 15.65224, 3.9611]},
			"faces": {
				"north": {"uv": [4, 8, 4.25, 8.25], "texture": "#0"},
				"east": {"uv": [8, 4, 8.25, 4.25], "texture": "#0"},
				"south": {"uv": [4.25, 8, 4.5, 8.25], "texture": "#0"},
				"west": {"uv": [4.5, 8, 4.75, 8.25], "texture": "#0"},
				"up": {"uv": [5, 8.25, 4.75, 8], "texture": "#0"},
				"down": {"uv": [8.25, 5, 8, 5.25], "texture": "#0"}
			}
		},
		{
			"from": [6.5, 12.31058, 8.64257],
			"to": [9.5, 14.31058, 9.64257],
			"rotation": {"angle": -22.5, "axis": "x", "origin": [8, 16.81058, 8.3383]},
			"faces": {
				"north": {"uv": [3, 5, 3.75, 5.5], "texture": "#0"},
				"east": {"uv": [0, 7.5, 0.25, 8], "texture": "#0"},
				"south": {"uv": [3.75, 5, 4.5, 5.5], "texture": "#0"},
				"west": {"uv": [0.25, 7.5, 0.5, 8], "texture": "#0"},
				"up": {"uv": [7.75, 1, 7, 0.75], "texture": "#0"},
				"down": {"uv": [4.25, 7, 3.5, 7.25], "texture": "#0"}
			}
		},
		{
			"from": [5.5, 14, 5.5],
			"to": [10.5, 15, 10.5],
			"rotation": {"angle": 0, "axis": "y", "origin": [8, 13.69573, 8]},
			"faces": {
				"north": {"uv": [5.5, 1.75, 6.75, 2], "texture": "#0"},
				"east": {"uv": [5.75, 4.25, 7, 4.5], "texture": "#0"},
				"south": {"uv": [5.75, 4.5, 7, 4.75], "texture": "#0"},
				"west": {"uv": [5.75, 4.75, 7, 5], "texture": "#0"},
				"up": {"uv": [3.25, 1.25, 2, 0], "texture": "#0"},
				"down": {"uv": [3.25, 1.25, 2, 2.5], "texture": "#0"}
			}
		},
		{
			"from": [6.5, 13, 6.5],
			"to": [9.5, 14, 9.5],
			"rotation": {"angle": 0, "axis": "y", "origin": [8, 13.69573, 8]},
			"faces": {
				"north": {"uv": [6.75, 3.75, 7.5, 4], "texture": "#0"},
				"east": {"uv": [6.75, 4, 7.5, 4.25], "texture": "#0"},
				"south": {"uv": [4.25, 6.75, 5, 7], "texture": "#0"},
				"west": {"uv": [6.5, 6.75, 7.25, 7], "texture": "#0"},
				"up": {"uv": [4, 0.75, 3.25, 0], "texture": "#0"},
				"down": {"uv": [4, 0.75, 3.25, 1.5], "texture": "#0"}
			}
		},
		{
			"from": [10.26537, 12.15224, 7.5],
			"to": [11.26537, 13.15224, 8.5],
			"rotation": {"angle": 0, "axis": "z", "origin": [3.9611, 15.65224, 8]},
			"faces": {
				"north": {"uv": [5.25, 8, 5.5, 8.25], "texture": "#0"},
				"east": {"uv": [8, 5.25, 8.25, 5.5], "texture": "#0"},
				"south": {"uv": [5.5, 8, 5.75, 8.25], "texture": "#0"},
				"west": {"uv": [8, 5.5, 8.25, 5.75], "texture": "#0"},
				"up": {"uv": [6, 8.25, 5.75, 8], "texture": "#0"},
				"down": {"uv": [6.25, 8, 6, 8.25], "texture": "#0"}
			}
		},
		{
			"from": [8.64257, 12.31058, 6.5],
			"to": [9.64257, 14.31058, 9.5],
			"rotation": {"angle": 22.5, "axis": "z", "origin": [8.3383, 16.81058, 8]},
			"faces": {
				"north": {"uv": [7, 7.25, 7.25, 7.75], "texture": "#0"},
				"east": {"uv": [5, 0, 5.75, 0.5], "texture": "#0"},
				"south": {"uv": [7.25, 7.25, 7.5, 7.75], "texture": "#0"},
				"west": {"uv": [5, 0.5, 5.75, 1], "texture": "#0"},
				"up": {"uv": [7.25, 0.75, 7, 0], "texture": "#0"},
				"down": {"uv": [2, 7, 1.75, 7.75], "texture": "#0"}
			}
		},
		{
			"from": [9.5, 14, 6.5],
			"to": [11.5, 15, 9.5],
			"rotation": {"angle": -22.5, "axis": "z", "origin": [12.57373, 15.46868, 8]},
			"faces": {
				"north": {"uv": [7.75, 4.5, 8.25, 4.75], "texture": "#0"},
				"east": {"uv": [7.25, 0.25, 8, 0.5], "texture": "#0"},
				"south": {"uv": [7.75, 4.75, 8.25, 5], "texture": "#0"},
				"west": {"uv": [7.25, 0.5, 8, 0.75], "texture": "#0"},
				"up": {"uv": [3.5, 6.25, 3, 5.5], "texture": "#0"},
				"down": {"uv": [4, 5.5, 3.5, 6.25], "texture": "#0"}
			}
		},
		{
			"from": [11.14377, 13.7009, 7],
			"to": [12.14377, 16.7009, 9],
			"rotation": {"angle": -45, "axis": "z", "origin": [12.57373, 15.46868, 8]},
			"faces": {
				"north": {"uv": [0.75, 7.25, 1, 8], "texture": "#0"},
				"east": {"uv": [4, 5.5, 4.5, 6.25], "texture": "#0"},
				"south": {"uv": [1, 7.25, 1.25, 8], "texture": "#0"},
				"west": {"uv": [4.5, 5.5, 5, 6.25], "texture": "#0"},
				"up": {"uv": [2.5, 8.25, 2.25, 7.75], "texture": "#0"},
				"down": {"uv": [5.25, 7.75, 5, 8.25], "texture": "#0"}
			}
		},
		{
			"from": [12.14377, 15.7009, 7.25],
			"to": [14.14377, 16.7009, 8.75],
			"rotation": {"angle": -45, "axis": "z", "origin": [12.57373, 15.46868, 8]},
			"faces": {
				"north": {"uv": [5.25, 7.75, 5.75, 8], "texture": "#0"},
				"east": {"uv": [5.75, 7.75, 6.25, 8], "texture": "#0"},
				"south": {"uv": [7.75, 5.75, 8.25, 6], "texture": "#0"},
				"west": {"uv": [7.75, 6, 8.25, 6.25], "texture": "#0"},
				"up": {"uv": [6, 7, 5.5, 6.5], "texture": "#0"},
				"down": {"uv": [7, 5.75, 6.5, 6.25], "texture": "#0"}
			}
		},
		{
			"from": [11.57078, 14.82031, 7.75],
			"to": [16.07078, 15.82031, 8.25],
			"rotation": {"angle": -45, "axis": "z", "origin": [12.57373, 15.46868, 8]},
			"faces": {
				"north": {"uv": [6, 1.5, 7.25, 1.75], "texture": "#0"},
				"east": {"uv": [7.75, 8, 8, 8.25], "texture": "#0"},
				"south": {"uv": [6, 2, 7.25, 2.25], "texture": "#0"},
				"west": {"uv": [8, 7.75, 8.25, 8], "texture": "#0"},
				"up": {"uv": [7.25, 2.5, 6, 2.25], "texture": "#0"},
				"down": {"uv": [7.25, 2.5, 6, 2.75], "texture": "#0"}
			}
		},
		{
			"from": [13.31299, 11.9897, 7.5],
			"to": [14.31299, 14.4897, 8.5],
			"rotation": {"angle": 22.5, "axis": "z", "origin": [12.57373, 15.46868, 8]},
			"faces": {
				"north": {"uv": [7.25, 1, 8, 1.25], "rotation": 270, "texture": "#0"},
				"east": {"uv": [8, 1.75, 7.25, 1.5], "rotation": 90, "texture": "#0"},
				"south": {"uv": [7.25, 1.25, 8, 1.5], "rotation": 90, "texture": "#0"},
				"west": {"uv": [8, 2, 7.25, 2.25], "rotation": 90, "texture": "#0"},
				"up": {"uv": [0, 8.25, 0.25, 8.5], "rotation": 90, "texture": "#0"},
				"down": {"uv": [8, 8, 8.25, 8.25], "rotation": 90, "texture": "#0"}
			}
		},
		{
			"from": [12.35427, 16.61489, 7.25],
			"to": [13.35427, 18.61489, 8.75],
			"rotation": {"angle": 22.5, "axis": "z", "origin": [12.57373, 15.46868, 8]},
			"faces": {
				"north": {"uv": [1, 8, 1.5, 8.25], "rotation": 270, "texture": "#0"},
				"east": {"uv": [1.25, 7.25, 0.75, 6.75], "rotation": 90, "texture": "#0"},
				"south": {"uv": [8, 1.25, 8.5, 1.5], "rotation": 90, "texture": "#0"},
				"west": {"uv": [1.75, 6.75, 1.25, 7.25], "rotation": 90, "texture": "#0"},
				"up": {"uv": [1.5, 8, 2, 8.25], "rotation": 90, "texture": "#0"},
				"down": {"uv": [8, 1, 8.5, 1.25], "rotation": 90, "texture": "#0"}
			}
		},
		{
			"from": [6.5, 14, 4.5],
			"to": [9.5, 15, 6.5],
			"rotation": {"angle": -22.5, "axis": "x", "origin": [8, 15.46868, 3.42627]},
			"faces": {
				"north": {"uv": [7.25, 2.25, 8, 2.5], "texture": "#0"},
				"east": {"uv": [7.75, 6.25, 8.25, 6.5], "texture": "#0"},
				"south": {"uv": [2.5, 7.25, 3.25, 7.5], "texture": "#0"},
				"west": {"uv": [6.5, 7.75, 7, 8], "texture": "#0"},
				"up": {"uv": [6.5, 0.5, 5.75, 0], "texture": "#0"},
				"down": {"uv": [6.5, 0.5, 5.75, 1], "texture": "#0"}
			}
		},
		{
			"from": [6.5, 12.31058, 6.35743],
			"to": [9.5, 14.31058, 7.35743],
			"rotation": {"angle": 22.5, "axis": "x", "origin": [8, 16.81058, 7.6617]},
			"faces": {
				"north": {"uv": [5.25, 2, 6, 2.5], "texture": "#0"},
				"east": {"uv": [2.75, 7.5, 3, 8], "texture": "#0"},
				"south": {"uv": [5.25, 2.5, 6, 3], "texture": "#0"},
				"west": {"uv": [3, 7.5, 3.25, 8], "texture": "#0"},
				"up": {"uv": [5, 7.25, 4.25, 7], "texture": "#0"},
				"down": {"uv": [7.75, 4.25, 7, 4.5], "texture": "#0"}
			}
		},
		{
			"from": [7.5, 12.15224, 4.73463],
			"to": [8.5, 13.15224, 5.73463],
			"rotation": {"angle": 0, "axis": "y", "origin": [8, 15.65224, 12.0389]},
			"faces": {
				"north": {"uv": [8, 3, 8.25, 3.25], "texture": "#0"},
				"east": {"uv": [8, 3.25, 8.25, 3.5], "texture": "#0"},
				"south": {"uv": [3.5, 8, 3.75, 8.25], "texture": "#0"},
				"west": {"uv": [8, 3.5, 8.25, 3.75], "texture": "#0"},
				"up": {"uv": [4, 8.25, 3.75, 8], "texture": "#0"},
				"down": {"uv": [8.25, 3.75, 8, 4], "texture": "#0"}
			}
		},
		{
			"from": [7, 13.7009, 3.85623],
			"to": [9, 16.7009, 4.85623],
			"rotation": {"angle": -45, "axis": "x", "origin": [8, 15.46868, 3.42627]},
			"faces": {
				"north": {"uv": [1.75, 5.75, 2.25, 6.5], "texture": "#0"},
				"east": {"uv": [3.25, 7.25, 3.5, 8], "texture": "#0"},
				"south": {"uv": [5.75, 3.5, 6.25, 4.25], "texture": "#0"},
				"west": {"uv": [3.5, 7.25, 3.75, 8], "texture": "#0"},
				"up": {"uv": [8, 8, 7.5, 7.75], "texture": "#0"},
				"down": {"uv": [0.5, 8, 0, 8.25], "texture": "#0"}
			}
		},
		{
			"from": [7.25, 15.7009, 1.85623],
			"to": [8.75, 16.7009, 3.85623],
			"rotation": {"angle": -45, "axis": "x", "origin": [8, 15.46868, 3.42627]},
			"faces": {
				"north": {"uv": [7.75, 6.5, 8.25, 6.75], "texture": "#0"},
				"east": {"uv": [7.75, 6.75, 8.25, 7], "texture": "#0"},
				"south": {"uv": [7, 7.75, 7.5, 8], "texture": "#0"},
				"west": {"uv": [7.75, 7, 8.25, 7.25], "texture": "#0"},
				"up": {"uv": [6.5, 7, 6, 6.5], "texture": "#0"},
				"down": {"uv": [7, 6.25, 6.5, 6.75], "texture": "#0"}
			}
		},
		{
			"from": [7.5, 11.9897, 1.68701],
			"to": [8.5, 14.4897, 2.68701],
			"rotation": {"angle": 22.5, "axis": "x", "origin": [8, 15.46868, 3.42627]},
			"faces": {
				"north": {"uv": [1.5, 8, 1.25, 7.25], "rotation": 180, "texture": "#0"},
				"east": {"uv": [7.25, 2.5, 8, 2.75], "rotation": 90, "texture": "#0"},
				"south": {"uv": [1.75, 7.25, 1.5, 8], "texture": "#0"},
				"west": {"uv": [7.25, 2.75, 8, 3], "rotation": 270, "texture": "#0"},
				"up": {"uv": [8.25, 0.75, 8.5, 1], "texture": "#0"},
				"down": {"uv": [0.75, 8.25, 1, 8.5], "rotation": 180, "texture": "#0"}
			}
		},
		{
			"from": [7.75, 14.82031, -0.07078],
			"to": [8.25, 15.82031, 4.42922],
			"rotation": {"angle": -45, "axis": "x", "origin": [8, 15.46868, 3.42627]},
			"faces": {
				"north": {"uv": [0.25, 8.25, 0.5, 8.5], "texture": "#0"},
				"east": {"uv": [6, 2.75, 7.25, 3], "texture": "#0"},
				"south": {"uv": [0.5, 8.25, 0.75, 8.5], "texture": "#0"},
				"west": {"uv": [6, 3, 7.25, 3.25], "texture": "#0"},
				"up": {"uv": [0.5, 7.25, 0.25, 6], "texture": "#0"},
				"down": {"uv": [0.75, 6, 0.5, 7.25], "texture": "#0"}
			}
		},
		{
			"from": [7.5, 16.61489, 2.64573],
			"to": [8.5, 18.61489, 3.64573],
			"rotation": {"angle": 22.5, "axis": "x", "origin": [8, 15.46868, 3.42627]},
			"faces": {
				"north": {"uv": [2.25, 8.5, 2, 8], "rotation": 180, "texture": "#0"},
				"east": {"uv": [8, 1.5, 8.5, 1.75], "rotation": 90, "texture": "#0"},
				"south": {"uv": [8.25, 2, 8, 2.5], "texture": "#0"},
				"west": {"uv": [8, 1.75, 8.5, 2], "rotation": 270, "texture": "#0"},
				"up": {"uv": [1.75, 8.25, 2, 8.5], "texture": "#0"},
				"down": {"uv": [1.5, 8.25, 1.75, 8.5], "rotation": 180, "texture": "#0"}
			}
		}
	],
	"gui_light": "front",
	"display": {
		"thirdperson_righthand": {
			"rotation": [115.36, 87.57, -106.21],
			"translation": [0, 2, 1.25]
		},
		"thirdperson_lefthand": {
			"rotation": [115.36, 87.57, -106.21],
			"translation": [0, 2, 1.25]
		},
		"firstperson_righthand": {
			"rotation": [-25.89, 72.16, 27.01],
			"translation": [4.5, 1.25, -2.75],
			"scale": [0.84961, 0.84961, 0.84961]
		},
		"firstperson_lefthand": {
			"rotation": [-25.89, 72.16, 27.01],
			"translation": [4.5, 1.25, -2.75],
			"scale": [0.84961, 0.84961, 0.84961]
		},
		"ground": {
			"rotation": [0, 0, 70],
			"translation": [0, 0, 0.75],
			"scale": [0.58594, 0.58594, 0.58594]
		},
		"gui": {
			"rotation": [90, 45, -90],
			"translation": [0.25, -0.25, 0],
			"scale": [0.57344, 0.57344, 0.57344]
		},
		"head": {
			"rotation": [-90, 59.25, 90],
			"translation": [0, 18.25, 0],
			"scale": [0.75781, 0.75781, 0.75781]
		},
		"fixed": {
			"rotation": [-15.25, 90, 0],
			"translation": [0, 2, -10],
			"scale": [1.71875, 1.71875, 1.71875]
		}
	},
	"groups": [
		0,
		1,
		2,
		3,
		4,
		5,
		6,
		7,
		8,
		9,
		{
			"name": "group",
			"origin": [8, 15.46868, 3.42627],
			"color": 0,
			"nbt": "{}",
			"armAnimationEnabled": false,
			"children": [10, 11, 12, 13, 14, 15, 16, 17, 18, 19, 20, 21, 22, 23, 24, 25, 26, 27, 28, 29, 30, 31, 32, 33, 34, 35, 36, 37, 38, 39, 40, 41, 42, 43]
		}
	]
}