{
	"credit": "Made by Dragoncraft000 for DragonienRPG",
	"textures": {
		"0": "custom/props/chests/chest_2"
	},
	"elements": [
		{
			"from": [1.53333, 0, 2],
			"to": [14.53333, 6, 14],
			"rotation": {"angle": 0, "axis": "y", "origin": [0.53333, 0, 0]},
			"faces": {
				"north": {"uv": [9.33333, 4, 13.66667, 6], "texture": "#0"},
				"east": {"uv": [14, 8, 10, 10], "texture": "#0"},
				"south": {"uv": [9.33333, 6, 13.66667, 8], "texture": "#0"},
				"west": {"uv": [10, 8, 14, 10], "texture": "#0"},
				"up": {"uv": [9.33333, 4, 5, 0], "texture": "#0"},
				"down": {"uv": [9.33333, 4, 13.66667, 6], "texture": "#0"}
			}
		},
		{
			"from": [0.53333, 6, 1],
			"to": [15.53333, 12, 15],
			"rotation": {"angle": 0, "axis": "y", "origin": [0.53333, 0, 0]},
			"faces": {
				"north": {"uv": [5, 8, 10, 10], "texture": "#0"},
				"east": {"uv": [9.33333, 0, 14, 2], "texture": "#0"},
				"south": {"uv": [0, 9.33333, 5, 11.33333], "texture": "#0"},
				"west": {"uv": [14, 0, 9.33333, 2], "texture": "#0"},
				"up": {"uv": [5, 4.66667, 0, 0], "texture": "#0"},
				"down": {"uv": [5, 4.66667, 0, 9.33333], "texture": "#0"}
			}
		},
		{
			"from": [6.53333, 5, 0],
			"to": [9.53333, 9, 1],
			"rotation": {"angle": 0, "axis": "y", "origin": [0.53333, 0, 0]},
			"faces": {
				"north": {"uv": [9, 10, 10, 11.33333], "texture": "#0"},
				"east": {"uv": [11, 10, 11.33333, 11.33333], "texture": "#0"},
				"south": {"uv": [10, 10, 11, 11.33333], "texture": "#0"},
				"west": {"uv": [0, 11.33333, 0.33333, 12.66667], "texture": "#0"},
				"up": {"uv": [1.33333, 11.66667, 0.33333, 11.33333], "texture": "#0"},
				"down": {"uv": [2.33333, 11.33333, 1.33333, 11.66667], "texture": "#0"}
			}
		}
	],
	"gui_light": "front",
	"display": {
		"thirdperson_righthand": {
			"scale": [0.5, 0.5, 0.5]
		},
		"firstperson_righthand": {
			"rotation": [0, 180, 0],
			"scale": [0.5, 0.5, 0.5]
		},
		"ground": {
			"translation": [0, 2, 0],
			"scale": [0.5, 0.5, 0.5]
		},
		"gui": {
			"rotation": [0, 180, 0]
		}
	},
	"groups": [
		{
			"name": "chest",
			"origin": [0.53333, 3, 2],
			"color": 0,
			"nbt": "{}",
			"children": [
				{
					"name": "box",
					"origin": [0.53333, 0, 0],
					"color": 0,
					"nbt": "{}",
					"children": [0]
				},
				{
					"name": "klappe",
					"origin": [0.53333, 6, 5],
					"color": 0,
					"nbt": "{}",
					"children": [1]
				},
				{
					"name": "schloss",
					"origin": [0.53333, 7, -8],
					"color": 0,
					"nbt": "{}",
					"children": [2]
				}
			]
		}
	]
}