{
	"credit": "Made by Dragoncraft000",
	"texture_size": [32, 32],
	"textures": {
		"0": "custom/weapons/hunter/spruce_log_3",
		"1": "custom/weapons/hunter/bandit",
		"particle": "custom/weapons/hunter/spruce_log_3"
	},
	"elements": [
		{
			"from": [8, 9, 0],
			"to": [9, 12, 14],
			"faces": {
				"north": {"uv": [10, 3.33333, 10.33333, 4.33333], "texture": "#0"},
				"east": {"uv": [0, 0, 4.66667, 1], "texture": "#0"},
				"south": {"uv": [3.66667, 10, 4, 11], "texture": "#0"},
				"west": {"uv": [0, 1, 4.66667, 2], "texture": "#0"},
				"up": {"uv": [6.33333, 12.33333, 6, 7.66667], "texture": "#0"},
				"down": {"uv": [6.66667, 7.66667, 6.33333, 12.33333], "texture": "#0"}
			}
		},
		{
			"from": [10, 9, 0],
			"to": [11, 12, 14],
			"faces": {
				"north": {"uv": [4, 10, 4.33333, 11], "texture": "#0"},
				"east": {"uv": [0, 2, 4.66667, 3], "texture": "#0"},
				"south": {"uv": [4.33333, 10, 4.66667, 11], "texture": "#0"},
				"west": {"uv": [0, 3, 4.66667, 4], "texture": "#0"},
				"up": {"uv": [7, 12.66667, 6.66667, 8], "texture": "#0"},
				"down": {"uv": [7.33333, 8, 7, 12.66667], "texture": "#0"}
			}
		},
		{
			"from": [9, 9, 0],
			"to": [10, 11, 14],
			"faces": {
				"north": {"uv": [10, 4.33333, 10.33333, 5], "texture": "#0"},
				"east": {"uv": [0, 4, 4.66667, 4.66667], "texture": "#0"},
				"south": {"uv": [8, 10, 8.33333, 10.66667], "texture": "#0"},
				"west": {"uv": [0, 4.66667, 4.66667, 5.33333], "texture": "#0"},
				"up": {"uv": [7.66667, 12.66667, 7.33333, 8], "texture": "#0"},
				"down": {"uv": [8, 8, 7.66667, 12.66667], "texture": "#0"}
			}
		},
		{
			"from": [9, 11.25, -2],
			"to": [10, 12.25, 20.25],
			"rotation": {"angle": 0, "axis": "y", "origin": [0, 2, 0]},
			"faces": {
				"north": {"uv": [2, 5.5, 2.5, 6], "texture": "#1"},
				"east": {"uv": [0, 0, 11, 0.5], "texture": "#1"},
				"south": {"uv": [2.5, 5.5, 3, 6], "texture": "#1"},
				"west": {"uv": [0, 0.5, 11, 1], "texture": "#1"},
				"up": {"uv": [0.5, 12, 0, 1], "texture": "#1"},
				"down": {"uv": [1, 1, 0.5, 12], "texture": "#1"}
			}
		},
		{
			"from": [8, 9, 14],
			"to": [9, 13, 20],
			"faces": {
				"north": {"uv": [2, 10, 2.33333, 11.33333], "texture": "#0"},
				"east": {"uv": [4.66667, 2.66667, 6.66667, 4], "texture": "#0"},
				"south": {"uv": [10, 2, 10.33333, 3.33333], "texture": "#0"},
				"west": {"uv": [4.66667, 4, 6.66667, 5.33333], "texture": "#0"},
				"up": {"uv": [10, 3, 9.66667, 1], "texture": "#0"},
				"down": {"uv": [10, 3, 9.66667, 5], "texture": "#0"}
			}
		},
		{
			"from": [7, 11.75, 20],
			"to": [12, 11.75, 23],
			"rotation": {"angle": -45, "axis": "z", "origin": [9.5, 11.75, 21.5]},
			"faces": {
				"north": {"uv": [0, 0, 2.5, 0], "texture": "#1"},
				"east": {"uv": [0, 0, 1.5, 0], "texture": "#1"},
				"south": {"uv": [0, 0, 2.5, 0], "texture": "#1"},
				"west": {"uv": [0, 0, 1.5, 0], "texture": "#1"},
				"up": {"uv": [3.5, 2.5, 1, 1], "texture": "#1"},
				"down": {"uv": [3.5, 2.5, 1, 4], "texture": "#1"}
			}
		},
		{
			"from": [9.5, 9.25, 20],
			"to": [9.5, 14.25, 23],
			"rotation": {"angle": -45, "axis": "z", "origin": [9.5, 11.75, 21.5]},
			"faces": {
				"north": {"uv": [0, 0, 0, 2.5], "texture": "#1"},
				"east": {"uv": [3.5, 1, 5, 3.5], "texture": "#1"},
				"south": {"uv": [0, 0, 0, 2.5], "texture": "#1"},
				"west": {"uv": [3.5, 3.5, 5, 6], "texture": "#1"},
				"up": {"uv": [0, 1.5, 0, 0], "texture": "#1"},
				"down": {"uv": [0, 0, 0, 1.5], "texture": "#1"}
			}
		},
		{
			"from": [9, 9, 14],
			"to": [10, 11, 20],
			"faces": {
				"north": {"uv": [8.33333, 10, 8.66667, 10.66667], "texture": "#0"},
				"east": {"uv": [8.66667, 0.33333, 10.66667, 1], "texture": "#0"},
				"south": {"uv": [8.66667, 10, 9, 10.66667], "texture": "#0"},
				"west": {"uv": [0.66667, 8.66667, 2.66667, 9.33333], "texture": "#0"},
				"up": {"uv": [5.66667, 11.33333, 5.33333, 9.33333], "texture": "#0"},
				"down": {"uv": [6, 9.33333, 5.66667, 11.33333], "texture": "#0"}
			}
		},
		{
			"from": [10, 9, 14],
			"to": [11, 13, 20],
			"faces": {
				"north": {"uv": [1.33333, 10, 1.66667, 11.33333], "texture": "#0"},
				"east": {"uv": [4.66667, 0, 6.66667, 1.33333], "texture": "#0"},
				"south": {"uv": [1.66667, 10, 2, 11.33333], "texture": "#0"},
				"west": {"uv": [4.66667, 1.33333, 6.66667, 2.66667], "texture": "#0"},
				"up": {"uv": [5, 11.33333, 4.66667, 9.33333], "texture": "#0"},
				"down": {"uv": [5.33333, 9.33333, 5, 11.33333], "texture": "#0"}
			}
		},
		{
			"from": [2, 9, 1],
			"to": [8, 12, 3],
			"faces": {
				"north": {"uv": [0.66667, 6, 2.66667, 7], "texture": "#0"},
				"east": {"uv": [9.66667, 6, 10.33333, 7], "texture": "#0"},
				"south": {"uv": [2.66667, 6, 4.66667, 7], "texture": "#0"},
				"west": {"uv": [9.66667, 7, 10.33333, 8], "texture": "#0"},
				"up": {"uv": [10, 9.33333, 8, 8.66667], "texture": "#0"},
				"down": {"uv": [2.66667, 9.33333, 0.66667, 10], "texture": "#0"}
			}
		},
		{
			"from": [11, 9, 1],
			"to": [17, 12, 3],
			"faces": {
				"north": {"uv": [4.66667, 6, 6.66667, 7], "texture": "#0"},
				"east": {"uv": [0.66667, 10, 1.33333, 11], "texture": "#0"},
				"south": {"uv": [6.66667, 0, 8.66667, 1], "texture": "#0"},
				"west": {"uv": [10, 1, 10.66667, 2], "texture": "#0"},
				"up": {"uv": [4.66667, 10, 2.66667, 9.33333], "texture": "#0"},
				"down": {"uv": [10, 9.33333, 8, 10], "texture": "#0"}
			}
		},
		{
			"from": [15, 10, 4],
			"to": [24, 12, 6],
			"rotation": {"angle": -45, "axis": "y", "origin": [19.5, 11, 5]},
			"faces": {
				"north": {"uv": [6.66667, 1, 9.66667, 1.66667], "texture": "#0"},
				"east": {"uv": [2.66667, 8.66667, 3.33333, 9.33333], "texture": "#0"},
				"south": {"uv": [6.66667, 1.66667, 9.66667, 2.33333], "texture": "#0"},
				"west": {"uv": [3.33333, 8.66667, 4, 9.33333], "texture": "#0"},
				"up": {"uv": [9.66667, 3, 6.66667, 2.33333], "texture": "#0"},
				"down": {"uv": [9.66667, 3, 6.66667, 3.66667], "texture": "#0"}
			}
		},
		{
			"from": [-5, 10, 4],
			"to": [4, 12, 6],
			"rotation": {"angle": 45, "axis": "y", "origin": [-0.5, 11, 5]},
			"faces": {
				"north": {"uv": [6.66667, 3.66667, 9.66667, 4.33333], "texture": "#0"},
				"east": {"uv": [2.33333, 10, 3, 10.66667], "texture": "#0"},
				"south": {"uv": [6.66667, 4.33333, 9.66667, 5], "texture": "#0"},
				"west": {"uv": [3, 10, 3.66667, 10.66667], "texture": "#0"},
				"up": {"uv": [9.66667, 6.66667, 6.66667, 6], "texture": "#0"},
				"down": {"uv": [9.66667, 6.66667, 6.66667, 7.33333], "texture": "#0"}
			}
		},
		{
			"from": [-3, 12, 10],
			"to": [12.5, 12, 11],
			"rotation": {"angle": -45, "axis": "y", "origin": [-0.5, 11, 10]},
			"faces": {
				"north": {"uv": [0, 0, 6.5, 0], "texture": "#1"},
				"east": {"uv": [0, 0, 0.5, 0], "texture": "#1"},
				"south": {"uv": [0, 0, 6.5, 0], "texture": "#1"},
				"west": {"uv": [0, 0, 0.5, 0], "texture": "#1"},
				"up": {"uv": [11.5, 1.5, 5, 1], "texture": "#1"},
				"down": {"uv": [11.5, 1.5, 5, 2], "texture": "#1"}
			}
		},
		{
			"from": [8, 12, 14],
			"to": [23.7, 12, 15],
			"rotation": {"angle": 45, "axis": "y", "origin": [15.5, 11, 14]},
			"faces": {
				"north": {"uv": [0, 0, 6.5, 0], "texture": "#1"},
				"east": {"uv": [0, 0, 0.5, 0], "texture": "#1"},
				"south": {"uv": [0, 0, 6.5, 0], "texture": "#1"},
				"west": {"uv": [0, 0, 0.5, 0], "texture": "#1"},
				"up": {"uv": [11.5, 2.5, 5, 2], "texture": "#1"},
				"down": {"uv": [11.5, 2.5, 5, 3], "texture": "#1"}
			}
		},
		{
			"from": [9.85, 12, -2],
			"to": [10.85, 12, 0],
			"rotation": {"angle": 45, "axis": "z", "origin": [10.25, 12, -1]},
			"faces": {
				"north": {"uv": [0, 0, 0.5, 0], "texture": "#1"},
				"east": {"uv": [0, 0, 1, 0], "texture": "#1"},
				"south": {"uv": [0, 0, 0.5, 0], "texture": "#1"},
				"west": {"uv": [0, 0, 1, 0], "texture": "#1"},
				"up": {"uv": [3.5, 5, 3, 4], "texture": "#1"},
				"down": {"uv": [1.5, 4.5, 1, 5.5], "texture": "#1"}
			}
		},
		{
			"from": [7.25, 11, -2],
			"to": [7.25, 12, 0],
			"rotation": {"angle": 45, "axis": "z", "origin": [7.25, 13.5, -1]},
			"faces": {
				"north": {"uv": [0, 0, 0, 0.5], "texture": "#1"},
				"east": {"uv": [5, 5, 6, 5.5], "texture": "#1"},
				"south": {"uv": [0, 0, 0, 0.5], "texture": "#1"},
				"west": {"uv": [1, 5.5, 2, 6], "texture": "#1"},
				"up": {"uv": [0, 1, 0, 0], "texture": "#1"},
				"down": {"uv": [0, 0, 0, 1], "texture": "#1"}
			}
		},
		{
			"from": [8.41213, 11.96924, -2],
			"to": [9.41213, 11.96924, 0],
			"rotation": {"angle": 45, "axis": "z", "origin": [9.49246, 11.37825, -1]},
			"faces": {
				"north": {"uv": [0, 0, 0.5, 0], "texture": "#1"},
				"east": {"uv": [0, 0, 1, 0], "texture": "#1"},
				"south": {"uv": [0, 0, 0.5, 0], "texture": "#1"},
				"west": {"uv": [0, 0, 1, 0], "texture": "#1"},
				"up": {"uv": [5.5, 4, 5, 3], "texture": "#1"},
				"down": {"uv": [5.5, 4, 5, 5], "texture": "#1"}
			}
		},
		{
			"from": [9.16213, 12.41924, -4],
			"to": [10.16213, 12.41924, -2],
			"rotation": {"angle": 45, "axis": "z", "origin": [10.34246, 11.82825, -3]},
			"faces": {
				"north": {"uv": [0, 0, 0.5, 0], "texture": "#1"},
				"east": {"uv": [0, 0, 1, 0], "texture": "#1"},
				"south": {"uv": [0, 0, 0.5, 0], "texture": "#1"},
				"west": {"uv": [0, 0, 1, 0], "texture": "#1"},
				"up": {"uv": [3, 5.5, 2.5, 4.5], "texture": "#1"},
				"down": {"uv": [3.5, 5, 3, 6], "texture": "#1"}
			}
		},
		{
			"from": [9.4435, 11.26508, -4],
			"to": [9.4435, 12.26508, -2],
			"rotation": {"angle": 45, "axis": "z", "origin": [9.4435, 11.76508, -3]},
			"faces": {
				"north": {"uv": [0, 0, 0, 0.5], "texture": "#1"},
				"east": {"uv": [1.5, 4.5, 2.5, 5], "texture": "#1"},
				"south": {"uv": [0, 0, 0, 0.5], "texture": "#1"},
				"west": {"uv": [1.5, 5, 2.5, 5.5], "texture": "#1"},
				"up": {"uv": [0, 1, 0, 0], "texture": "#1"},
				"down": {"uv": [0, 0, 0, 1], "texture": "#1"}
			}
		},
		{
			"from": [10.07279, 10.28726, -2],
			"to": [10.07279, 11.28726, 0],
			"rotation": {"angle": 45, "axis": "z", "origin": [9.49246, 11.37825, -1]},
			"faces": {
				"north": {"uv": [0, 0, 0, 0.5], "texture": "#1"},
				"east": {"uv": [1, 4, 2, 4.5], "texture": "#1"},
				"south": {"uv": [0, 0, 0, 0.5], "texture": "#1"},
				"west": {"uv": [2, 4, 3, 4.5], "texture": "#1"},
				"up": {"uv": [0, 1, 0, 0], "texture": "#1"},
				"down": {"uv": [0, 0, 0, 1], "texture": "#1"}
			}
		}
	],
	"display": {
		"thirdperson_righthand": {
			"translation": [-1, -1, 0],
			"scale": [0.6, 0.6, 0.6]
		},
		"thirdperson_lefthand": {
			"translation": [1, -1, 0],
			"scale": [0.6, 0.6, 0.6]
		},
		"firstperson_righthand": {
			"scale": [0.75, 0.75, 0.75]
		},
		"firstperson_lefthand": {
			"scale": [0.75, 0.75, 0.75]
		},
		"gui": {
			"rotation": [90, -45, 0],
			"scale": [0.6, 0.6, 0.6]
		},
		"fixed": {
			"rotation": [-90, 135, 0]
		}
	}
}