{"textures":{"0":"dragonien:entity/inferno 3000"},"elements":[{"from":[7.0,16.0,4.0],"to":[9.0,18.0,10.0],"faces":{"east":{"uv":[7.75,10.75,9.25,11.25],"tintindex":0,"rotation":0,"texture":"#0"},"south":{"uv":[11.25,10.75,11.75,11.25],"tintindex":0,"rotation":0,"texture":"#0"},"north":{"uv":[9.25,10.75,9.75,11.25],"tintindex":0,"rotation":0,"texture":"#0"},"west":{"uv":[9.75,10.75,11.25,11.25],"tintindex":0,"rotation":0,"texture":"#0"},"up":{"uv":[9.75,10.75,9.25,9.25],"tintindex":0,"rotation":0,"texture":"#0"},"down":{"uv":[10.25,9.25,9.75,10.75],"tintindex":0,"rotation":0,"texture":"#0"}},"rotation":{"origin":[8.0,8.0,8.0],"angle":-45.0,"axis":"z"}},{"from":[7.5,16.5,10.0],"to":[8.5,17.5,17.0],"faces":{"east":{"uv":[3.75,11.0,5.5,11.25],"tintindex":0,"rotation":0,"texture":"#0"},"south":{"uv":[7.5,11.0,7.75,11.25],"tintindex":0,"rotation":0,"texture":"#0"},"north":{"uv":[5.5,11.0,5.75,11.25],"tintindex":0,"rotation":0,"texture":"#0"},"west":{"uv":[5.75,11.0,7.5,11.25],"tintindex":0,"rotation":0,"texture":"#0"},"up":{"uv":[5.75,11.0,5.5,9.25],"tintindex":0,"rotation":0,"texture":"#0"},"down":{"uv":[6.0,9.25,5.75,11.0],"tintindex":0,"rotation":0,"texture":"#0"}},"rotation":{"origin":[8.0,8.0,8.0],"angle":-45.0,"axis":"z"}},{"from":[1.0,12.0,4.0],"to":[5.0,14.0,7.0],"faces":{"east":{"uv":[0.0,10.5,0.75,11.0],"tintindex":0,"rotation":0,"texture":"#0"},"south":{"uv":[2.5,10.5,3.5,11.0],"tintindex":0,"rotation":0,"texture":"#0"},"north":{"uv":[0.75,10.5,1.75,11.0],"tintindex":0,"rotation":0,"texture":"#0"},"west":{"uv":[1.75,10.5,2.5,11.0],"tintindex":0,"rotation":0,"texture":"#0"},"up":{"uv":[1.75,10.5,0.75,9.75],"tintindex":0,"rotation":0,"texture":"#0"},"down":{"uv":[2.75,9.75,1.75,10.5],"tintindex":0,"rotation":0,"texture":"#0"}},"rotation":{"origin":[8.0,8.0,8.0],"angle":-45.0,"axis":"z"}},{"from":[11.0,12.0,9.0],"to":[12.0,14.0,10.0],"faces":{"east":{"uv":[5.25,5.25,5.5,5.75],"tintindex":0,"rotation":0,"texture":"#0"},"south":{"uv":[6.0,5.25,6.25,5.75],"tintindex":0,"rotation":0,"texture":"#0"},"north":{"uv":[5.5,5.25,5.75,5.75],"tintindex":0,"rotation":0,"texture":"#0"},"west":{"uv":[5.75,5.25,6.0,5.75],"tintindex":0,"rotation":0,"texture":"#0"},"up":{"uv":[5.75,5.25,5.5,5.0],"tintindex":0,"rotation":0,"texture":"#0"},"down":{"uv":[6.0,5.0,5.75,5.25],"tintindex":0,"rotation":0,"texture":"#0"}},"rotation":{"origin":[8.0,8.0,8.0],"angle":-45.0,"axis":"z"}},{"from":[7.5,16.5,1.0],"to":[8.5,17.5,4.0],"faces":{"east":{"uv":[0.0,4.25,0.75,4.5],"tintindex":0,"rotation":0,"texture":"#0"},"south":{"uv":[1.75,4.25,2.0,4.5],"tintindex":0,"rotation":0,"texture":"#0"},"north":{"uv":[0.75,4.25,1.0,4.5],"tintindex":0,"rotation":0,"texture":"#0"},"west":{"uv":[1.0,4.25,1.75,4.5],"tintindex":0,"rotation":0,"texture":"#0"},"up":{"uv":[1.0,4.25,0.75,3.5],"tintindex":0,"rotation":0,"texture":"#0"},"down":{"uv":[1.25,3.5,1.0,4.25],"tintindex":0,"rotation":0,"texture":"#0"}},"rotation":{"origin":[8.0,8.0,8.0],"angle":-45.0,"axis":"z"}},{"from":[10.035534,10.035534,16.0],"to":[13.035534,13.035534,17.0],"faces":{"east":{"uv":[0.0,0.25,0.25,1.0],"tintindex":0,"rotation":0,"texture":"#0"},"south":{"uv":[1.25,0.25,2.0,1.0],"tintindex":0,"rotation":0,"texture":"#0"},"north":{"uv":[0.25,0.25,1.0,1.0],"tintindex":0,"rotation":0,"texture":"#0"},"west":{"uv":[1.0,0.25,1.25,1.0],"tintindex":0,"rotation":0,"texture":"#0"},"up":{"uv":[1.0,0.25,0.25,0.0],"tintindex":0,"rotation":0,"texture":"#0"},"down":{"uv":[1.75,0.0,1.0,0.25],"tintindex":0,"rotation":0,"texture":"#0"}},"rotation":{"origin":[8.0,8.0,8.0],"angle":45.0,"axis":"x"}},{"from":[10.535534,10.535534,11.0],"to":[12.535534,12.535534,24.0],"faces":{"east":{"uv":[0.0,8.25,3.25,8.75],"tintindex":0,"rotation":0,"texture":"#0"},"south":{"uv":[7.0,8.25,7.5,8.75],"tintindex":0,"rotation":0,"texture":"#0"},"north":{"uv":[3.25,8.25,3.75,8.75],"tintindex":0,"rotation":0,"texture":"#0"},"west":{"uv":[3.75,8.25,7.0,8.75],"tintindex":0,"rotation":0,"texture":"#0"},"up":{"uv":[3.75,8.25,3.25,5.0],"tintindex":0,"rotation":0,"texture":"#0"},"down":{"uv":[4.25,5.0,3.75,8.25],"tintindex":0,"rotation":0,"texture":"#0"}},"rotation":{"origin":[8.0,8.0,8.0],"angle":45.0,"axis":"x"}},{"from":[11.0,12.0,7.0],"to":[12.0,14.0,8.0],"faces":{"east":{"uv":[4.25,5.25,4.5,5.75],"tintindex":0,"rotation":0,"texture":"#0"},"south":{"uv":[5.0,5.25,5.25,5.75],"tintindex":0,"rotation":0,"texture":"#0"},"north":{"uv":[4.5,5.25,4.75,5.75],"tintindex":0,"rotation":0,"texture":"#0"},"west":{"uv":[4.75,5.25,5.0,5.75],"tintindex":0,"rotation":0,"texture":"#0"},"up":{"uv":[4.75,5.25,4.5,5.0],"tintindex":0,"rotation":0,"texture":"#0"},"down":{"uv":[5.0,5.0,4.75,5.25],"tintindex":0,"rotation":0,"texture":"#0"}},"rotation":{"origin":[8.0,8.0,8.0],"angle":-45.0,"axis":"z"}},{"from":[10.035534,10.035534,12.0],"to":[13.035534,13.035534,13.0],"faces":{"east":{"uv":[0.0,1.25,0.25,2.0],"tintindex":0,"rotation":0,"texture":"#0"},"south":{"uv":[1.25,1.25,2.0,2.0],"tintindex":0,"rotation":0,"texture":"#0"},"north":{"uv":[0.25,1.25,1.0,2.0],"tintindex":0,"rotation":0,"texture":"#0"},"west":{"uv":[1.0,1.25,1.25,2.0],"tintindex":0,"rotation":0,"texture":"#0"},"up":{"uv":[1.0,1.25,0.25,1.0],"tintindex":0,"rotation":0,"texture":"#0"},"down":{"uv":[1.75,1.0,1.0,1.25],"tintindex":0,"rotation":0,"texture":"#0"}},"rotation":{"origin":[8.0,8.0,8.0],"angle":45.0,"axis":"x"}},{"from":[6.0,12.0,-1.0],"to":[10.0,14.0,2.0],"faces":{"east":{"uv":[9.5,6.75,10.25,7.25],"tintindex":0,"rotation":0,"texture":"#0"},"south":{"uv":[12.0,6.75,13.0,7.25],"tintindex":0,"rotation":0,"texture":"#0"},"north":{"uv":[10.25,6.75,11.25,7.25],"tintindex":0,"rotation":0,"texture":"#0"},"west":{"uv":[11.25,6.75,12.0,7.25],"tintindex":0,"rotation":0,"texture":"#0"},"up":{"uv":[11.25,6.75,10.25,6.0],"tintindex":0,"rotation":0,"texture":"#0"},"down":{"uv":[12.25,6.0,11.25,6.75],"tintindex":0,"rotation":0,"texture":"#0"}},"rotation":{"origin":[8.0,8.0,8.0],"angle":-45.0,"axis":"z"}},{"from":[11.0,12.0,3.0],"to":[12.0,14.0,4.0],"faces":{"east":{"uv":[0.0,5.25,0.25,5.75],"tintindex":0,"rotation":0,"texture":"#0"},"south":{"uv":[0.75,5.25,1.0,5.75],"tintindex":0,"rotation":0,"texture":"#0"},"north":{"uv":[0.25,5.25,0.5,5.75],"tintindex":0,"rotation":0,"texture":"#0"},"west":{"uv":[0.5,5.25,0.75,5.75],"tintindex":0,"rotation":0,"texture":"#0"},"up":{"uv":[0.5,5.25,0.25,5.0],"tintindex":0,"rotation":0,"texture":"#0"},"down":{"uv":[0.75,5.0,0.5,5.25],"tintindex":0,"rotation":0,"texture":"#0"}},"rotation":{"origin":[8.0,8.0,8.0],"angle":-45.0,"axis":"z"}},{"from":[11.0,12.0,5.0],"to":[12.0,14.0,6.0],"faces":{"east":{"uv":[1.5,5.25,1.75,5.75],"tintindex":0,"rotation":0,"texture":"#0"},"south":{"uv":[2.25,5.25,2.5,5.75],"tintindex":0,"rotation":0,"texture":"#0"},"north":{"uv":[1.75,5.25,2.0,5.75],"tintindex":0,"rotation":0,"texture":"#0"},"west":{"uv":[2.0,5.25,2.25,5.75],"tintindex":0,"rotation":0,"texture":"#0"},"up":{"uv":[2.0,5.25,1.75,5.0],"tintindex":0,"rotation":0,"texture":"#0"},"down":{"uv":[2.25,5.0,2.0,5.25],"tintindex":0,"rotation":0,"texture":"#0"}},"rotation":{"origin":[8.0,8.0,8.0],"angle":-45.0,"axis":"z"}},{"from":[7.5,15.0,5.0],"to":[8.5,16.0,9.0],"faces":{"east":{"uv":[0.0,6.0,1.0,6.25],"tintindex":0,"rotation":0,"texture":"#0"},"south":{"uv":[2.25,6.0,2.5,6.25],"tintindex":0,"rotation":0,"texture":"#0"},"north":{"uv":[1.0,6.0,1.25,6.25],"tintindex":0,"rotation":0,"texture":"#0"},"west":{"uv":[1.25,6.0,2.25,6.25],"tintindex":0,"rotation":0,"texture":"#0"},"up":{"uv":[1.25,6.0,1.0,5.0],"tintindex":0,"rotation":0,"texture":"#0"},"down":{"uv":[1.5,5.0,1.25,6.0],"tintindex":0,"rotation":0,"texture":"#0"}},"rotation":{"origin":[8.0,8.0,8.0],"angle":-45.0,"axis":"z"}},{"from":[5.0,11.0,2.0],"to":[11.0,15.0,11.0],"faces":{"east":{"uv":[4.25,7.25,6.5,8.25],"tintindex":0,"rotation":0,"texture":"#0"},"south":{"uv":[10.25,7.25,11.75,8.25],"tintindex":0,"rotation":0,"texture":"#0"},"north":{"uv":[6.5,7.25,8.0,8.25],"tintindex":0,"rotation":0,"texture":"#0"},"west":{"uv":[8.0,7.25,10.25,8.25],"tintindex":0,"rotation":0,"texture":"#0"},"up":{"uv":[8.0,7.25,6.5,5.0],"tintindex":0,"rotation":0,"texture":"#0"},"down":{"uv":[9.5,5.0,8.0,7.25],"tintindex":0,"rotation":0,"texture":"#0"}},"rotation":{"origin":[8.0,8.0,8.0],"angle":-45.0,"axis":"z"}},{"from":[10.035534,10.035534,14.0],"to":[13.035534,13.035534,15.0],"faces":{"east":{"uv":[0.0,2.75,0.25,3.5],"tintindex":0,"rotation":0,"texture":"#0"},"south":{"uv":[1.25,2.75,2.0,3.5],"tintindex":0,"rotation":0,"texture":"#0"},"north":{"uv":[0.25,2.75,1.0,3.5],"tintindex":0,"rotation":0,"texture":"#0"},"west":{"uv":[1.0,2.75,1.25,3.5],"tintindex":0,"rotation":0,"texture":"#0"},"up":{"uv":[1.0,2.75,0.25,2.5],"tintindex":0,"rotation":0,"texture":"#0"},"down":{"uv":[1.75,2.5,1.0,2.75],"tintindex":0,"rotation":0,"texture":"#0"}},"rotation":{"origin":[8.0,8.0,8.0],"angle":45.0,"axis":"x"}}],"display":{"gui":{"rotation":[30,225,0]}}}