{"elements":[{"from":[6.285714,9.714286,4.5714283],"to":[9.714286,12.0,9.714286],"rotation":{"angle":-45.0,"axis":"z","origin":[8.0,8.0,8.0]},"faces":{"east":{"uv":[4.25,7.25,6.5,8.25],"rotation":0,"texture":"#0","tintindex":0},"south":{"uv":[10.25,7.25,11.75,8.25],"rotation":0,"texture":"#0","tintindex":0},"north":{"uv":[6.5,7.25,8.0,8.25],"rotation":0,"texture":"#0","tintindex":0},"west":{"uv":[8.0,7.25,10.25,8.25],"rotation":0,"texture":"#0","tintindex":0},"up":{"uv":[8.0,7.25,6.5,5.0],"rotation":0,"texture":"#0","tintindex":0},"down":{"uv":[9.5,5.0,8.0,7.25],"rotation":0,"texture":"#0","tintindex":0}}},{"from":[6.857143,10.285714,2.8571424],"to":[9.142858,11.428572,4.5714283],"rotation":{"angle":-45.0,"axis":"z","origin":[8.0,8.0,8.0]},"faces":{"east":{"uv":[9.5,6.75,10.25,7.25],"rotation":0,"texture":"#0","tintindex":0},"south":{"uv":[12.0,6.75,13.0,7.25],"rotation":0,"texture":"#0","tintindex":0},"north":{"uv":[10.25,6.75,11.25,7.25],"rotation":0,"texture":"#0","tintindex":0},"west":{"uv":[11.25,6.75,12.0,7.25],"rotation":0,"texture":"#0","tintindex":0},"up":{"uv":[11.25,6.75,10.25,6.0],"rotation":0,"texture":"#0","tintindex":0},"down":{"uv":[12.25,6.0,11.25,6.75],"rotation":0,"texture":"#0","tintindex":0}}},{"from":[4.0,10.285714,5.714286],"to":[6.285714,11.428572,7.428571],"rotation":{"angle":-45.0,"axis":"z","origin":[8.0,8.0,8.0]},"faces":{"east":{"uv":[0.0,10.5,0.75,11.0],"rotation":0,"texture":"#0","tintindex":0},"south":{"uv":[2.5,10.5,3.5,11.0],"rotation":0,"texture":"#0","tintindex":0},"north":{"uv":[0.75,10.5,1.75,11.0],"rotation":0,"texture":"#0","tintindex":0},"west":{"uv":[1.75,10.5,2.5,11.0],"rotation":0,"texture":"#0","tintindex":0},"up":{"uv":[1.75,10.5,0.75,9.75],"rotation":0,"texture":"#0","tintindex":0},"down":{"uv":[2.75,9.75,1.75,10.5],"rotation":0,"texture":"#0","tintindex":0}}},{"from":[9.714286,10.285714,8.571428],"to":[10.285714,11.428572,9.142858],"rotation":{"angle":-45.0,"axis":"z","origin":[8.0,8.0,8.0]},"faces":{"east":{"uv":[5.25,5.25,5.5,5.75],"rotation":0,"texture":"#0","tintindex":0},"south":{"uv":[6.0,5.25,6.25,5.75],"rotation":0,"texture":"#0","tintindex":0},"north":{"uv":[5.5,5.25,5.75,5.75],"rotation":0,"texture":"#0","tintindex":0},"west":{"uv":[5.75,5.25,6.0,5.75],"rotation":0,"texture":"#0","tintindex":0},"up":{"uv":[5.75,5.25,5.5,5.0],"rotation":0,"texture":"#0","tintindex":0},"down":{"uv":[6.0,5.0,5.75,5.25],"rotation":0,"texture":"#0","tintindex":0}}},{"from":[9.714286,10.285714,7.428571],"to":[10.285714,11.428572,8.0],"rotation":{"angle":-45.0,"axis":"z","origin":[8.0,8.0,8.0]},"faces":{"east":{"uv":[4.25,5.25,4.5,5.75],"rotation":0,"texture":"#0","tintindex":0},"south":{"uv":[5.0,5.25,5.25,5.75],"rotation":0,"texture":"#0","tintindex":0},"north":{"uv":[4.5,5.25,4.75,5.75],"rotation":0,"texture":"#0","tintindex":0},"west":{"uv":[4.75,5.25,5.0,5.75],"rotation":0,"texture":"#0","tintindex":0},"up":{"uv":[4.75,5.25,4.5,5.0],"rotation":0,"texture":"#0","tintindex":0},"down":{"uv":[5.0,5.0,4.75,5.25],"rotation":0,"texture":"#0","tintindex":0}}},{"from":[9.714286,10.285714,6.285714],"to":[10.285714,11.428572,6.857143],"rotation":{"angle":-45.0,"axis":"z","origin":[8.0,8.0,8.0]},"faces":{"east":{"uv":[1.5,5.25,1.75,5.75],"rotation":0,"texture":"#0","tintindex":0},"south":{"uv":[2.25,5.25,2.5,5.75],"rotation":0,"texture":"#0","tintindex":0},"north":{"uv":[1.75,5.25,2.0,5.75],"rotation":0,"texture":"#0","tintindex":0},"west":{"uv":[2.0,5.25,2.25,5.75],"rotation":0,"texture":"#0","tintindex":0},"up":{"uv":[2.0,5.25,1.75,5.0],"rotation":0,"texture":"#0","tintindex":0},"down":{"uv":[2.25,5.0,2.0,5.25],"rotation":0,"texture":"#0","tintindex":0}}},{"from":[9.714286,10.285714,5.142857],"to":[10.285714,11.428572,5.714286],"rotation":{"angle":-45.0,"axis":"z","origin":[8.0,8.0,8.0]},"faces":{"east":{"uv":[0.0,5.25,0.25,5.75],"rotation":0,"texture":"#0","tintindex":0},"south":{"uv":[0.75,5.25,1.0,5.75],"rotation":0,"texture":"#0","tintindex":0},"north":{"uv":[0.25,5.25,0.5,5.75],"rotation":0,"texture":"#0","tintindex":0},"west":{"uv":[0.5,5.25,0.75,5.75],"rotation":0,"texture":"#0","tintindex":0},"up":{"uv":[0.5,5.25,0.25,5.0],"rotation":0,"texture":"#0","tintindex":0},"down":{"uv":[0.75,5.0,0.5,5.25],"rotation":0,"texture":"#0","tintindex":0}}},{"from":[7.428571,12.571428,5.714286],"to":[8.571428,13.714286,9.142858],"rotation":{"angle":-45.0,"axis":"z","origin":[8.0,8.0,8.0]},"faces":{"east":{"uv":[7.75,10.75,9.25,11.25],"rotation":0,"texture":"#0","tintindex":0},"south":{"uv":[11.25,10.75,11.75,11.25],"rotation":0,"texture":"#0","tintindex":0},"north":{"uv":[9.25,10.75,9.75,11.25],"rotation":0,"texture":"#0","tintindex":0},"west":{"uv":[9.75,10.75,11.25,11.25],"rotation":0,"texture":"#0","tintindex":0},"up":{"uv":[9.75,10.75,9.25,9.25],"rotation":0,"texture":"#0","tintindex":0},"down":{"uv":[10.25,9.25,9.75,10.75],"rotation":0,"texture":"#0","tintindex":0}}},{"from":[7.714286,12.0,6.285714],"to":[8.285714,12.571428,8.571428],"rotation":{"angle":-45.0,"axis":"z","origin":[8.0,8.0,8.0]},"faces":{"east":{"uv":[0.0,6.0,1.0,6.25],"rotation":0,"texture":"#0","tintindex":0},"south":{"uv":[2.25,6.0,2.5,6.25],"rotation":0,"texture":"#0","tintindex":0},"north":{"uv":[1.0,6.0,1.25,6.25],"rotation":0,"texture":"#0","tintindex":0},"west":{"uv":[1.25,6.0,2.25,6.25],"rotation":0,"texture":"#0","tintindex":0},"up":{"uv":[1.25,6.0,1.0,5.0],"rotation":0,"texture":"#0","tintindex":0},"down":{"uv":[1.5,5.0,1.25,6.0],"rotation":0,"texture":"#0","tintindex":0}}},{"from":[7.714286,12.857143,9.142858],"to":[8.285714,13.428572,13.142858],"rotation":{"angle":-45.0,"axis":"z","origin":[8.0,8.0,8.0]},"faces":{"east":{"uv":[3.75,11.0,5.5,11.25],"rotation":0,"texture":"#0","tintindex":0},"south":{"uv":[7.5,11.0,7.75,11.25],"rotation":0,"texture":"#0","tintindex":0},"north":{"uv":[5.5,11.0,5.75,11.25],"rotation":0,"texture":"#0","tintindex":0},"west":{"uv":[5.75,11.0,7.5,11.25],"rotation":0,"texture":"#0","tintindex":0},"up":{"uv":[5.75,11.0,5.5,9.25],"rotation":0,"texture":"#0","tintindex":0},"down":{"uv":[6.0,9.25,5.75,11.0],"rotation":0,"texture":"#0","tintindex":0}}},{"from":[7.714286,12.857143,4.0],"to":[8.285714,13.428572,5.714286],"rotation":{"angle":-45.0,"axis":"z","origin":[8.0,8.0,8.0]},"faces":{"east":{"uv":[0.0,4.25,0.75,4.5],"rotation":0,"texture":"#0","tintindex":0},"south":{"uv":[1.75,4.25,2.0,4.5],"rotation":0,"texture":"#0","tintindex":0},"north":{"uv":[0.75,4.25,1.0,4.5],"rotation":0,"texture":"#0","tintindex":0},"west":{"uv":[1.0,4.25,1.75,4.5],"rotation":0,"texture":"#0","tintindex":0},"up":{"uv":[1.0,4.25,0.75,3.5],"rotation":0,"texture":"#0","tintindex":0},"down":{"uv":[1.25,3.5,1.0,4.25],"rotation":0,"texture":"#0","tintindex":0}}},{"from":[9.448876,9.448876,9.714286],"to":[10.591734,10.591734,17.142857],"rotation":{"angle":45.0,"axis":"x","origin":[8.0,8.0,8.0]},"faces":{"east":{"uv":[0.0,8.25,3.25,8.75],"rotation":0,"texture":"#0","tintindex":0},"south":{"uv":[7.0,8.25,7.5,8.75],"rotation":0,"texture":"#0","tintindex":0},"north":{"uv":[3.25,8.25,3.75,8.75],"rotation":0,"texture":"#0","tintindex":0},"west":{"uv":[3.75,8.25,7.0,8.75],"rotation":0,"texture":"#0","tintindex":0},"up":{"uv":[3.75,8.25,3.25,5.0],"rotation":0,"texture":"#0","tintindex":0},"down":{"uv":[4.25,5.0,3.75,8.25],"rotation":0,"texture":"#0","tintindex":0}}},{"from":[9.163162,9.163162,11.428572],"to":[10.877448,10.877448,12.0],"rotation":{"angle":45.0,"axis":"x","origin":[8.0,8.0,8.0]},"faces":{"east":{"uv":[0.0,2.75,0.25,3.5],"rotation":0,"texture":"#0","tintindex":0},"south":{"uv":[1.25,2.75,2.0,3.5],"rotation":0,"texture":"#0","tintindex":0},"north":{"uv":[0.25,2.75,1.0,3.5],"rotation":0,"texture":"#0","tintindex":0},"west":{"uv":[1.0,2.75,1.25,3.5],"rotation":0,"texture":"#0","tintindex":0},"up":{"uv":[1.0,2.75,0.25,2.5],"rotation":0,"texture":"#0","tintindex":0},"down":{"uv":[1.75,2.5,1.0,2.75],"rotation":0,"texture":"#0","tintindex":0}}},{"from":[9.163162,9.163162,10.285714],"to":[10.877448,10.877448,10.857143],"rotation":{"angle":45.0,"axis":"x","origin":[8.0,8.0,8.0]},"faces":{"east":{"uv":[0.0,1.25,0.25,2.0],"rotation":0,"texture":"#0","tintindex":0},"south":{"uv":[1.25,1.25,2.0,2.0],"rotation":0,"texture":"#0","tintindex":0},"north":{"uv":[0.25,1.25,1.0,2.0],"rotation":0,"texture":"#0","tintindex":0},"west":{"uv":[1.0,1.25,1.25,2.0],"rotation":0,"texture":"#0","tintindex":0},"up":{"uv":[1.0,1.25,0.25,1.0],"rotation":0,"texture":"#0","tintindex":0},"down":{"uv":[1.75,1.0,1.0,1.25],"rotation":0,"texture":"#0","tintindex":0}}},{"from":[9.163162,9.163162,12.571428],"to":[10.877448,10.877448,13.142858],"rotation":{"angle":45.0,"axis":"x","origin":[8.0,8.0,8.0]},"faces":{"east":{"uv":[0.0,0.25,0.25,1.0],"rotation":0,"texture":"#0","tintindex":0},"south":{"uv":[1.25,0.25,2.0,1.0],"rotation":0,"texture":"#0","tintindex":0},"north":{"uv":[0.25,0.25,1.0,1.0],"rotation":0,"texture":"#0","tintindex":0},"west":{"uv":[1.0,0.25,1.25,1.0],"rotation":0,"texture":"#0","tintindex":0},"up":{"uv":[1.0,0.25,0.25,0.0],"rotation":0,"texture":"#0","tintindex":0},"down":{"uv":[1.75,0.0,1.0,0.25],"rotation":0,"texture":"#0","tintindex":0}}}],"textures":{"0":"dragonien:entity/inferno 3000"},"display":{"head":{"translation":[0.0,-6.4,0.0],"scale":[4.0,4.0,4.0]}}}