{
	"credit": "Made by Dragoncraft000",
	"texture_size": [96, 96],
	"textures": {
		"0": "custom/vfx/assassin/base/hit",
		"particle": "custom/vfx/assassin/base/hit"
	},
	"elements": [
		{
			"from": [-16, 8, -16],
			"to": [32, 8, 32],
			"rotation": {"angle": 0, "axis": "y", "origin": [8, 8, 8]},
			"faces": {
				"north": {"uv": [0, 0, 16, 0], "texture": "#missing"},
				"east": {"uv": [0, 0, 16, 0], "texture": "#missing"},
				"south": {"uv": [0, 0, 16, 0], "texture": "#missing"},
				"west": {"uv": [0, 0, 16, 0], "texture": "#missing"},
				"up": {"uv": [5.33333, 5.33333, 10.66666, 10.66666], "texture": "#0"},
				"down": {"uv": [5.33333, 10.66666, 10.66666, 5.33333], "texture": "#0"}
			}
		}
	],
	"groups": [
		{
			"name": "5",
			"origin": [0, 0, 0],
			"color": 0,
			"children": [0]
		}
	]
}