{
	"credit": "Made by Dragoncraft000",
	"elements": [
		{
			"from": [3, 0, 21],
			"to": [5, 2, 25],
			"rotation": {"angle": 0, "axis": "y", "origin": [3, 0, 5]},
			"color": 1,
			"faces": {
				"north": {"uv": [0, 0, 2, 2], "texture": "#missing"},
				"east": {"uv": [0, 0, 4, 2], "texture": "#missing"},
				"south": {"uv": [0, 0, 2, 2], "texture": "#missing"},
				"west": {"uv": [0, 0, 4, 2], "texture": "#missing"},
				"up": {"uv": [0, 0, 2, 4], "texture": "#missing"},
				"down": {"uv": [0, 0, 2, 4], "texture": "#missing"}
			}
		},
		{
			"from": [1.86111, -0.25, 15.28333],
			"to": [4.36111, 2.25, 21.78333],
			"rotation": {"angle": 22.5, "axis": "y", "origin": [3.11111, 1, 19.03333]},
			"color": 1,
			"faces": {
				"north": {"uv": [0, 0, 2, 2], "texture": "#missing"},
				"east": {"uv": [0, 0, 6, 2], "texture": "#missing"},
				"south": {"uv": [0, 0, 2, 2], "texture": "#missing"},
				"west": {"uv": [0, 0, 6, 2], "texture": "#missing"},
				"up": {"uv": [0, 0, 2, 6], "texture": "#missing"},
				"down": {"uv": [0, 0, 2, 6], "texture": "#missing"}
			}
		},
		{
			"from": [0.33333, -0.5, 7.17778],
			"to": [3.33333, 2.5, 16.17778],
			"rotation": {"angle": 0, "axis": "y", "origin": [1.33333, 1, 13.67778]},
			"color": 1,
			"faces": {
				"north": {"uv": [0, 0, 3, 3], "texture": "#missing"},
				"east": {"uv": [0, 0, 9, 3], "texture": "#missing"},
				"south": {"uv": [0, 0, 3, 3], "texture": "#missing"},
				"west": {"uv": [0, 0, 9, 3], "texture": "#missing"},
				"up": {"uv": [0, 0, 3, 9], "texture": "#missing"},
				"down": {"uv": [0, 0, 3, 9], "texture": "#missing"}
			}
		},
		{
			"from": [5.4, 0.1, -14.9],
			"to": [7.2, 1.9, -3.26667],
			"rotation": {"angle": 0, "axis": "y", "origin": [6.3, 1, -5.66667]},
			"color": 1,
			"faces": {
				"north": {"uv": [0, 0, 2, 2], "texture": "#missing"},
				"east": {"uv": [0, 0, 11.83333, 2], "texture": "#missing"},
				"south": {"uv": [0, 0, 2, 2], "texture": "#missing"},
				"west": {"uv": [0, 0, 11.83333, 2], "texture": "#missing"},
				"up": {"uv": [0, 0, 2, 11.83333], "texture": "#missing"},
				"down": {"uv": [0, 0, 2, 11.83333], "texture": "#missing"}
			}
		},
		{
			"from": [3.83333, -0.5, -16],
			"to": [8.83333, 2.5, -11],
			"rotation": {"angle": -45, "axis": "y", "origin": [6.33333, 1, -13.5]},
			"color": 1,
			"faces": {
				"north": {"uv": [0, 0, 5, 3], "texture": "#missing"},
				"east": {"uv": [0, 0, 5, 3], "texture": "#missing"},
				"south": {"uv": [0, 0, 5, 3], "texture": "#missing"},
				"west": {"uv": [0, 0, 5, 3], "texture": "#missing"},
				"up": {"uv": [0, 0, 5, 5], "texture": "#missing"},
				"down": {"uv": [0, 0, 5, 5], "texture": "#missing"}
			}
		},
		{
			"from": [1.53889, -0.21667, -4.53889],
			"to": [4.03889, 2.28333, 7.96111],
			"rotation": {"angle": -22.5, "axis": "y", "origin": [2.78889, 5.53333, 5.21111]},
			"color": 1,
			"faces": {
				"north": {"uv": [0, 0, 2, 2], "texture": "#missing"},
				"east": {"uv": [0, 0, 12, 2], "texture": "#missing"},
				"south": {"uv": [0, 0, 2, 2], "texture": "#missing"},
				"west": {"uv": [0, 0, 12, 2], "texture": "#missing"},
				"up": {"uv": [0, 0, 2, 12], "texture": "#missing"},
				"down": {"uv": [0, 0, 2, 12], "texture": "#missing"}
			}
		},
		{
			"from": [2, -1, 25],
			"to": [6, 3, 32],
			"rotation": {"angle": 0, "axis": "y", "origin": [3.5, 1, 28]},
			"color": 1,
			"faces": {
				"north": {"uv": [0, 0, 4, 4], "texture": "#missing"},
				"east": {"uv": [0, 0, 7, 4], "texture": "#missing"},
				"south": {"uv": [0, 0, 4, 4], "texture": "#missing"},
				"west": {"uv": [0, 0, 7, 4], "texture": "#missing"},
				"up": {"uv": [0, 0, 4, 7], "texture": "#missing"},
				"down": {"uv": [0, 0, 4, 7], "texture": "#missing"}
			}
		},
		{
			"from": [6, -0.5, 26],
			"to": [18, 2.5, 31],
			"rotation": {"angle": 0, "axis": "y", "origin": [6, 0, 13]},
			"color": 1,
			"faces": {
				"north": {"uv": [0, 0, 12, 3], "texture": "#missing"},
				"east": {"uv": [0, 0, 5, 3], "texture": "#missing"},
				"south": {"uv": [0, 0, 12, 3], "texture": "#missing"},
				"west": {"uv": [0, 0, 5, 3], "texture": "#missing"},
				"up": {"uv": [0, 0, 12, 5], "texture": "#missing"},
				"down": {"uv": [0, 0, 12, 5], "texture": "#missing"}
			}
		},
		{
			"from": [-2, -0.5, 26],
			"to": [2, 2.5, 30],
			"rotation": {"angle": 0, "axis": "y", "origin": [-2, 1, 28]},
			"color": 1,
			"faces": {
				"north": {"uv": [0, 0, 4, 3], "texture": "#missing"},
				"east": {"uv": [0, 0, 4, 3], "texture": "#missing"},
				"south": {"uv": [0, 0, 4, 3], "texture": "#missing"},
				"west": {"uv": [0, 0, 4, 3], "texture": "#missing"},
				"up": {"uv": [0, 0, 4, 4], "texture": "#missing"},
				"down": {"uv": [0, 0, 4, 4], "texture": "#missing"}
			}
		},
		{
			"from": [-6.95224, 0.45, 24.18759],
			"to": [0.64776, 2.05, 27.78759],
			"rotation": {"angle": -22.5, "axis": "y", "origin": [-4.15224, 1.71111, 26.98759]},
			"color": 1,
			"faces": {
				"north": {"uv": [0, 0, 8, 2], "texture": "#missing"},
				"east": {"uv": [0, 0, 4, 2], "texture": "#missing"},
				"south": {"uv": [0, 0, 8, 2], "texture": "#missing"},
				"west": {"uv": [0, 0, 4, 2], "texture": "#missing"},
				"up": {"uv": [0, 0, 8, 4], "texture": "#missing"},
				"down": {"uv": [0, 0, 8, 4], "texture": "#missing"}
			}
		},
		{
			"from": [15.53333, 0, 24.51111],
			"to": [25.53333, 2, 28.51111],
			"rotation": {"angle": 22.5, "axis": "y", "origin": [22.03333, 1.53333, 25.68889]},
			"color": 1,
			"faces": {
				"north": {"uv": [0, 0, 10, 2], "texture": "#missing"},
				"east": {"uv": [0, 0, 4, 2], "texture": "#missing"},
				"south": {"uv": [0, 0, 10, 2], "texture": "#missing"},
				"west": {"uv": [0, 0, 4, 2], "texture": "#missing"},
				"up": {"uv": [0, 0, 10, 4], "texture": "#missing"},
				"down": {"uv": [0, 0, 10, 4], "texture": "#missing"}
			}
		},
		{
			"from": [22.42222, 0.5, 19.51111],
			"to": [29.42222, 1.5, 22.51111],
			"rotation": {"angle": 45, "axis": "y", "origin": [28.92222, 1.53333, 20.51111]},
			"color": 1,
			"faces": {
				"north": {"uv": [0, 0, 7, 1], "texture": "#missing"},
				"east": {"uv": [0, 0, 3, 1], "texture": "#missing"},
				"south": {"uv": [0, 0, 7, 1], "texture": "#missing"},
				"west": {"uv": [0, 0, 3, 1], "texture": "#missing"},
				"up": {"uv": [0, 0, 7, 3], "texture": "#missing"},
				"down": {"uv": [0, 0, 7, 3], "texture": "#missing"}
			}
		}
	]
}