{
	"credit": "Made by Dragoncraft000",
	"texture_size": [48, 48],
	"textures": {
		"0": "custom/vfx/assassin/second/scythe",
		"particle": "custom/vfx/assassin/second/scythe"
	},
	"elements": [
		{
			"from": [3, 7, 21],
			"to": [5, 9, 25],
			"rotation": {"angle": 0, "axis": "y", "origin": [4, 8, 23]},
			"faces": {
				"north": {"uv": [12.66667, 11.33333, 13.33333, 12], "texture": "#0"},
				"east": {"uv": [1.33333, 12.66667, 2.66667, 13.33333], "texture": "#0"},
				"south": {"uv": [12.66667, 12, 13.33333, 12.66667], "texture": "#0"},
				"west": {"uv": [12.66667, 2.66667, 14, 3.33333], "texture": "#0"},
				"up": {"uv": [4.66667, 13.66667, 4, 12.33333], "texture": "#0"},
				"down": {"uv": [10.66667, 12.33333, 10, 13.66667], "texture": "#0"}
			}
		},
		{
			"from": [1.66977, 6.75, 15.32139],
			"to": [4.16977, 9.25, 21.82139],
			"rotation": {"angle": 22.5, "axis": "y", "origin": [2.91977, 8, 18.57139]},
			"faces": {
				"north": {"uv": [12.66667, 10, 13.33333, 10.66667], "texture": "#0"},
				"east": {"uv": [10.66667, 2.66667, 12.66667, 3.33333], "texture": "#0"},
				"south": {"uv": [12.66667, 10.66667, 13.33333, 11.33333], "texture": "#0"},
				"west": {"uv": [12, 3.33333, 14, 4], "texture": "#0"},
				"up": {"uv": [8.66667, 13.33333, 8, 11.33333], "texture": "#0"},
				"down": {"uv": [11.66667, 12, 11, 14], "texture": "#0"}
			}
		},
		{
			"from": [0.33333, 6.5, 7.17778],
			"to": [3.33333, 9.5, 16.17778],
			"rotation": {"angle": 0, "axis": "y", "origin": [1.33333, 8, 13.67778]},
			"faces": {
				"north": {"uv": [12, 8.33333, 13, 9.33333], "texture": "#0"},
				"east": {"uv": [1.33333, 7.66667, 4.33333, 8.66667], "texture": "#0"},
				"south": {"uv": [11.66667, 12, 12.66667, 13], "texture": "#0"},
				"west": {"uv": [8, 4.66667, 11, 5.66667], "texture": "#0"},
				"up": {"uv": [8, 11.33333, 7, 8.33333], "texture": "#0"},
				"down": {"uv": [9, 8.33333, 8, 11.33333], "texture": "#0"}
			}
		},
		{
			"from": [5.4, 7.1, -14.9],
			"to": [7.2, 8.9, -3.26667],
			"rotation": {"angle": 0, "axis": "y", "origin": [6.3, 8, -9.08333]},
			"faces": {
				"north": {"uv": [12.66667, 7, 13.33333, 7.66667], "texture": "#0"},
				"east": {"uv": [8.66667, 7, 12.66667, 7.66667], "texture": "#0"},
				"south": {"uv": [12.66667, 7.66667, 13.33333, 8.33333], "texture": "#0"},
				"west": {"uv": [8.66667, 7.66667, 12.66667, 8.33333], "texture": "#0"},
				"up": {"uv": [6.66667, 12.66667, 6, 8.66667], "texture": "#0"},
				"down": {"uv": [9.66667, 8.33333, 9, 12.33333], "texture": "#0"}
			}
		},
		{
			"from": [3.83333, 6.5, -16],
			"to": [8.83333, 9.5, -11],
			"rotation": {"angle": -45, "axis": "y", "origin": [6.33333, 8, -13.5]},
			"faces": {
				"north": {"uv": [11, 10, 12.66667, 11], "texture": "#0"},
				"east": {"uv": [11, 11, 12.66667, 12], "texture": "#0"},
				"south": {"uv": [11.33333, 0, 13, 1], "texture": "#0"},
				"west": {"uv": [2.66667, 11.33333, 4.33333, 12.33333], "texture": "#0"},
				"up": {"uv": [3, 10.33333, 1.33333, 8.66667], "texture": "#0"},
				"down": {"uv": [4.66667, 8.66667, 3, 10.33333], "texture": "#0"}
			}
		},
		{
			"from": [2.87828, 6.75, -4.27247],
			"to": [5.37828, 9.25, 8.22753],
			"rotation": {"angle": -22.5, "axis": "y", "origin": [4.12828, 8, 1.97753]},
			"faces": {
				"north": {"uv": [12.66667, 5.66667, 13.33333, 6.33333], "texture": "#0"},
				"east": {"uv": [8.66667, 5.66667, 12.66667, 6.33333], "texture": "#0"},
				"south": {"uv": [12.66667, 6.33333, 13.33333, 7], "texture": "#0"},
				"west": {"uv": [8.66667, 6.33333, 12.66667, 7], "texture": "#0"},
				"up": {"uv": [5.33333, 12.66667, 4.66667, 8.66667], "texture": "#0"},
				"down": {"uv": [6, 8.66667, 5.33333, 12.66667], "texture": "#0"}
			}
		},
		{
			"from": [2, 6, 25],
			"to": [6, 10, 32],
			"rotation": {"angle": 0, "axis": "y", "origin": [4, 8, 28.5]},
			"faces": {
				"north": {"uv": [0, 10, 1.33333, 11.33333], "texture": "#0"},
				"east": {"uv": [7.33333, 3.33333, 9.66667, 4.66667], "texture": "#0"},
				"south": {"uv": [10, 0, 11.33333, 1.33333], "texture": "#0"},
				"west": {"uv": [7.33333, 6, 9.66667, 7.33333], "texture": "#0"},
				"up": {"uv": [8.66667, 8.33333, 7.33333, 6], "texture": "#0"},
				"down": {"uv": [8.66667, 6, 7.33333, 8.33333], "texture": "#0"}
			}
		},
		{
			"from": [6, 6.5, 26],
			"to": [18, 9.5, 31],
			"rotation": {"angle": 0, "axis": "y", "origin": [12, 8, 28.5]},
			"faces": {
				"north": {"uv": [0, 5, 4, 6], "texture": "#0"},
				"east": {"uv": [2.66667, 10.33333, 4.33333, 11.33333], "texture": "#0"},
				"south": {"uv": [4, 5, 8, 6], "texture": "#0"},
				"west": {"uv": [11, 4.33333, 12.66667, 5.33333], "texture": "#0"},
				"up": {"uv": [4, 1.66667, 0, 0], "texture": "#0"},
				"down": {"uv": [4, 0, 0, 1.66667], "texture": "#0"}
			}
		},
		{
			"from": [-2, 6.5, 26],
			"to": [2, 9.5, 30],
			"rotation": {"angle": 0, "axis": "y", "origin": [0, 8, 28]},
			"faces": {
				"north": {"uv": [0, 11.33333, 1.33333, 12.33333], "texture": "#0"},
				"east": {"uv": [6.66667, 11.33333, 8, 12.33333], "texture": "#0"},
				"south": {"uv": [0, 11.33333, 1.33333, 12.33333], "texture": "#0"},
				"west": {"uv": [0, 11.33333, 1.33333, 12.33333], "texture": "#0"},
				"up": {"uv": [11, 11.33333, 9.66667, 10], "texture": "#0"},
				"down": {"uv": [11, 10, 9.66667, 11.33333], "texture": "#0"}
			}
		},
		{
			"from": [-6.64568, 7.45, 24.64639],
			"to": [0.95432, 9.05, 28.24639],
			"rotation": {"angle": -22.5, "axis": "y", "origin": [-2.84568, 8.25, 26.44639]},
			"faces": {
				"north": {"uv": [10.66667, 1.33333, 13.33333, 2], "texture": "#0"},
				"east": {"uv": [0, 12.33333, 1.33333, 13], "texture": "#0"},
				"south": {"uv": [10.66667, 1.33333, 13.33333, 2], "texture": "#0"},
				"west": {"uv": [2.66667, 12.33333, 4, 13], "texture": "#0"},
				"up": {"uv": [7.33333, 7.33333, 4.66667, 6], "texture": "#0"},
				"down": {"uv": [7.33333, 6, 4.66667, 7.33333], "texture": "#0"}
			}
		},
		{
			"from": [15.96216, 7, 25.02255],
			"to": [25.96216, 9, 29.02255],
			"rotation": {"angle": 22.5, "axis": "y", "origin": [20.96216, 8, 27.02255]},
			"faces": {
				"north": {"uv": [4, 2.66667, 7.33333, 3.33333], "texture": "#0"},
				"east": {"uv": [6.66667, 12.33333, 8, 13], "texture": "#0"},
				"south": {"uv": [9.66667, 9.33333, 13, 10], "texture": "#0"},
				"west": {"uv": [8.66667, 12.33333, 10, 13], "texture": "#0"},
				"up": {"uv": [7.33333, 1.33333, 4, 0], "texture": "#0"},
				"down": {"uv": [7.33333, 0, 4, 1.33333], "texture": "#0"}
			}
		},
		{
			"from": [23.65446, 7.5, 21.48598],
			"to": [30.65446, 8.5, 24.48598],
			"rotation": {"angle": 45, "axis": "y", "origin": [27.15446, 8, 22.98598]},
			"faces": {
				"north": {"uv": [12, 4, 14.33333, 4.33333], "texture": "#0"},
				"east": {"uv": [9.66667, 4.33333, 10.66667, 4.66667], "texture": "#0"},
				"south": {"uv": [12.66667, 4.33333, 15, 4.66667], "texture": "#0"},
				"west": {"uv": [12.66667, 5, 13.66667, 5.33333], "texture": "#0"},
				"up": {"uv": [12, 4.33333, 9.66667, 3.33333], "texture": "#0"},
				"down": {"uv": [12, 3.33333, 9.66667, 4.33333], "texture": "#0"}
			}
		}
	],
	"display": {
		"head": {
			"scale": [4, 4, 4]
		}
	}
}