{
	"credit": "Made by Dragoncraft000",
	"texture_size": [32, 32],
	"textures": {
		"0": "custom/vfx/assassin/passive/assassinpassivedagger",
		"particle": "custom/vfx/assassin/passive/assassinpassivedagger"
	},
	"elements": [
		{
			"from": [6.5, 6.5, 21],
			"to": [9.5, 9.5, 24],
			"rotation": {"angle": 0, "axis": "y", "origin": [8, 7, 22]},
			"faces": {
				"north": {"uv": [1, 5.5, 2.5, 7], "texture": "#0"},
				"east": {"uv": [2.5, 5.5, 4, 7], "texture": "#0"},
				"south": {"uv": [4, 5.5, 5.5, 7], "texture": "#0"},
				"west": {"uv": [5.5, 5.5, 7, 7], "texture": "#0"},
				"up": {"uv": [7.5, 1.5, 6, 0], "texture": "#0"},
				"down": {"uv": [7.5, 1.5, 6, 3], "texture": "#0"}
			}
		},
		{
			"from": [6.5, 5.5, 15],
			"to": [9.5, 10.5, 18],
			"rotation": {"angle": 0, "axis": "y", "origin": [8, 7, 16]},
			"faces": {
				"north": {"uv": [0, 3, 1.5, 5.5], "texture": "#0"},
				"east": {"uv": [1.5, 3, 3, 5.5], "texture": "#0"},
				"south": {"uv": [3, 3, 4.5, 5.5], "texture": "#0"},
				"west": {"uv": [4.5, 3, 6, 5.5], "texture": "#0"},
				"up": {"uv": [7.5, 4.5, 6, 3], "texture": "#0"},
				"down": {"uv": [2.5, 7, 1, 8.5], "texture": "#0"}
			}
		},
		{
			"from": [7, 7, 18],
			"to": [9, 9, 21],
			"rotation": {"angle": 0, "axis": "y", "origin": [8, 7, 19]},
			"faces": {
				"north": {"uv": [7, 5.5, 8, 6.5], "texture": "#0"},
				"east": {"uv": [6, 4.5, 7.5, 5.5], "texture": "#0"},
				"south": {"uv": [6, 7, 7, 8], "texture": "#0"},
				"west": {"uv": [2.5, 7, 4, 8], "texture": "#0"},
				"up": {"uv": [5, 8.5, 4, 7], "texture": "#0"},
				"down": {"uv": [6, 7, 5, 8.5], "texture": "#0"}
			}
		},
		{
			"from": [7.5, 6.5, 3],
			"to": [8.5, 9.5, 15],
			"rotation": {"angle": 0, "axis": "y", "origin": [8, 7, 13]},
			"faces": {
				"north": {"uv": [7.5, 7.5, 8, 9], "texture": "#0"},
				"east": {"uv": [6, 1.5, 0, 3], "texture": "#0"},
				"south": {"uv": [8, 1, 8.5, 2.5], "texture": "#0"},
				"west": {"uv": [0, 1.5, 6, 3], "texture": "#0"},
				"up": {"uv": [0.5, 11.5, 0, 5.5], "texture": "#0"},
				"down": {"uv": [1, 5.5, 0.5, 11.5], "texture": "#0"}
			}
		},
		{
			"from": [7.5, 6.5, 2],
			"to": [8.5, 9.5, 3],
			"rotation": {"angle": 0, "axis": "y", "origin": [8, 7, 1]},
			"faces": {
				"north": {"uv": [7.5, 1, 8, 2.5], "texture": "#0"},
				"east": {"uv": [7.5, 2.5, 8, 4], "texture": "#0"},
				"south": {"uv": [7.5, 4, 8, 5.5], "texture": "#0"},
				"west": {"uv": [7, 7.5, 7.5, 9], "texture": "#0"},
				"up": {"uv": [8.5, 4, 8, 3.5], "texture": "#0"},
				"down": {"uv": [8.5, 4, 8, 4.5], "texture": "#0"}
			}
		},
		{
			"from": [7.5, 6.9, 1],
			"to": [8.5, 9.047, 3.147],
			"rotation": {"angle": -45, "axis": "x", "origin": [8, 7.93333, 2.02929]},
			"faces": {
				"north": {"uv": [2.5, 8, 3, 9], "texture": "#0"},
				"east": {"uv": [7, 6.5, 8, 7.5], "texture": "#0"},
				"south": {"uv": [8, 2.5, 8.5, 3.5], "texture": "#0"},
				"west": {"uv": [7.5, 0, 8.5, 1], "texture": "#0"},
				"up": {"uv": [3.5, 9, 3, 8], "texture": "#0"},
				"down": {"uv": [4, 8, 3.5, 9], "texture": "#0"}
			}
		}
	],
	"display": {
		"head": {
			"translation": [0, -16, 0],
			"scale": [4, 4, 4]
		}
	}
}