{
	"credit": "Made by Dragoncraft000",
	"texture_size": [48, 48],
	"textures": {
		"1": "custom/vfx/archer/arrow_hit",
		"particle": "custom/vfx/archer/arrow_hit"
	},
	"elements": [
		{
			"from": [0, 0, 0],
			"to": [16, 0, 16],
			"faces": {
				"north": {"uv": [0, 0, 16, 0], "texture": "#1"},
				"east": {"uv": [0, 0, 16, 0], "texture": "#1"},
				"south": {"uv": [0, 0, 16, 0], "texture": "#1"},
				"west": {"uv": [0, 0, 16, 0], "texture": "#1"},
				"up": {"uv": [5.33333, 0, 10.66667, 5.33333], "texture": "#1"},
				"down": {"uv": [5.33333, 5.33333, 10.66667, 0], "texture": "#1"}
			}
		}
	],
	"display": {
		"head": {
			"translation": [0, -16, 0],
			"scale": [4, 4, 4]
		}
	},
	"groups": [
		{
			"name": "2",
			"origin": [0, 0, 0],
			"color": 0,
			"nbt": "{}",
			"children": [0]
		}
	]
}