{
	"credit": "Made by Dragoncraft000",
	"texture_size": [32, 32],
	"textures": {
		"0": "custom/vfx/magier/second/storm_cylinder",
		"particle": "custom/vfx/magier/second/storm_cylinder"
	},
	"elements": [
		{
			"from": [3.9, 0, 0],
			"to": [12, 16, 0],
			"rotation": {"angle": 0, "axis": "y", "origin": [8, 1, 0]},
			"faces": {
				"north": {"uv": [8, 0, 12, 8], "texture": "#0"},
				"east": {"uv": [0, 0, 0, 5.33333], "texture": "#0"},
				"south": {"uv": [12, 0, 8, 8], "texture": "#0"},
				"west": {"uv": [0, 0, 0, 5.33333], "texture": "#0"},
				"up": {"uv": [2.66667, 0, 0, 0], "texture": "#0"},
				"down": {"uv": [2.66667, 0, 0, 0], "texture": "#0"}
			}
		},
		{
			"from": [4, 0, 16],
			"to": [12, 16, 16],
			"rotation": {"angle": 0, "axis": "y", "origin": [8, 1, 16]},
			"faces": {
				"north": {"uv": [12, 8, 8, 16], "texture": "#0"},
				"east": {"uv": [0, 0, 0, 5.33333], "texture": "#0"},
				"south": {"uv": [8, 8, 12, 16], "texture": "#0"},
				"west": {"uv": [0, 0, 0, 5.33333], "texture": "#0"},
				"up": {"uv": [2.66667, 0, 0, 0], "texture": "#0"},
				"down": {"uv": [2.66667, 0, 0, 0], "texture": "#0"}
			}
		},
		{
			"from": [0, 0, 4],
			"to": [0, 16, 12],
			"rotation": {"angle": 0, "axis": "y", "origin": [0, 1, 8]},
			"faces": {
				"north": {"uv": [0, 0, 0, 5.33333], "texture": "#0"},
				"east": {"uv": [4, 8, 0, 16], "texture": "#0"},
				"south": {"uv": [0, 0, 0, 5.33333], "texture": "#0"},
				"west": {"uv": [0, 8, 4, 16], "texture": "#0"},
				"up": {"uv": [0, 2.66667, 0, 0], "texture": "#0"},
				"down": {"uv": [0, 0, 0, 2.66667], "texture": "#0"}
			}
		},
		{
			"from": [15.9, 0, 4],
			"to": [16, 16, 12],
			"rotation": {"angle": 0, "axis": "y", "origin": [16, 1, 8]},
			"faces": {
				"north": {"uv": [0, 0, 0, 5.33333], "texture": "#0"},
				"east": {"uv": [0, 0, 4, 8], "texture": "#0"},
				"south": {"uv": [0, 0, 0, 5.33333], "texture": "#0"},
				"west": {"uv": [4, 0, 0, 8], "texture": "#0"},
				"up": {"uv": [0, 2.66667, 0, 0], "texture": "#0"},
				"down": {"uv": [0, 0, 0, 2.66667], "texture": "#0"}
			}
		},
		{
			"from": [13.9, 0, -2],
			"to": [14, 16, 6],
			"rotation": {"angle": 45, "axis": "y", "origin": [14, 1, 2]},
			"faces": {
				"north": {"uv": [0, 0, 0, 5.33333], "texture": "#0"},
				"east": {"uv": [4, 0, 8, 8], "texture": "#0"},
				"south": {"uv": [0, 0, 0, 5.33333], "texture": "#0"},
				"west": {"uv": [8, 0, 4, 8], "texture": "#0"},
				"up": {"uv": [0, 2.66667, 0, 0], "texture": "#0"},
				"down": {"uv": [0, 0, 0, 2.66667], "texture": "#0"}
			}
		},
		{
			"from": [2, 0, 10],
			"to": [2, 16, 18],
			"rotation": {"angle": 45, "axis": "y", "origin": [2, 1, 14]},
			"faces": {
				"north": {"uv": [0, 0, 0, 5.33333], "texture": "#0"},
				"east": {"uv": [8, 8, 4, 16], "texture": "#0"},
				"south": {"uv": [0, 0, 0, 5.33333], "texture": "#0"},
				"west": {"uv": [4, 8, 8, 16], "texture": "#0"},
				"up": {"uv": [0, 2.66667, 0, 0], "texture": "#0"},
				"down": {"uv": [0, 0, 0, 2.66667], "texture": "#0"}
			}
		},
		{
			"from": [13.9, 0, 10],
			"to": [14, 16, 18],
			"rotation": {"angle": -45, "axis": "y", "origin": [14, 1, 14]},
			"faces": {
				"north": {"uv": [0, 0, 0, 5.33333], "texture": "#0"},
				"east": {"uv": [12, 8, 16, 16], "texture": "#0"},
				"south": {"uv": [0, 0, 0, 5.33333], "texture": "#0"},
				"west": {"uv": [16, 8, 12, 16], "texture": "#0"},
				"up": {"uv": [0, 2.66667, 0, 0], "texture": "#0"},
				"down": {"uv": [0, 0, 0, 2.66667], "texture": "#0"}
			}
		},
		{
			"from": [1.9, 0, -2],
			"to": [2, 16, 6],
			"rotation": {"angle": -45, "axis": "y", "origin": [2, 1, 2]},
			"faces": {
				"north": {"uv": [0, 0, 0, 5.33333], "texture": "#0"},
				"east": {"uv": [16, 0, 12, 8], "texture": "#0"},
				"south": {"uv": [0, 0, 0, 5.33333], "texture": "#0"},
				"west": {"uv": [12, 0, 16, 8], "texture": "#0"},
				"up": {"uv": [0, 2.66667, 0, 0], "texture": "#0"},
				"down": {"uv": [0, 0, 0, 2.66667], "texture": "#0"}
			}
		}
	],
	"display": {
		"ground": {
			"translation": [0, 80, 0],
			"scale": [4, 4, 4]
		}
	},
	"groups": [
		{
			"name": "Inner CIrlce",
			"origin": [8, 8, 8],
			"color": 0,
			"children": [0, 1, 2, 3, 4, 5, 6, 7]
		}
	]
}