{
	"credit": "Made by Dragoncraft000",
	"texture_size": [64, 64],
	"textures": {
		"0": "custom/vfx/magier/first/ice_ball",
		"particle": "custom/vfx/magier/first/ice_ball"
	},
	"elements": [
		{
			"from": [1, 1, 1],
			"to": [15, 15, 15],
			"faces": {
				"north": {"uv": [0, 0, 3.5, 3.5], "texture": "#0"},
				"east": {"uv": [0, 3.5, 3.5, 7], "texture": "#0"},
				"south": {"uv": [3.5, 0, 7, 3.5], "texture": "#0"},
				"west": {"uv": [3.5, 3.5, 7, 7], "texture": "#0"},
				"up": {"uv": [3.5, 10.5, 0, 7], "texture": "#0"},
				"down": {"uv": [10.5, 0, 7, 3.5], "texture": "#0"}
			}
		},
		{
			"from": [11, -1, 11],
			"to": [17, 9, 17],
			"rotation": {"angle": 0, "axis": "y", "origin": [11, -1, 11]},
			"faces": {
				"north": {"uv": [11, 5.25, 12.5, 7.75], "texture": "#0"},
				"east": {"uv": [7.75, 11, 9.25, 13.5], "texture": "#0"},
				"south": {"uv": [11, 7.75, 12.5, 10.25], "texture": "#0"},
				"west": {"uv": [9.25, 11, 10.75, 13.5], "texture": "#0"},
				"up": {"uv": [7.75, 13.75, 6.25, 12.25], "texture": "#0"},
				"down": {"uv": [14, 5.25, 12.5, 6.75], "texture": "#0"}
			}
		},
		{
			"from": [0, 6, 6],
			"to": [10, 16, 16],
			"rotation": {"angle": 0, "axis": "y", "origin": [0, 6, 6]},
			"faces": {
				"north": {"uv": [3.5, 7, 6, 9.5], "texture": "#0"},
				"east": {"uv": [7, 3.5, 9.5, 6], "texture": "#0"},
				"south": {"uv": [6, 7, 8.5, 9.5], "texture": "#0"},
				"west": {"uv": [8.5, 6, 11, 8.5], "texture": "#0"},
				"up": {"uv": [11, 11, 8.5, 8.5], "texture": "#0"},
				"down": {"uv": [6, 9.5, 3.5, 12], "texture": "#0"}
			}
		},
		{
			"from": [-2, 0, -1],
			"to": [5, 7, 6],
			"rotation": {"angle": 0, "axis": "y", "origin": [-2, 0, -1]},
			"faces": {
				"north": {"uv": [11, 10.25, 12.75, 12], "texture": "#0"},
				"east": {"uv": [2.75, 12, 4.5, 13.75], "texture": "#0"},
				"south": {"uv": [10.75, 12, 12.5, 13.75], "texture": "#0"},
				"west": {"uv": [0, 12.25, 1.75, 14], "texture": "#0"},
				"up": {"uv": [14, 1.75, 12.25, 0], "texture": "#0"},
				"down": {"uv": [14, 1.75, 12.25, 3.5], "texture": "#0"}
			}
		},
		{
			"from": [10, 10, -1],
			"to": [17, 17, 10],
			"rotation": {"angle": 0, "axis": "y", "origin": [10, 10, 3]},
			"faces": {
				"north": {"uv": [12.25, 3.5, 14, 5.25], "texture": "#0"},
				"east": {"uv": [9.5, 3.5, 12.25, 5.25], "texture": "#0"},
				"south": {"uv": [4.5, 12.25, 6.25, 14], "texture": "#0"},
				"west": {"uv": [0, 10.5, 2.75, 12.25], "texture": "#0"},
				"up": {"uv": [7.75, 12.25, 6, 9.5], "texture": "#0"},
				"down": {"uv": [12.25, 0, 10.5, 2.75], "texture": "#0"}
			}
		}
	]
}