{
	"credit": "Made by Dragoncraft000",
	"texture_size": [48, 48],
	"textures": {
		"0": "custom/weapons/archer/jagdbogen",
		"1": "custom/weapons/archer/jagdbogen_sehne",
		"particle": "custom/weapons/archer/jagdbogen"
	},
	"elements": [
		{
			"from": [7, 7, 2],
			"to": [9, 9, 10],
			"rotation": {"angle": 0, "axis": "y", "origin": [7, 7, 6]},
			"faces": {
				"north": {"uv": [1, 8.5, 2, 9.5], "texture": "#0"},
				"east": {"uv": [2, 2, 6, 3], "texture": "#0"},
				"south": {"uv": [8.5, 2, 9.5, 3], "texture": "#0"},
				"west": {"uv": [2, 3, 6, 4], "texture": "#0"},
				"up": {"uv": [3, 8, 2, 4], "texture": "#0"},
				"down": {"uv": [4, 4, 3, 8], "texture": "#0"}
			}
		},
		{
			"from": [7.5, 4.5, -11],
			"to": [8.5, 4.5, 23],
			"rotation": {"angle": 0, "axis": "y", "origin": [7, 7, 6]},
			"faces": {
				"north": {"uv": [0, 0, 0.33333, 0], "texture": "#1"},
				"east": {"uv": [0, 0, 11.33333, 0], "texture": "#1"},
				"south": {"uv": [0, 0, 0.33333, 0], "texture": "#1"},
				"west": {"uv": [0, 0, 11.33333, 0], "texture": "#1"},
				"up": {"uv": [0.33333, 11.33333, 0, 0], "texture": "#1"},
				"down": {"uv": [0.33333, 0, 0, 11.33333], "texture": "#1"}
			}
		},
		{
			"from": [7, 8.5, -7.5],
			"to": [9, 10.5, 0.5],
			"rotation": {"angle": -22.5, "axis": "x", "origin": [8, 9.5, -3.5]},
			"faces": {
				"north": {"uv": [8.5, 5, 9.5, 6], "texture": "#0"},
				"east": {"uv": [4, 0, 8, 1], "texture": "#0"},
				"south": {"uv": [6, 8.5, 7, 9.5], "texture": "#0"},
				"west": {"uv": [4, 1, 8, 2], "texture": "#0"},
				"up": {"uv": [5, 8, 4, 4], "texture": "#0"},
				"down": {"uv": [6, 4, 5, 8], "texture": "#0"}
			}
		},
		{
			"from": [7, 8.88268, 11.67388],
			"to": [9, 10.88268, 19.67388],
			"rotation": {"angle": 22.5, "axis": "x", "origin": [8, 9.88268, 14.67388]},
			"faces": {
				"north": {"uv": [5, 8, 6, 9], "texture": "#0"},
				"east": {"uv": [0, 0, 4, 1], "texture": "#0"},
				"south": {"uv": [8, 7, 9, 8], "texture": "#0"},
				"west": {"uv": [0, 1, 4, 2], "texture": "#0"},
				"up": {"uv": [1, 6, 0, 2], "texture": "#0"},
				"down": {"uv": [2, 2, 1, 6], "texture": "#0"}
			}
		},
		{
			"from": [7.01, 5.89268, 17.98388],
			"to": [8.99, 6.87268, 21.96388],
			"rotation": {"angle": 45, "axis": "x", "origin": [8, 5.88268, 20.97388]},
			"faces": {
				"north": {"uv": [9, 7, 10, 7.5], "texture": "#0"},
				"east": {"uv": [8, 6, 10, 6.5], "texture": "#0"},
				"south": {"uv": [9, 7.5, 10, 8], "texture": "#0"},
				"west": {"uv": [8, 6.5, 10, 7], "texture": "#0"},
				"up": {"uv": [9, 2, 8, 0], "texture": "#0"},
				"down": {"uv": [3, 8, 2, 10], "texture": "#0"}
			}
		},
		{
			"from": [7.5, 5.88268, 21.97388],
			"to": [8.5, 6.88268, 23.97388],
			"rotation": {"angle": 45, "axis": "x", "origin": [8, 5.88268, 20.97388]},
			"faces": {
				"north": {"uv": [1, 9.5, 1.5, 10], "texture": "#0"},
				"east": {"uv": [9, 0, 10, 0.5], "texture": "#0"},
				"south": {"uv": [9.5, 1, 10, 1.5], "texture": "#0"},
				"west": {"uv": [9, 0.5, 10, 1], "texture": "#0"},
				"up": {"uv": [9.5, 2, 9, 1], "texture": "#0"},
				"down": {"uv": [5.5, 9, 5, 10], "texture": "#0"}
			}
		},
		{
			"from": [7.01, 5.24624, -9.76257],
			"to": [8.99, 9.22624, -8.78257],
			"rotation": {"angle": 45, "axis": "x", "origin": [8, 6.23624, -9.27257]},
			"faces": {
				"north": {"uv": [3, 8, 4, 10], "texture": "#0"},
				"east": {"uv": [7, 8.5, 7.5, 10.5], "texture": "#0"},
				"south": {"uv": [4, 8, 5, 10], "texture": "#0"},
				"west": {"uv": [7.5, 8.5, 8, 10.5], "texture": "#0"},
				"up": {"uv": [9, 9.5, 8, 9], "texture": "#0"},
				"down": {"uv": [10, 8, 9, 8.5], "texture": "#0"}
			}
		},
		{
			"from": [7.5, 3.23624, -9.77257],
			"to": [8.5, 5.23624, -8.77257],
			"rotation": {"angle": 45, "axis": "x", "origin": [8, 6.23624, -9.27257]},
			"faces": {
				"north": {"uv": [5.5, 9, 6, 10], "texture": "#0"},
				"east": {"uv": [9, 8.5, 9.5, 9.5], "texture": "#0"},
				"south": {"uv": [0, 9.5, 0.5, 10.5], "texture": "#0"},
				"west": {"uv": [0.5, 9.5, 1, 10.5], "texture": "#0"},
				"up": {"uv": [2, 10, 1.5, 9.5], "texture": "#0"},
				"down": {"uv": [10, 1.5, 9.5, 2], "texture": "#0"}
			}
		},
		{
			"from": [7.01, 10.01, 8.01],
			"to": [8.99, 11.99, 12.99],
			"rotation": {"angle": -45, "axis": "x", "origin": [8, 11, 12.5]},
			"faces": {
				"north": {"uv": [8, 8, 9, 9], "texture": "#0"},
				"east": {"uv": [6, 2, 8.5, 3], "texture": "#0"},
				"south": {"uv": [0, 8.5, 1, 9.5], "texture": "#0"},
				"west": {"uv": [6, 3, 8.5, 4], "texture": "#0"},
				"up": {"uv": [1, 8.5, 0, 6], "texture": "#0"},
				"down": {"uv": [2, 6, 1, 8.5], "texture": "#0"}
			}
		},
		{
			"from": [7.01, 8.55706, -1.44038],
			"to": [8.99, 10.53706, 3.53962],
			"rotation": {"angle": 45, "axis": "x", "origin": [8, 9.54706, 1.04962]},
			"faces": {
				"north": {"uv": [8.5, 3, 9.5, 4], "texture": "#0"},
				"east": {"uv": [6, 4, 8.5, 5], "texture": "#0"},
				"south": {"uv": [8.5, 4, 9.5, 5], "texture": "#0"},
				"west": {"uv": [6, 5, 8.5, 6], "texture": "#0"},
				"up": {"uv": [7, 8.5, 6, 6], "texture": "#0"},
				"down": {"uv": [8, 6, 7, 8.5], "texture": "#0"}
			}
		}
	],
	"display": {
		"thirdperson_righthand": {
			"rotation": [-90, 0, 0]
		},
		"thirdperson_lefthand": {
			"rotation": [-90, 0, 0]
		},
		"firstperson_righthand": {
			"rotation": [-90, 0, 0],
			"translation": [2, 4.5, 0],
			"scale": [0.75, 0.75, 0.75]
		},
		"firstperson_lefthand": {
			"rotation": [-90, 0, 0],
			"translation": [2, 4.5, 0],
			"scale": [0.75, 0.75, 0.75]
		},
		"ground": {
			"rotation": [90, 0, 0],
			"translation": [0, 4.75, 0],
			"scale": [0.5, 0.5, 0.5]
		},
		"gui": {
			"rotation": [-100, 45, 90],
			"translation": [0.25, 2.5, -1.25],
			"scale": [0.8, 0.8, 0.8]
		},
		"head": {
			"rotation": [0, 90, 0],
			"translation": [1.5, 7.5, 0]
		},
		"fixed": {
			"rotation": [90, 45, -90],
			"translation": [2.75, 0, -1.25]
		}
	}
}