{
	"credit": "Made by Dragoncraft000",
	"texture_size": [192, 192],
	"textures": {
		"0": "custom/vfx/berserker/base/slash",
		"particle": "custom/vfx/berserker/base/slash"
	},
	"elements": [
		{
			"name": "Slash",
			"from": [-8, 8, -8],
			"to": [24, 8, 24],
			"faces": {
				"north": {"uv": [0, 0, 6, 0], "texture": "#0"},
				"east": {"uv": [0, 0, 6, 0], "texture": "#0"},
				"south": {"uv": [0, 0, 6, 0], "texture": "#0"},
				"west": {"uv": [0, 0, 6, 0], "texture": "#0"},
				"up": {"uv": [0, 10.66667, 5.33333, 16], "texture": "#0"},
				"down": {"uv": [0, 16, 5.33333, 10.66667], "texture": "#0"}
			}
		}
	],
	"display": {
		"head": {
			"rotation": [0, 0, 5],
			"translation": [0, -20, 0],
			"scale": [4, 4, 4]
		}
	},
	"groups": [
		{
			"name": "7",
			"origin": [0, 0, 0],
			"color": 0,
			"nbt": "{}",
			"children": [0]
		}
	]
}