{"elements":[{"from":[4.0,8.0,4.5714283],"to":[11.428572,11.428572,11.428572],"rotation":{"angle":0.0,"axis":"y","origin":[8.0,8.0,8.0]},"faces":{"east":{"uv":[14.0,8.0,10.0,10.0],"rotation":0,"texture":"#0","tintindex":0},"south":{"uv":[9.333334,6.0,13.666667,8.0],"rotation":0,"texture":"#0","tintindex":0},"north":{"uv":[9.333334,4.0,13.666667,6.0],"rotation":0,"texture":"#0","tintindex":0},"west":{"uv":[10.0,8.0,14.0,10.0],"rotation":0,"texture":"#0","tintindex":0},"up":{"uv":[9.333334,4.0,5.0,0.0],"rotation":0,"texture":"#0","tintindex":0},"down":{"uv":[9.333334,4.0,13.666667,6.0],"rotation":0,"texture":"#0","tintindex":0}}}],"textures":{"0":"dragonien:entity/chest_5"},"display":{"head":{"translation":[0.0,-6.4,0.0],"scale":[4.0,4.0,4.0]}}}