{
	"credit": "Made by Dragoncraft000",
	"textures": {
		"0": "custom/weapons/magier/spruce_log_2",
		"1": "custom/weapons/magier/arcanus",
		"particle": "custom/weapons/magier/spruce_log_2"
	},
	"elements": [
		{
			"from": [6.5, 10, 20],
			"to": [9.5, 13, 26],
			"rotation": {"angle": 0, "axis": "y", "origin": [8, 11.5, 23]},
			"faces": {
				"north": {"uv": [6.5, 11, 8, 12.5], "texture": "#0"},
				"east": {"uv": [3, 6, 6, 7.5], "texture": "#0"},
				"south": {"uv": [8, 11, 9.5, 12.5], "texture": "#0"},
				"west": {"uv": [6, 6, 9, 7.5], "texture": "#0"},
				"up": {"uv": [8, 6, 6.5, 3], "texture": "#0"},
				"down": {"uv": [1.5, 7, 0, 10], "texture": "#0"}
			}
		},
		{
			"from": [-0.9, 10, -3],
			"to": [6.1, 13, 0],
			"rotation": {"angle": -45, "axis": "y", "origin": [4.1, 11.5, -1.5]},
			"faces": {
				"north": {"uv": [3, 3, 6.5, 4.5], "texture": "#0"},
				"east": {"uv": [13, 0, 14.5, 1.5], "texture": "#0"},
				"south": {"uv": [4, 0, 7.5, 1.5], "texture": "#0"},
				"west": {"uv": [1.5, 13, 3, 14.5], "texture": "#0"},
				"up": {"uv": [7.5, 3, 4, 1.5], "texture": "#0"},
				"down": {"uv": [6.5, 4.5, 3, 6], "texture": "#0"}
			}
		},
		{
			"from": [0.59, 9.99, -11.21],
			"to": [3.61, 13.01, -3.19],
			"rotation": {"angle": -22.5, "axis": "y", "origin": [2.1, 11.5, -6.2]},
			"faces": {
				"north": {"uv": [13, 1.5, 14.5, 3], "texture": "#0"},
				"east": {"uv": [0, 0, 4, 1.5], "texture": "#0"},
				"south": {"uv": [13, 6, 14.5, 7.5], "texture": "#0"},
				"west": {"uv": [0, 1.5, 4, 3], "texture": "#0"},
				"up": {"uv": [1.5, 7, 0, 3], "texture": "#0"},
				"down": {"uv": [3, 3, 1.5, 7], "texture": "#0"}
			}
		},
		{
			"from": [2.49, 9.99, -11.91],
			"to": [8.51, 13.01, -8.89],
			"rotation": {"angle": 22.5, "axis": "y", "origin": [4, 11.5, -11.9]},
			"faces": {
				"north": {"uv": [7.5, 7.5, 10.5, 9], "texture": "#0"},
				"east": {"uv": [13, 12.5, 14.5, 14], "texture": "#0"},
				"south": {"uv": [8, 3, 11, 4.5], "texture": "#0"},
				"west": {"uv": [3, 13.5, 4.5, 15], "texture": "#0"},
				"up": {"uv": [11, 6, 8, 4.5], "texture": "#0"},
				"down": {"uv": [4.5, 9, 1.5, 10.5], "texture": "#0"}
			}
		},
		{
			"from": [6.5, 10, 1],
			"to": [9.5, 13, 3],
			"rotation": {"angle": 0, "axis": "y", "origin": [8, 11.5, 2]},
			"faces": {
				"north": {"uv": [11.5, 12.5, 13, 14], "texture": "#0"},
				"east": {"uv": [6.5, 14, 7.5, 15.5], "texture": "#0"},
				"south": {"uv": [0, 13, 1.5, 14.5], "texture": "#0"},
				"west": {"uv": [7.5, 14, 8.5, 15.5], "texture": "#0"},
				"up": {"uv": [15, 6, 13.5, 5], "texture": "#0"},
				"down": {"uv": [10, 14, 8.5, 15], "texture": "#0"}
			}
		},
		{
			"from": [4.39, 9.99, -2.01],
			"to": [10.51, 13.01, 1.01],
			"rotation": {"angle": 0, "axis": "y", "origin": [7.45, 11.5, -0.5]},
			"faces": {
				"north": {"uv": [7.5, 0, 10.5, 1.5], "texture": "#0"},
				"east": {"uv": [13, 7.5, 14.5, 9], "texture": "#0"},
				"south": {"uv": [1.5, 7.5, 4.5, 9], "texture": "#0"},
				"west": {"uv": [13, 9, 14.5, 10.5], "texture": "#0"},
				"up": {"uv": [10.5, 3, 7.5, 1.5], "texture": "#0"},
				"down": {"uv": [7.5, 7.5, 4.5, 9], "texture": "#0"}
			}
		},
		{
			"from": [7.49, 10.49, -12.01],
			"to": [12.61, 12.51, -9.99],
			"rotation": {"angle": -22.5, "axis": "y", "origin": [10.55, 11.5, -11]},
			"faces": {
				"north": {"uv": [10.5, 7, 13, 8], "texture": "#0"},
				"east": {"uv": [1, 14.5, 2, 15.5], "texture": "#0"},
				"south": {"uv": [10.5, 8, 13, 9], "texture": "#0"},
				"west": {"uv": [14.5, 1, 15.5, 2], "texture": "#0"},
				"up": {"uv": [13, 10, 10.5, 9], "texture": "#0"},
				"down": {"uv": [13, 10, 10.5, 11], "texture": "#0"}
			}
		},
		{
			"from": [8.49, 10.49, -2.01],
			"to": [13.61, 12.51, 0.01],
			"rotation": {"angle": 22.5, "axis": "y", "origin": [11.55, 11.5, -1]},
			"faces": {
				"north": {"uv": [11, 3, 13.5, 4], "texture": "#0"},
				"east": {"uv": [2, 14.5, 3, 15.5], "texture": "#0"},
				"south": {"uv": [4, 11, 6.5, 12], "texture": "#0"},
				"west": {"uv": [14.5, 2, 15.5, 3], "texture": "#0"},
				"up": {"uv": [13.5, 5, 11, 4], "texture": "#0"},
				"down": {"uv": [13.5, 5, 11, 6], "texture": "#0"}
			}
		},
		{
			"from": [6.5, 10, 16],
			"to": [9.5, 13, 19],
			"rotation": {"angle": 0, "axis": "y", "origin": [8, 11.5, 17.5]},
			"faces": {
				"north": {"uv": [9.5, 11, 11, 12.5], "texture": "#0"},
				"east": {"uv": [11, 11, 12.5, 12.5], "texture": "#0"},
				"south": {"uv": [0, 11.5, 1.5, 13], "texture": "#0"},
				"west": {"uv": [11.5, 0, 13, 1.5], "texture": "#0"},
				"up": {"uv": [3, 13, 1.5, 11.5], "texture": "#0"},
				"down": {"uv": [13, 1.5, 11.5, 3], "texture": "#0"}
			}
		},
		{
			"from": [6.5, 10, 9],
			"to": [9.5, 13, 12],
			"rotation": {"angle": 0, "axis": "y", "origin": [8, 11.5, 10.5]},
			"faces": {
				"north": {"uv": [4, 12, 5.5, 13.5], "texture": "#0"},
				"east": {"uv": [5.5, 12.5, 7, 14], "texture": "#0"},
				"south": {"uv": [7, 12.5, 8.5, 14], "texture": "#0"},
				"west": {"uv": [8.5, 12.5, 10, 14], "texture": "#0"},
				"up": {"uv": [11.5, 14, 10, 12.5], "texture": "#0"},
				"down": {"uv": [14, 11, 12.5, 12.5], "texture": "#0"}
			}
		},
		{
			"from": [6.5, 10, -7.4],
			"to": [9.5, 13, -4.4],
			"rotation": {"angle": 0, "axis": "y", "origin": [8, 11.5, -5.9]},
			"faces": {
				"north": {"uv": [6, 9, 9, 12], "texture": "#1"},
				"east": {"uv": [12, 3, 15, 6], "texture": "#1"},
				"south": {"uv": [9, 9, 12, 12], "texture": "#1"},
				"west": {"uv": [12, 9, 15, 12], "texture": "#1"},
				"up": {"uv": [15, 3, 12, 0], "texture": "#1"},
				"down": {"uv": [15, 6, 12, 9], "texture": "#1"}
			}
		},
		{
			"from": [7, 10.5, 19],
			"to": [9, 12.5, 21],
			"rotation": {"angle": 0, "axis": "y", "origin": [8, 11.5, 20]},
			"faces": {
				"north": {"uv": [14, 11.5, 15, 12.5], "texture": "#0"},
				"east": {"uv": [12, 14, 13, 15], "texture": "#0"},
				"south": {"uv": [13, 14, 14, 15], "texture": "#0"},
				"west": {"uv": [14, 14, 15, 15], "texture": "#0"},
				"up": {"uv": [1, 15.5, 0, 14.5], "texture": "#0"},
				"down": {"uv": [15.5, 0, 14.5, 1], "texture": "#0"}
			}
		},
		{
			"from": [7, 10.5, 12],
			"to": [9, 12.5, 16],
			"rotation": {"angle": 0, "axis": "y", "origin": [8, 11.5, 14]},
			"faces": {
				"north": {"uv": [14, 10.5, 15, 11.5], "texture": "#0"},
				"east": {"uv": [13.5, 3, 15.5, 4], "texture": "#0"},
				"south": {"uv": [11, 14, 12, 15], "texture": "#0"},
				"west": {"uv": [13.5, 4, 15.5, 5], "texture": "#0"},
				"up": {"uv": [5.5, 15.5, 4.5, 13.5], "texture": "#0"},
				"down": {"uv": [6.5, 14, 5.5, 16], "texture": "#0"}
			}
		},
		{
			"from": [7, 10.5, 3],
			"to": [9, 12.5, 9],
			"rotation": {"angle": 0, "axis": "y", "origin": [8, 11.5, 6]},
			"faces": {
				"north": {"uv": [12, 6, 13, 7], "texture": "#0"},
				"east": {"uv": [7.5, 10, 10.5, 11], "texture": "#0"},
				"south": {"uv": [10, 14, 11, 15], "texture": "#0"},
				"west": {"uv": [0, 10.5, 3, 11.5], "texture": "#0"},
				"up": {"uv": [11.5, 3, 10.5, 0], "texture": "#0"},
				"down": {"uv": [4, 10.5, 3, 13.5], "texture": "#0"}
			}
		},
		{
			"from": [4.5, 11.5, 21],
			"to": [11.5, 11.5, 31],
			"rotation": {"angle": 0, "axis": "y", "origin": [8.5, 9.5, 22]},
			"faces": {
				"north": {"uv": [0, 0, 0, 7], "rotation": 90, "texture": "#1"},
				"east": {"uv": [0, 0, 0, 10], "rotation": 270, "texture": "#1"},
				"south": {"uv": [0, 0, 0, 7], "rotation": 270, "texture": "#1"},
				"west": {"uv": [0, 0, 0, 10], "rotation": 270, "texture": "#1"},
				"up": {"uv": [0, 0, 10, 7], "rotation": 270, "texture": "#1"},
				"down": {"uv": [10, 0, 0, 7], "rotation": 270, "texture": "#1"}
			}
		}
	],
	"display": {
		"thirdperson_righthand": {
			"rotation": [90, 0, -90],
			"translation": [-4, 0, 1.25]
		},
		"firstperson_righthand": {
			"rotation": [90, 0, -90],
			"scale": [0.5, 0.5, 0.5]
		},
		"firstperson_lefthand": {
			"rotation": [90, 0, 90],
			"translation": [2, 0, 0],
			"scale": [0.5, 0.5, 0.5]
		},
		"ground": {
			"rotation": [90, 0, 0],
			"translation": [0, 8.25, -2],
			"scale": [0.5, 0.5, 0.5]
		},
		"gui": {
			"rotation": [90, -45, 0],
			"scale": [0.5, 0.5, 0.5]
		},
		"fixed": {
			"rotation": [90, -45, 0],
			"translation": [0, 0, -4.5]
		}
	}
}