{
	"credit": "Made by Dragoncraft000",
	"textures": {
		"0": "custom/weapons/magier/spruce_log"
	},
	"elements": [
		{
			"from": [7, 0, 7],
			"to": [9, 9, 9],
			"rotation": {"angle": 0, "axis": "y", "origin": [8, 0, 8]},
			"faces": {
				"north": {"uv": [6, 7, 8, 16], "texture": "#0"},
				"east": {"uv": [4, 7, 6, 16], "texture": "#0"},
				"south": {"uv": [2, 7, 4, 16], "texture": "#0"},
				"west": {"uv": [0, 7, 2, 16], "texture": "#0"},
				"up": {"uv": [0, 0, 2, 2], "texture": "#0"},
				"down": {"uv": [0, 0, 2, 2], "texture": "#0"}
			}
		},
		{
			"from": [7, 9, 6],
			"to": [9, 13, 8],
			"rotation": {"angle": 0, "axis": "y", "origin": [8, 0, 8]},
			"faces": {
				"north": {"uv": [6, 3, 8, 7], "texture": "#0"},
				"east": {"uv": [4, 3, 6, 7], "texture": "#0"},
				"south": {"uv": [2, 3, 4, 7], "texture": "#0"},
				"west": {"uv": [0, 3, 2, 7], "texture": "#0"},
				"up": {"uv": [0, 0, 2, 2], "texture": "#0"},
				"down": {"uv": [0, 0, 2, 2], "texture": "#0"}
			}
		},
		{
			"from": [7, 13, 6],
			"to": [9, 15, 9],
			"rotation": {"angle": 0, "axis": "y", "origin": [8, 0, 8]},
			"faces": {
				"north": {"uv": [2, 1, 0, 3], "texture": "#0"},
				"east": {"uv": [7, 1, 4, 3], "texture": "#0"},
				"south": {"uv": [4, 1, 2, 3], "texture": "#0"},
				"west": {"uv": [9, 1, 6, 3], "texture": "#0"},
				"up": {"uv": [0, 3, 2, 0], "texture": "#0"},
				"down": {"uv": [0, 3, 2, 0], "texture": "#0"}
			}
		},
		{
			"from": [7, 15, 7],
			"to": [9, 17, 10],
			"rotation": {"angle": 0, "axis": "y", "origin": [8, 0, 8]},
			"faces": {
				"north": {"uv": [2, 14, 0, 16], "texture": "#0"},
				"east": {"uv": [7, 14, 4, 16], "texture": "#0"},
				"south": {"uv": [4, 14, 2, 16], "texture": "#0"},
				"west": {"uv": [9, 14, 6, 16], "texture": "#0"},
				"up": {"uv": [0, 3, 2, 0], "texture": "#0"},
				"down": {"uv": [0, 3, 2, 0], "texture": "#0"}
			}
		},
		{
			"from": [7, 17, 8],
			"to": [9, 20, 10],
			"rotation": {"angle": 0, "axis": "y", "origin": [8, 0, 8]},
			"faces": {
				"north": {"uv": [8, 11, 6, 14], "texture": "#0"},
				"east": {"uv": [6, 11, 4, 14], "texture": "#0"},
				"south": {"uv": [4, 11, 2, 14], "texture": "#0"},
				"west": {"uv": [2, 11, 0, 14], "texture": "#0"},
				"up": {"uv": [0, 2, 2, 0], "texture": "#0"},
				"down": {"uv": [0, 2, 2, 0], "texture": "#0"}
			}
		}
	],
	"display": {
		"thirdperson_righthand": {
			"translation": [0, 3.75, 1.25]
		},
		"thirdperson_lefthand": {
			"translation": [0, 3.75, 1.25]
		},
		"firstperson_righthand": {
			"rotation": [-14, 0, 4],
			"translation": [4.5, -1.5, 0]
		},
		"firstperson_lefthand": {
			"rotation": [-14, 0, 4],
			"translation": [4.5, -1.5, 0]
		},
		"ground": {
			"translation": [0, 5, 0]
		},
		"gui": {
			"rotation": [0, 45, -22.5],
			"translation": [1.75, -1.5, 0]
		},
		"fixed": {
			"rotation": [0, 90, 0],
			"translation": [0, -2, -1]
		}
	}
}