{
	"credit": "Made by Dragoncraft000",
	"texture_size": [80, 80],
	"textures": {
		"0": "custom/vfx/mage/shift/crystal",
		"particle": "custom/vfx/mage/shift/crystal"
	},
	"elements": [
		{
			"from": [4, -16, 2],
			"to": [12, 21, 11],
			"rotation": {"angle": 0, "axis": "y", "origin": [4, 0, 2]},
			"faces": {
				"north": {"uv": [3.6, 0, 5.2, 7.4], "texture": "#0"},
				"east": {"uv": [0, 0, 1.8, 7.4], "texture": "#0"},
				"south": {"uv": [5.2, 0, 6.8, 7.4], "texture": "#0"},
				"west": {"uv": [1.8, 0, 3.6, 7.4], "texture": "#0"},
				"up": {"uv": [10.2, 12.6, 8.6, 10.8], "texture": "#0"},
				"down": {"uv": [11.8, 10.8, 10.2, 12.6], "texture": "#0"}
			}
		},
		{
			"from": [6, 20, 4],
			"to": [11, 32, 10],
			"rotation": {"angle": 0, "axis": "y", "origin": [3, 12, 4]},
			"faces": {
				"north": {"uv": [11.8, 4.8, 12.8, 7.2], "texture": "#0"},
				"east": {"uv": [11.8, 0, 13, 2.4], "texture": "#0"},
				"south": {"uv": [11.8, 9, 12.8, 11.4], "texture": "#0"},
				"west": {"uv": [11.8, 2.4, 13, 4.8], "texture": "#0"},
				"up": {"uv": [10.2, 13.8, 9.2, 12.6], "texture": "#0"},
				"down": {"uv": [11.2, 12.6, 10.2, 13.8], "texture": "#0"}
			}
		},
		{
			"from": [2, -12, 3],
			"to": [10, 17, 12],
			"rotation": {"angle": 0, "axis": "y", "origin": [2, 4, 4]},
			"faces": {
				"north": {"uv": [0, 7.4, 1.6, 13.2], "texture": "#0"},
				"east": {"uv": [6.8, 0, 8.6, 5.8], "texture": "#0"},
				"south": {"uv": [1.6, 7.4, 3.2, 13.2], "texture": "#0"},
				"west": {"uv": [6.8, 5.8, 8.6, 11.6], "texture": "#0"},
				"up": {"uv": [8, 13.4, 6.4, 11.6], "texture": "#0"},
				"down": {"uv": [13.2, 7.2, 11.6, 9], "texture": "#0"}
			}
		},
		{
			"from": [3, 0, 0],
			"to": [13, 9, 9],
			"rotation": {"angle": -22.5, "axis": "x", "origin": [9, 5, 4.5]},
			"faces": {
				"north": {"uv": [9.8, 0, 11.8, 1.8], "texture": "#0"},
				"east": {"uv": [9.8, 7.2, 11.6, 9], "texture": "#0"},
				"south": {"uv": [9.8, 1.8, 11.8, 3.6], "texture": "#0"},
				"west": {"uv": [9.8, 9, 11.6, 10.8], "texture": "#0"},
				"up": {"uv": [11.8, 5.4, 9.8, 3.6], "texture": "#0"},
				"down": {"uv": [11.8, 5.4, 9.8, 7.2], "texture": "#0"}
			}
		},
		{
			"from": [8, -2, 5],
			"to": [14, 25, 13],
			"rotation": {"angle": 0, "axis": "y", "origin": [9, 12, 5]},
			"faces": {
				"north": {"uv": [8.6, 0, 9.8, 5.4], "texture": "#0"},
				"east": {"uv": [3.2, 7.4, 4.8, 12.8], "texture": "#0"},
				"south": {"uv": [8.6, 5.4, 9.8, 10.8], "texture": "#0"},
				"west": {"uv": [4.8, 7.4, 6.4, 12.8], "texture": "#0"},
				"up": {"uv": [13, 13, 11.8, 11.4], "texture": "#0"},
				"down": {"uv": [9.2, 12.6, 8, 14.2], "texture": "#0"}
			}
		}
	]
}