{"textures":{"0":"dragonien:entity/ultimate_vfx"},"elements":[{"from":[4.0,4.0,4.0],"to":[12.0,12.0,12.0],"faces":{"east":{"uv":[7.0,3.0,7.5,3.5],"tintindex":0,"rotation":0,"texture":"#0"},"south":{"uv":[7.0,3.0,7.5,3.5],"tintindex":0,"rotation":0,"texture":"#0"},"north":{"uv":[7.0,3.0,7.5,3.5],"tintindex":0,"rotation":0,"texture":"#0"},"west":{"uv":[7.0,3.0,7.5,3.5],"tintindex":0,"rotation":0,"texture":"#0"},"up":{"uv":[7.0,3.0,7.5,3.5],"tintindex":0,"rotation":0,"texture":"#0"},"down":{"uv":[7.0,3.0,7.5,3.5],"tintindex":0,"rotation":0,"texture":"#0"}}}],"display":{"gui":{"rotation":[30,225,0]}}}