{"elements":[{"from":[5.714286,5.714286,5.714286],"to":[10.285714,10.285714,10.285714],"rotation":{"angle":0.0,"axis":"y","origin":[8.0,8.0,8.0]},"faces":{"east":{"uv":[7.0,3.0,7.5,3.5],"rotation":0,"texture":"#1","tintindex":0},"south":{"uv":[7.0,3.0,7.5,3.5],"rotation":0,"texture":"#1","tintindex":0},"north":{"uv":[7.0,3.0,7.5,3.5],"rotation":0,"texture":"#1","tintindex":0},"west":{"uv":[7.0,3.0,7.5,3.5],"rotation":0,"texture":"#1","tintindex":0},"up":{"uv":[7.0,3.0,7.5,3.5],"rotation":0,"texture":"#1","tintindex":0},"down":{"uv":[7.0,3.0,7.5,3.5],"rotation":0,"texture":"#1","tintindex":0}}}],"textures":{"1":"dragonien:entity/ultimate_vfx"},"display":{"head":{"translation":[0.0,-6.4,0.0],"scale":[4.0,4.0,4.0]}}}