{"elements":[{"from":[10.285714,14.571428,11.428572],"to":[14.857143,21.428572,13.714286],"rotation":{"angle":0.0,"axis":"y","origin":[8.0,8.0,8.0]},"faces":{"east":{"uv":[32.0,80.0,48.0,128.0],"rotation":0,"texture":"#missing","tintindex":0},"south":{"uv":[32.0,0.0,64.0,48.0],"rotation":0,"texture":"#missing","tintindex":0},"north":{"uv":[0.0,0.0,32.0,48.0],"rotation":0,"texture":"#missing","tintindex":0},"west":{"uv":[48.0,80.0,64.0,128.0],"rotation":0,"texture":"#missing","tintindex":0},"up":{"uv":[128.0,16.0,96.0,0.0],"rotation":0,"texture":"#missing","tintindex":0},"down":{"uv":[128.0,16.0,96.0,32.0],"rotation":0,"texture":"#missing","tintindex":0}}}],"textures":{},"display":{"head":{"translation":[0.0,-6.4,0.0],"scale":[4.0,4.0,4.0]}}}