{"elements":[{"from":[5.714286,8.0,5.714286],"to":[10.285714,12.571428,10.285714],"rotation":{"angle":0.0,"axis":"y","origin":[8.0,8.0,8.0]},"faces":{"east":{"uv":[32.0,48.0,64.0,80.0],"rotation":0,"texture":"#missing","tintindex":0},"south":{"uv":[64.0,0.0,96.0,32.0],"rotation":0,"texture":"#missing","tintindex":0},"north":{"uv":[0.0,48.0,32.0,80.0],"rotation":0,"texture":"#missing","tintindex":0},"west":{"uv":[64.0,32.0,96.0,64.0],"rotation":0,"texture":"#missing","tintindex":0},"up":{"uv":[96.0,96.0,64.0,64.0],"rotation":0,"texture":"#missing","tintindex":0},"down":{"uv":[32.0,80.0,0.0,112.0],"rotation":0,"texture":"#missing","tintindex":0}}}],"textures":{},"display":{"head":{"translation":[0.0,-6.4,0.0],"scale":[4.0,4.0,4.0]}}}