{"elements":[{"from":[6.857143,4.0,6.857143],"to":[9.142858,8.0,9.142858],"rotation":{"angle":0.0,"axis":"y","origin":[8.0,7.428571,8.0]},"faces":{"east":{"uv":[96.0,60.0,112.0,88.0],"rotation":0,"texture":"#missing","tintindex":0},"south":{"uv":[32.0,112.0,16.0,140.0],"rotation":0,"texture":"#missing","tintindex":0},"north":{"uv":[112.0,88.0,96.0,116.0],"rotation":0,"texture":"#missing","tintindex":0},"west":{"uv":[16.0,112.0,0.0,140.0],"rotation":0,"texture":"#missing","tintindex":0},"up":{"uv":[64.0,168.0,48.0,152.0],"rotation":0,"texture":"#missing","tintindex":0},"down":{"uv":[80.0,152.0,64.0,168.0],"rotation":0,"texture":"#missing","tintindex":0}}}],"textures":{},"display":{"head":{"translation":[0.0,-6.4,0.0],"scale":[4.0,4.0,4.0]}}}