{"elements":[{"from":[6.857143,4.0,6.857143],"to":[9.142858,8.0,9.142858],"rotation":{"angle":0.0,"axis":"y","origin":[8.0,7.428571,8.0]},"faces":{"east":{"uv":[6.0,3.75,7.0,5.5],"rotation":0,"texture":"#0","tintindex":0},"south":{"uv":[2.0,7.0,1.0,8.75],"rotation":0,"texture":"#0","tintindex":0},"north":{"uv":[7.0,5.5,6.0,7.25],"rotation":0,"texture":"#0","tintindex":0},"west":{"uv":[1.0,7.0,0.0,8.75],"rotation":0,"texture":"#0","tintindex":0},"up":{"uv":[4.0,10.5,3.0,9.5],"rotation":0,"texture":"#0","tintindex":0},"down":{"uv":[5.0,9.5,4.0,10.5],"rotation":0,"texture":"#0","tintindex":0}}}],"textures":{"0":"dragonien:entity/ultimate_character"},"display":{"head":{"translation":[0.0,-6.4,0.0],"scale":[4.0,4.0,4.0]}}}