{"textures":{"0":"dragonien:entity/ultimate_character"},"elements":[{"from":[6.857143,4.5714283,6.857143],"to":[9.142858,8.0,9.142858],"rotation":{"angle":0.0,"axis":"y","origin":[8.0,8.0,8.0]},"faces":{"east":{"uv":[9.0,1.5,10.0,3.0],"rotation":0,"texture":"#0","tintindex":0},"south":{"uv":[8.0,9.0,7.0,10.5],"rotation":0,"texture":"#0","tintindex":0},"north":{"uv":[7.0,9.0,6.0,10.5],"rotation":0,"texture":"#0","tintindex":0},"west":{"uv":[10.0,6.0,9.0,7.5],"rotation":0,"texture":"#0","tintindex":0},"up":{"uv":[11.0,3.0,10.0,2.0],"rotation":0,"texture":"#0","tintindex":0},"down":{"uv":[11.0,3.0,10.0,4.0],"rotation":0,"texture":"#0","tintindex":0}}}],"display":{"head":{"translation":[0.0,-6.4,0.0],"scale":[4.0,4.0,4.0]}}}