{"textures":{"0":"dragonien:entity/ultimate_character"},"elements":[{"from":[5.714286,5.142857,6.857143],"to":[8.0,8.571428,9.142858],"rotation":{"angle":0.0,"axis":"y","origin":[8.0,7.428571,8.0]},"faces":{"east":{"uv":[3.0,8.0,4.0,9.5],"rotation":0,"texture":"#0","tintindex":0},"south":{"uv":[1.0,8.75,0.0,10.25],"rotation":0,"texture":"#0","tintindex":0},"north":{"uv":[9.0,6.5,8.0,8.0],"rotation":0,"texture":"#0","tintindex":0},"west":{"uv":[9.0,8.0,8.0,9.5],"rotation":0,"texture":"#0","tintindex":0},"up":{"uv":[10.0,10.0,9.0,9.0],"rotation":0,"texture":"#0","tintindex":0},"down":{"uv":[3.0,9.5,2.0,10.5],"rotation":0,"texture":"#0","tintindex":0}}}],"display":{"head":{"translation":[0.0,-6.4,0.0],"scale":[4.0,4.0,4.0]}}}