{"elements":[{"from":[6.857143,4.5714283,6.857143],"to":[9.142858,8.571428,9.142858],"rotation":{"angle":0.0,"axis":"y","origin":[8.0,8.0,9.142858]},"faces":{"east":{"uv":[7.0,5.5,8.0,7.25],"rotation":0,"texture":"#0","tintindex":0},"south":{"uv":[9.0,0.0,8.0,1.75],"rotation":0,"texture":"#0","tintindex":0},"north":{"uv":[5.0,7.75,4.0,9.5],"rotation":0,"texture":"#0","tintindex":0},"west":{"uv":[6.0,7.75,5.0,9.5],"rotation":0,"texture":"#0","tintindex":0},"up":{"uv":[11.0,5.0,10.0,4.0],"rotation":0,"texture":"#0","tintindex":0},"down":{"uv":[11.0,5.0,10.0,6.0],"rotation":0,"texture":"#0","tintindex":0}}}],"textures":{"0":"dragonien:entity/ultimate_character"},"display":{"head":{"translation":[0.0,-6.4,0.0],"scale":[4.0,4.0,4.0]}}}