{"elements":[{"from":[5.714286,5.142857,6.857143],"to":[8.0,8.571428,9.142858],"rotation":{"angle":0.0,"axis":"y","origin":[8.0,7.428571,8.0]},"faces":{"east":{"uv":[48.0,128.0,64.0,152.0],"rotation":0,"texture":"#missing","tintindex":0},"south":{"uv":[16.0,140.0,0.0,164.0],"rotation":0,"texture":"#missing","tintindex":0},"north":{"uv":[144.0,104.0,128.0,128.0],"rotation":0,"texture":"#missing","tintindex":0},"west":{"uv":[144.0,128.0,128.0,152.0],"rotation":0,"texture":"#missing","tintindex":0},"up":{"uv":[160.0,160.0,144.0,144.0],"rotation":0,"texture":"#missing","tintindex":0},"down":{"uv":[48.0,152.0,32.0,168.0],"rotation":0,"texture":"#missing","tintindex":0}}}],"textures":{},"display":{"head":{"translation":[0.0,-6.4,0.0],"scale":[4.0,4.0,4.0]}}}