{"elements":[{"from":[6.857143,4.5714283,6.857143],"to":[9.142858,8.571428,9.142858],"rotation":{"angle":0.0,"axis":"y","origin":[8.0,8.0,9.142858]},"faces":{"east":{"uv":[112.0,88.0,128.0,116.0],"rotation":0,"texture":"#missing","tintindex":0},"south":{"uv":[144.0,0.0,128.0,28.0],"rotation":0,"texture":"#missing","tintindex":0},"north":{"uv":[80.0,124.0,64.0,152.0],"rotation":0,"texture":"#missing","tintindex":0},"west":{"uv":[96.0,124.0,80.0,152.0],"rotation":0,"texture":"#missing","tintindex":0},"up":{"uv":[176.0,80.0,160.0,64.0],"rotation":0,"texture":"#missing","tintindex":0},"down":{"uv":[176.0,80.0,160.0,96.0],"rotation":0,"texture":"#missing","tintindex":0}}}],"textures":{},"display":{"head":{"translation":[0.0,-6.4,0.0],"scale":[4.0,4.0,4.0]}}}