{"elements":[{"from":[6.857143,4.5714283,6.857143],"to":[9.142858,8.571428,9.142858],"rotation":{"angle":0.0,"axis":"y","origin":[2.2857141,4.8571424,3.4285712]},"faces":{"east":{"uv":[80.0,124.0,96.0,152.0],"rotation":0,"texture":"#missing","tintindex":0},"south":{"uv":[128.0,0.0,144.0,28.0],"rotation":0,"texture":"#missing","tintindex":0},"north":{"uv":[64.0,124.0,80.0,152.0],"rotation":0,"texture":"#missing","tintindex":0},"west":{"uv":[128.0,28.0,144.0,56.0],"rotation":0,"texture":"#missing","tintindex":0},"up":{"uv":[176.0,144.0,160.0,128.0],"rotation":0,"texture":"#missing","tintindex":0},"down":{"uv":[160.0,160.0,144.0,176.0],"rotation":0,"texture":"#missing","tintindex":0}}}],"textures":{},"display":{"head":{"translation":[0.0,-6.4,0.0],"scale":[4.0,4.0,4.0]}}}