{"elements":[{"from":[6.857143,4.5714283,6.857143],"to":[9.142858,8.571428,9.142858],"rotation":{"angle":0.0,"axis":"y","origin":[6.857143,10.285714,8.0]},"faces":{"east":{"uv":[0.0,112.0,16.0,140.0],"rotation":0,"texture":"#missing","tintindex":0},"south":{"uv":[16.0,112.0,32.0,140.0],"rotation":0,"texture":"#missing","tintindex":0},"north":{"uv":[96.0,88.0,112.0,116.0],"rotation":0,"texture":"#missing","tintindex":0},"west":{"uv":[112.0,32.0,128.0,60.0],"rotation":0,"texture":"#missing","tintindex":0},"up":{"uv":[176.0,16.0,160.0,0.0],"rotation":0,"texture":"#missing","tintindex":0},"down":{"uv":[176.0,16.0,160.0,32.0],"rotation":0,"texture":"#missing","tintindex":0}}}],"textures":{},"display":{"head":{"translation":[0.0,-6.4,0.0],"scale":[4.0,4.0,4.0]}}}