{"elements":[{"from":[6.857143,4.5714283,6.857143],"to":[9.142858,8.571428,9.142858],"rotation":{"angle":0.0,"axis":"y","origin":[2.2857141,4.8571424,3.4285712]},"faces":{"east":{"uv":[5.0,7.75,6.0,9.5],"rotation":0,"texture":"#0","tintindex":0},"south":{"uv":[8.0,0.0,9.0,1.75],"rotation":0,"texture":"#0","tintindex":0},"north":{"uv":[4.0,7.75,5.0,9.5],"rotation":0,"texture":"#0","tintindex":0},"west":{"uv":[8.0,1.75,9.0,3.5],"rotation":0,"texture":"#0","tintindex":0},"up":{"uv":[11.0,9.0,10.0,8.0],"rotation":0,"texture":"#0","tintindex":0},"down":{"uv":[10.0,10.0,9.0,11.0],"rotation":0,"texture":"#0","tintindex":0}}}],"textures":{"0":"dragonien:entity/ultimate_character"},"display":{"head":{"translation":[0.0,-6.4,0.0],"scale":[4.0,4.0,4.0]}}}