{"elements":[{"from":[-14.4,8.4,-14.4],"to":[30.4,8.4,30.4],"rotation":{"angle":0.0,"axis":"y","origin":[8.0,8.4,8.0]},"faces":{"east":{"uv":[0.0,0.0,7.0,0.0],"rotation":0,"texture":"#1","tintindex":0},"south":{"uv":[0.0,0.0,7.0,0.0],"rotation":0,"texture":"#1","tintindex":0},"north":{"uv":[0.0,0.0,7.0,0.0],"rotation":0,"texture":"#1","tintindex":0},"west":{"uv":[0.0,0.0,7.0,0.0],"rotation":0,"texture":"#1","tintindex":0},"up":{"uv":[7.0,7.0,0.0,0.0],"rotation":0,"texture":"#1","tintindex":0},"down":{"uv":[7.0,0.0,0.0,7.0],"rotation":0,"texture":"#1","tintindex":0}}}],"textures":{"1":"dragonien:entity/ultimate_vfx"},"display":{"head":{"translation":[0.0,-6.4,0.0],"scale":[4.0,4.0,4.0]}}}