{"textures":{"1":"dragonien:entity/ultimate_vfx"},"elements":[{"from":[-5.714287,-5.714287,-5.714287],"to":[21.714287,21.714287,21.714287],"rotation":{"angle":0.0,"axis":"y","origin":[8.0,-5.714287,8.0]},"faces":{"east":{"uv":[7.0,0.0,10.0,3.0],"rotation":0,"texture":"#1","tintindex":0},"south":{"uv":[7.0,0.0,10.0,3.0],"rotation":0,"texture":"#1","tintindex":0},"north":{"uv":[7.0,0.0,10.0,3.0],"rotation":0,"texture":"#1","tintindex":0},"west":{"uv":[7.0,0.0,10.0,3.0],"rotation":0,"texture":"#1","tintindex":0},"up":{"uv":[10.0,3.0,7.0,0.0],"rotation":0,"texture":"#1","tintindex":0},"down":{"uv":[10.0,0.0,7.0,3.0],"rotation":0,"texture":"#1","tintindex":0}}}],"display":{"head":{"translation":[0.0,-6.4,0.0],"scale":[4.0,4.0,4.0]}}}