{"textures":{"0":"json:/medieval_bed"},"elements":[{"from":[17.0,0.0,21.0],"to":[21.0,32.0,25.0],"faces":{"east":{"uv":[5.25,8.125,5.75,12.125],"tintindex":0,"rotation":0,"texture":"#0"},"south":{"uv":[5.75,8.125,6.25,12.125],"tintindex":0,"rotation":0,"texture":"#0"},"north":{"uv":[4.75,8.125,5.25,12.125],"tintindex":0,"rotation":0,"texture":"#0"},"west":{"uv":[6.25,8.125,6.75,12.125],"tintindex":0,"rotation":0,"texture":"#0"},"up":{"uv":[2.75,8.875,2.25,8.375],"tintindex":0,"rotation":0,"texture":"#0"},"down":{"uv":[9.0,0.375,8.5,0.875],"tintindex":0,"rotation":0,"texture":"#0"}}},{"from":[-2.0009995,11.999,-8.0],"to":[18.001,14.001,22.002],"faces":{"east":{"uv":[7.75,5.0,11.5,5.25],"tintindex":0,"rotation":0,"texture":"#0"},"south":{"uv":[7.75,6.125,10.25,6.375],"tintindex":0,"rotation":0,"texture":"#0"},"north":{"uv":[7.75,5.875,10.25,6.125],"tintindex":0,"rotation":0,"texture":"#0"},"west":{"uv":[7.75,5.25,11.5,5.5],"tintindex":0,"rotation":0,"texture":"#0"},"up":{"uv":[2.5,7.625,0.0,3.875],"tintindex":0,"rotation":0,"texture":"#0"},"down":{"uv":[5.0,3.875,2.5,7.625],"tintindex":0,"rotation":0,"texture":"#0"}}},{"from":[17.0,0.0,-8.0],"to":[19.0,12.0,-6.0],"faces":{"east":{"uv":[0.0,8.375,0.25,9.875],"tintindex":0,"rotation":0,"texture":"#0"},"south":{"uv":[0.25,8.375,0.5,9.875],"tintindex":0,"rotation":0,"texture":"#0"},"north":{"uv":[8.25,0.375,8.5,1.875],"tintindex":0,"rotation":0,"texture":"#0"},"west":{"uv":[0.5,8.375,0.75,9.875],"tintindex":0,"rotation":0,"texture":"#0"},"up":{"uv":[5.75,3.875,5.5,3.625],"tintindex":0,"rotation":0,"texture":"#0"},"down":{"uv":[6.0,3.625,5.75,3.875],"tintindex":0,"rotation":0,"texture":"#0"}}},{"from":[-3.0030003,5.997,20.997],"to":[19.003,26.003,25.003],"faces":{"east":{"uv":[6.75,8.125,7.25,10.625],"tintindex":0,"rotation":0,"texture":"#0"},"south":{"uv":[5.5,0.0,8.25,2.5],"tintindex":0,"rotation":0,"texture":"#0"},"north":{"uv":[5.0,3.875,7.75,6.375],"tintindex":0,"rotation":0,"texture":"#0"},"west":{"uv":[7.25,8.125,7.75,10.625],"tintindex":0,"rotation":0,"texture":"#0"},"up":{"uv":[10.5,4.5,7.75,4.0],"tintindex":0,"rotation":0,"texture":"#0"},"down":{"uv":[10.5,4.5,7.75,5.0],"tintindex":0,"rotation":0,"texture":"#0"}}},{"from":[-5.0,0.0,21.0],"to":[-1.0,32.0,25.0],"faces":{"east":{"uv":[3.25,7.625,3.75,11.625],"tintindex":0,"rotation":0,"texture":"#0"},"south":{"uv":[3.75,7.625,4.25,11.625],"tintindex":0,"rotation":0,"texture":"#0"},"north":{"uv":[2.75,7.625,3.25,11.625],"tintindex":0,"rotation":0,"texture":"#0"},"west":{"uv":[4.25,7.625,4.75,11.625],"tintindex":0,"rotation":0,"texture":"#0"},"up":{"uv":[8.75,2.375,8.25,1.875],"tintindex":0,"rotation":0,"texture":"#0"},"down":{"uv":[2.25,8.375,1.75,8.875],"tintindex":0,"rotation":0,"texture":"#0"}}},{"from":[-1.0010004,13.999,12.999],"to":[17.001,17.001,21.001],"faces":{"east":{"uv":[7.75,8.125,8.75,8.5],"tintindex":0,"rotation":0,"texture":"#0"},"south":{"uv":[7.75,5.5,10.0,5.875],"tintindex":0,"rotation":0,"texture":"#0"},"north":{"uv":[5.5,3.25,7.75,3.625],"tintindex":0,"rotation":0,"texture":"#0"},"west":{"uv":[8.25,0.0,9.25,0.375],"tintindex":0,"rotation":0,"texture":"#0"},"up":{"uv":[7.25,8.125,5.0,7.125],"tintindex":0,"rotation":0,"texture":"#0"},"down":{"uv":[9.5,7.125,7.25,8.125],"tintindex":0,"rotation":0,"texture":"#0"}}},{"from":[-3.0,0.0,-8.0],"to":[-1.0,12.0,-6.0],"faces":{"east":{"uv":[1.0,8.375,1.25,9.875],"tintindex":0,"rotation":0,"texture":"#0"},"south":{"uv":[1.25,8.375,1.5,9.875],"tintindex":0,"rotation":0,"texture":"#0"},"north":{"uv":[0.75,8.375,1.0,9.875],"tintindex":0,"rotation":0,"texture":"#0"},"west":{"uv":[1.5,8.375,1.75,9.875],"tintindex":0,"rotation":0,"texture":"#0"},"up":{"uv":[6.25,3.875,6.0,3.625],"tintindex":0,"rotation":0,"texture":"#0"},"down":{"uv":[6.5,3.625,6.25,3.875],"tintindex":0,"rotation":0,"texture":"#0"}}},{"from":[-3.0009995,5.999,-8.0],"to":[19.001,12.001,23.002],"faces":{"east":{"uv":[5.5,2.5,9.375,3.25],"tintindex":0,"rotation":0,"texture":"#0"},"south":{"uv":[7.75,3.25,10.5,4.0],"tintindex":0,"rotation":0,"texture":"#0"},"north":{"uv":[0.0,7.625,2.75,8.375],"tintindex":0,"rotation":0,"texture":"#0"},"west":{"uv":[5.0,6.375,8.875,7.125],"tintindex":0,"rotation":0,"texture":"#0"},"up":{"uv":[2.75,3.875,0.0,0.0],"tintindex":0,"rotation":0,"texture":"#0"},"down":{"uv":[5.5,0.0,2.75,3.875],"tintindex":0,"rotation":0,"texture":"#0"}}}],"display":{"gui":{"rotation":[30,225,0]}}}