{"elements":[{"from":[13.142858,3.4285712,-1.1428576],"to":[14.285715,10.285714,0.0],"rotation":{"angle":0.0,"axis":"y","origin":[8.0,3.4285712,8.0]},"faces":{"east":{"uv":[0.0,8.375,0.25,9.875],"rotation":0,"texture":"#0","tintindex":0},"south":{"uv":[0.25,8.375,0.5,9.875],"rotation":0,"texture":"#0","tintindex":0},"north":{"uv":[8.25,0.375,8.5,1.875],"rotation":0,"texture":"#0","tintindex":0},"west":{"uv":[0.5,8.375,0.75,9.875],"rotation":0,"texture":"#0","tintindex":0},"up":{"uv":[5.75,3.875,5.5,3.625],"rotation":0,"texture":"#0","tintindex":0},"down":{"uv":[6.0,3.625,5.75,3.875],"rotation":0,"texture":"#0","tintindex":0}}},{"from":[1.7142854,3.4285712,-1.1428576],"to":[2.8571424,10.285714,0.0],"rotation":{"angle":0.0,"axis":"y","origin":[8.0,3.4285712,8.0]},"faces":{"east":{"uv":[1.0,8.375,1.25,9.875],"rotation":0,"texture":"#0","tintindex":0},"south":{"uv":[1.25,8.375,1.5,9.875],"rotation":0,"texture":"#0","tintindex":0},"north":{"uv":[0.75,8.375,1.0,9.875],"rotation":0,"texture":"#0","tintindex":0},"west":{"uv":[1.5,8.375,1.75,9.875],"rotation":0,"texture":"#0","tintindex":0},"up":{"uv":[6.25,3.875,6.0,3.625],"rotation":0,"texture":"#0","tintindex":0},"down":{"uv":[6.5,3.625,6.25,3.875],"rotation":0,"texture":"#0","tintindex":0}}},{"from":[0.5714283,3.4285712,15.428572],"to":[2.8571424,21.714287,17.714287],"rotation":{"angle":0.0,"axis":"y","origin":[8.0,3.4285712,8.0]},"faces":{"east":{"uv":[3.25,7.625,3.75,11.625],"rotation":0,"texture":"#0","tintindex":0},"south":{"uv":[3.75,7.625,4.25,11.625],"rotation":0,"texture":"#0","tintindex":0},"north":{"uv":[2.75,7.625,3.25,11.625],"rotation":0,"texture":"#0","tintindex":0},"west":{"uv":[4.25,7.625,4.75,11.625],"rotation":0,"texture":"#0","tintindex":0},"up":{"uv":[8.75,2.375,8.25,1.875],"rotation":0,"texture":"#0","tintindex":0},"down":{"uv":[2.25,8.375,1.75,8.875],"rotation":0,"texture":"#0","tintindex":0}}},{"from":[13.142858,3.4285712,15.428572],"to":[15.428572,21.714287,17.714287],"rotation":{"angle":0.0,"axis":"y","origin":[8.0,3.4285712,8.0]},"faces":{"east":{"uv":[5.25,8.125,5.75,12.125],"rotation":0,"texture":"#0","tintindex":0},"south":{"uv":[5.75,8.125,6.25,12.125],"rotation":0,"texture":"#0","tintindex":0},"north":{"uv":[4.75,8.125,5.25,12.125],"rotation":0,"texture":"#0","tintindex":0},"west":{"uv":[6.25,8.125,6.75,12.125],"rotation":0,"texture":"#0","tintindex":0},"up":{"uv":[2.75,8.875,2.25,8.375],"rotation":0,"texture":"#0","tintindex":0},"down":{"uv":[9.0,0.375,8.5,0.875],"rotation":0,"texture":"#0","tintindex":0}}},{"from":[1.7137136,6.856571,-1.1428576],"to":[14.286286,10.286285,16.57257],"rotation":{"angle":0.0,"axis":"y","origin":[8.0,3.4285712,8.0]},"faces":{"east":{"uv":[5.5,2.5,9.375,3.25],"rotation":0,"texture":"#0","tintindex":0},"south":{"uv":[7.75,3.25,10.5,4.0],"rotation":0,"texture":"#0","tintindex":0},"north":{"uv":[0.0,7.625,2.75,8.375],"rotation":0,"texture":"#0","tintindex":0},"west":{"uv":[5.0,6.375,8.875,7.125],"rotation":0,"texture":"#0","tintindex":0},"up":{"uv":[2.75,3.875,0.0,0.0],"rotation":0,"texture":"#0","tintindex":0},"down":{"uv":[5.5,0.0,2.75,3.875],"rotation":0,"texture":"#0","tintindex":0}}},{"from":[2.2851424,10.285143,-1.1428576],"to":[13.714857,11.429143,16.001144],"rotation":{"angle":0.0,"axis":"y","origin":[8.0,3.4285712,8.0]},"faces":{"east":{"uv":[7.75,5.0,11.5,5.25],"rotation":0,"texture":"#0","tintindex":0},"south":{"uv":[7.75,6.125,10.25,6.375],"rotation":0,"texture":"#0","tintindex":0},"north":{"uv":[7.75,5.875,10.25,6.125],"rotation":0,"texture":"#0","tintindex":0},"west":{"uv":[7.75,5.25,11.5,5.5],"rotation":0,"texture":"#0","tintindex":0},"up":{"uv":[2.5,7.625,0.0,3.875],"rotation":0,"texture":"#0","tintindex":0},"down":{"uv":[5.0,3.875,2.5,7.625],"rotation":0,"texture":"#0","tintindex":0}}},{"from":[2.8565712,11.428,10.856571],"to":[13.143429,13.143429,15.429144],"rotation":{"angle":0.0,"axis":"y","origin":[8.0,3.4285712,8.0]},"faces":{"east":{"uv":[7.75,8.125,8.75,8.5],"rotation":0,"texture":"#0","tintindex":0},"south":{"uv":[7.75,5.5,10.0,5.875],"rotation":0,"texture":"#0","tintindex":0},"north":{"uv":[5.5,3.25,7.75,3.625],"rotation":0,"texture":"#0","tintindex":0},"west":{"uv":[8.25,0.0,9.25,0.375],"rotation":0,"texture":"#0","tintindex":0},"up":{"uv":[7.25,8.125,5.0,7.125],"rotation":0,"texture":"#0","tintindex":0},"down":{"uv":[9.5,7.125,7.25,8.125],"rotation":0,"texture":"#0","tintindex":0}}},{"from":[1.7125711,6.8554287,15.426857],"to":[14.287429,18.28743,17.716],"rotation":{"angle":0.0,"axis":"y","origin":[8.0,3.4285712,8.0]},"faces":{"east":{"uv":[6.75,8.125,7.25,10.625],"rotation":0,"texture":"#0","tintindex":0},"south":{"uv":[5.5,0.0,8.25,2.5],"rotation":0,"texture":"#0","tintindex":0},"north":{"uv":[5.0,3.875,7.75,6.375],"rotation":0,"texture":"#0","tintindex":0},"west":{"uv":[7.25,8.125,7.75,10.625],"rotation":0,"texture":"#0","tintindex":0},"up":{"uv":[10.5,4.5,7.75,4.0],"rotation":0,"texture":"#0","tintindex":0},"down":{"uv":[10.5,4.5,7.75,5.0],"rotation":0,"texture":"#0","tintindex":0}}}],"textures":{"0":"json:/medieval_bed"},"display":{"head":{"translation":[0.0,-6.4,0.0],"scale":[4.0,4.0,4.0]}}}