{"textures":{"0":"dragonien:entity/rocky"},"elements":[{"from":[12.5045,3.5044987,-12.2455],"to":[19.2455,16.995497,-5.5044994],"faces":{"east":{"uv":[11.375,3.625,11.75,4.375],"tintindex":0,"rotation":0,"texture":"#0"},"south":{"uv":[4.875,11.375,5.25,12.125],"tintindex":0,"rotation":0,"texture":"#0"},"north":{"uv":[11.375,2.875,11.75,3.625],"tintindex":0,"rotation":0,"texture":"#0"},"west":{"uv":[7.625,11.375,8.0,12.125],"tintindex":0,"rotation":0,"texture":"#0"},"up":{"uv":[0.375,12.5,0.0,12.125],"tintindex":0,"rotation":0,"texture":"#0"},"down":{"uv":[12.5,0.0,12.125,0.375],"tintindex":0,"rotation":0,"texture":"#0"}},"rotation":{"origin":[8.0,8.0,8.0],"angle":22.5,"axis":"y"}},{"from":[5.75,8.0,-10.0],"to":[12.5,21.5,-3.25],"faces":{"east":{"uv":[7.25,10.875,7.625,11.625],"tintindex":0,"rotation":0,"texture":"#0"},"south":{"uv":[10.625,11.25,11.0,12.0],"tintindex":0,"rotation":0,"texture":"#0"},"north":{"uv":[2.125,9.125,2.5,9.875],"tintindex":0,"rotation":0,"texture":"#0"},"west":{"uv":[11.375,0.5,11.75,1.25],"tintindex":0,"rotation":0,"texture":"#0"},"up":{"uv":[12.375,10.625,12.0,10.25],"tintindex":0,"rotation":0,"texture":"#0"},"down":{"uv":[12.375,10.625,12.0,11.0],"tintindex":0,"rotation":0,"texture":"#0"}},"rotation":{"origin":[8.0,8.0,8.0],"angle":22.5,"axis":"z"}}],"display":{"gui":{"rotation":[30,225,0]}}}