{"textures":{"0":"dragonien:entity/rocky"},"elements":[{"from":[6.714286,8.0,-2.285715],"to":[10.571428,15.714286,1.5714283],"rotation":{"angle":22.5,"axis":"z","origin":[8.0,8.0,8.0]},"faces":{"east":{"uv":[7.25,10.875,7.625,11.625],"rotation":0,"texture":"#0","tintindex":0},"south":{"uv":[10.625,11.25,11.0,12.0],"rotation":0,"texture":"#0","tintindex":0},"north":{"uv":[2.125,9.125,2.5,9.875],"rotation":0,"texture":"#0","tintindex":0},"west":{"uv":[11.375,0.5,11.75,1.25],"rotation":0,"texture":"#0","tintindex":0},"up":{"uv":[12.375,10.625,12.0,10.25],"rotation":0,"texture":"#0","tintindex":0},"down":{"uv":[12.375,10.625,12.0,11.0],"rotation":0,"texture":"#0","tintindex":0}}},{"from":[10.574,5.431143,-3.5688572],"to":[14.426001,13.140286,0.28314304],"rotation":{"angle":22.5,"axis":"y","origin":[8.0,8.0,8.0]},"faces":{"east":{"uv":[11.375,3.625,11.75,4.375],"rotation":0,"texture":"#0","tintindex":0},"south":{"uv":[4.875,11.375,5.25,12.125],"rotation":0,"texture":"#0","tintindex":0},"north":{"uv":[11.375,2.875,11.75,3.625],"rotation":0,"texture":"#0","tintindex":0},"west":{"uv":[7.625,11.375,8.0,12.125],"rotation":0,"texture":"#0","tintindex":0},"up":{"uv":[0.375,12.5,0.0,12.125],"rotation":0,"texture":"#0","tintindex":0},"down":{"uv":[12.5,0.0,12.125,0.375],"rotation":0,"texture":"#0","tintindex":0}}}],"display":{"head":{"translation":[0.0,-6.4,0.0],"scale":[4.0,4.0,4.0]}}}