{"textures":{"0":"dragonien:entity/rocky"},"elements":[{"from":[5.75,0.125,6.875],"to":[10.25,13.625,11.375],"faces":{"east":{"uv":[2.0,7.625,2.5,9.125],"tintindex":0,"rotation":0,"texture":"#0"},"south":{"uv":[5.25,7.625,5.75,9.125],"tintindex":0,"rotation":0,"texture":"#0"},"north":{"uv":[7.5,4.5,8.0,6.0],"tintindex":0,"rotation":0,"texture":"#0"},"west":{"uv":[5.75,7.625,6.25,9.125],"tintindex":0,"rotation":0,"texture":"#0"},"up":{"uv":[6.75,12.0,6.25,11.5],"tintindex":0,"rotation":0,"texture":"#0"},"down":{"uv":[7.25,11.5,6.75,12.0],"tintindex":0,"rotation":0,"texture":"#0"}}},{"from":[6.875,11.375,8.0],"to":[9.125,22.625,10.25],"faces":{"east":{"uv":[6.75,7.625,7.25,9.125],"tintindex":0,"rotation":0,"texture":"#0"},"south":{"uv":[7.25,7.625,7.75,9.125],"tintindex":0,"rotation":0,"texture":"#0"},"north":{"uv":[6.25,7.625,6.75,9.125],"tintindex":0,"rotation":0,"texture":"#0"},"west":{"uv":[1.0,7.75,1.5,9.25],"tintindex":0,"rotation":0,"texture":"#0"},"up":{"uv":[12.0,7.375,11.5,6.875],"tintindex":0,"rotation":0,"texture":"#0"},"down":{"uv":[12.0,10.125,11.5,10.625],"tintindex":0,"rotation":0,"texture":"#0"}}}],"display":{"gui":{"rotation":[30,225,0]}}}