{"textures":{"0":"dragonien:entity/rocky"},"elements":[{"from":[4.625,15.875,-3.25],"to":[9.125,27.125,1.25],"faces":{"east":{"uv":[7.75,8.75,8.25,10.0],"tintindex":0,"rotation":0,"texture":"#0"},"south":{"uv":[2.5,8.875,3.0,10.125],"tintindex":0,"rotation":0,"texture":"#0"},"north":{"uv":[1.5,7.75,2.0,9.0],"tintindex":0,"rotation":0,"texture":"#0"},"west":{"uv":[8.875,3.375,9.375,4.625],"tintindex":0,"rotation":0,"texture":"#0"},"up":{"uv":[5.75,12.0,5.25,11.5],"tintindex":0,"rotation":0,"texture":"#0"},"down":{"uv":[6.25,11.5,5.75,12.0],"tintindex":0,"rotation":0,"texture":"#0"}},"rotation":{"origin":[21.5,-16.75,2.375],"angle":22.5,"axis":"x"}},{"from":[3.5,8.0,-4.375],"to":[10.25,15.875,2.375],"faces":{"east":{"uv":[8.125,3.625,8.875,4.5],"tintindex":0,"rotation":0,"texture":"#0"},"south":{"uv":[4.25,8.125,5.0,9.0],"tintindex":0,"rotation":0,"texture":"#0"},"north":{"uv":[4.375,5.375,5.125,6.25],"tintindex":0,"rotation":0,"texture":"#0"},"west":{"uv":[0.0,8.25,0.75,9.125],"tintindex":0,"rotation":0,"texture":"#0"},"up":{"uv":[9.75,9.75,9.0,9.0],"tintindex":0,"rotation":0,"texture":"#0"},"down":{"uv":[0.75,9.125,0.0,9.875],"tintindex":0,"rotation":0,"texture":"#0"}},"rotation":{"origin":[21.5,-16.75,2.375],"angle":22.5,"axis":"x"}}],"display":{"gui":{"rotation":[30,225,0]}}}