{"elements":[{"from":[2.8571424,8.0,-6.1428576],"to":[10.571428,17.0,1.5714283],"rotation":{"angle":22.5,"axis":"x","origin":[23.428572,-20.285715,1.5714283]},"faces":{"east":{"uv":[8.125,3.625,8.875,4.5],"rotation":0,"texture":"#0","tintindex":0},"south":{"uv":[4.25,8.125,5.0,9.0],"rotation":0,"texture":"#0","tintindex":0},"north":{"uv":[4.375,5.375,5.125,6.25],"rotation":0,"texture":"#0","tintindex":0},"west":{"uv":[0.0,8.25,0.75,9.125],"rotation":0,"texture":"#0","tintindex":0},"up":{"uv":[9.75,9.75,9.0,9.0],"rotation":0,"texture":"#0","tintindex":0},"down":{"uv":[0.75,9.125,0.0,9.875],"rotation":0,"texture":"#0","tintindex":0}}},{"from":[4.142857,17.0,-4.8571434],"to":[9.285714,29.857143,0.28571415],"rotation":{"angle":22.5,"axis":"x","origin":[23.428572,-20.285715,1.5714283]},"faces":{"east":{"uv":[7.75,8.75,8.25,10.0],"rotation":0,"texture":"#0","tintindex":0},"south":{"uv":[2.5,8.875,3.0,10.125],"rotation":0,"texture":"#0","tintindex":0},"north":{"uv":[1.5,7.75,2.0,9.0],"rotation":0,"texture":"#0","tintindex":0},"west":{"uv":[8.875,3.375,9.375,4.625],"rotation":0,"texture":"#0","tintindex":0},"up":{"uv":[5.75,12.0,5.25,11.5],"rotation":0,"texture":"#0","tintindex":0},"down":{"uv":[6.25,11.5,5.75,12.0],"rotation":0,"texture":"#0","tintindex":0}}}],"textures":{"0":"dragonien:entity/rocky"},"display":{"head":{"translation":[0.0,-6.4,0.0],"scale":[4.0,4.0,4.0]}}}