{"elements":[{"from":[5.428571,6.714286,1.5714283],"to":[10.571428,8.0,2.8571424],"rotation":{"angle":0.0,"axis":"y","origin":[8.0,-13.857143,11.857143]},"faces":{"east":{"uv":[7.5,6.0,7.625,6.125],"rotation":0,"texture":"#0","tintindex":0},"south":{"uv":[7.75,10.0,8.25,10.125],"rotation":0,"texture":"#0","tintindex":0},"north":{"uv":[1.5,9.0,2.0,9.125],"rotation":0,"texture":"#0","tintindex":0},"west":{"uv":[8.5,0.625,8.625,0.75],"rotation":0,"texture":"#0","tintindex":0},"up":{"uv":[1.25,10.75,0.75,10.625],"rotation":0,"texture":"#0","tintindex":0},"down":{"uv":[11.125,1.75,10.625,1.875],"rotation":0,"texture":"#0","tintindex":0}}},{"from":[4.142857,8.0,1.5714283],"to":[11.857143,9.285714,2.8571424],"rotation":{"angle":0.0,"axis":"y","origin":[8.0,-13.857143,11.857143]},"faces":{"east":{"uv":[4.875,9.0,5.0,9.125],"rotation":0,"texture":"#0","tintindex":0},"south":{"uv":[12.125,7.875,12.875,8.0],"rotation":0,"texture":"#0","tintindex":0},"north":{"uv":[12.125,7.75,12.875,7.875],"rotation":0,"texture":"#0","tintindex":0},"west":{"uv":[10.125,2.875,10.25,3.0],"rotation":0,"texture":"#0","tintindex":0},"up":{"uv":[12.875,8.125,12.125,8.0],"rotation":0,"texture":"#0","tintindex":0},"down":{"uv":[12.875,8.125,12.125,8.25],"rotation":0,"texture":"#0","tintindex":0}}},{"from":[4.142857,6.714286,2.8571424],"to":[11.857143,9.285714,9.285714],"rotation":{"angle":0.0,"axis":"y","origin":[8.0,-13.857143,11.857143]},"faces":{"east":{"uv":[8.25,3.375,8.875,3.625],"rotation":0,"texture":"#0","tintindex":0},"south":{"uv":[11.75,6.5,12.5,6.75],"rotation":0,"texture":"#0","tintindex":0},"north":{"uv":[11.75,4.125,12.5,4.375],"rotation":0,"texture":"#0","tintindex":0},"west":{"uv":[9.875,5.625,10.5,5.875],"rotation":0,"texture":"#0","tintindex":0},"up":{"uv":[10.25,0.625,9.5,0.0],"rotation":0,"texture":"#0","tintindex":0},"down":{"uv":[10.5,2.25,9.75,2.875],"rotation":0,"texture":"#0","tintindex":0}}}],"textures":{"0":"dragonien:entity/rocky"},"display":{"head":{"translation":[0.0,-6.4,0.0],"scale":[4.0,4.0,4.0]}}}