{"textures":{"0":"dragonien:entity/rocky"},"elements":[{"from":[3.5,3.5,-5.5],"to":[14.75,12.5,8.0],"faces":{"east":{"uv":[10.25,10.75,11.0,11.25],"tintindex":0,"rotation":0,"texture":"#0"},"south":{"uv":[2.625,11.25,3.25,11.75],"tintindex":0,"rotation":0,"texture":"#0"},"north":{"uv":[2.0,11.25,2.625,11.75],"tintindex":0,"rotation":0,"texture":"#0"},"west":{"uv":[10.875,0.0,11.625,0.5],"tintindex":0,"rotation":0,"texture":"#0"},"up":{"uv":[10.75,7.625,10.125,6.875],"tintindex":0,"rotation":0,"texture":"#0"},"down":{"uv":[7.625,10.125,7.0,10.875],"tintindex":0,"rotation":0,"texture":"#0"}},"rotation":{"origin":[17.0,-7.75,3.5],"angle":22.5,"axis":"x"}},{"from":[5.75,-1.0,1.25],"to":[12.5,8.0,10.25],"faces":{"east":{"uv":[3.25,11.625,3.75,12.125],"tintindex":0,"rotation":0,"texture":"#0"},"south":{"uv":[12.0,6.875,12.375,7.375],"tintindex":0,"rotation":0,"texture":"#0"},"north":{"uv":[6.75,12.0,7.125,12.5],"tintindex":0,"rotation":0,"texture":"#0"},"west":{"uv":[3.75,11.625,4.25,12.125],"tintindex":0,"rotation":0,"texture":"#0"},"up":{"uv":[12.375,8.75,12.0,8.25],"tintindex":0,"rotation":0,"texture":"#0"},"down":{"uv":[12.375,8.75,12.0,9.25],"tintindex":0,"rotation":0,"texture":"#0"}}}],"display":{"gui":{"rotation":[30,225,0]}}}