{"textures":{"0":"dragonien:entity/rocky"},"elements":[{"from":[3.5,3.5,-5.5],"to":[14.75,12.5,8.0],"faces":{"east":{"uv":[10.75,6.875,11.5,7.375],"tintindex":0,"rotation":0,"texture":"#0"},"south":{"uv":[1.375,11.25,2.0,11.75],"tintindex":0,"rotation":0,"texture":"#0"},"north":{"uv":[0.0,11.25,0.625,11.75],"tintindex":0,"rotation":0,"texture":"#0"},"west":{"uv":[9.5,10.75,10.25,11.25],"tintindex":0,"rotation":0,"texture":"#0"},"up":{"uv":[3.625,10.75,3.0,10.0],"tintindex":0,"rotation":0,"texture":"#0"},"down":{"uv":[5.5,10.0,4.875,10.75],"tintindex":0,"rotation":0,"texture":"#0"}},"rotation":{"origin":[17.0,-7.75,3.5],"angle":22.5,"axis":"x"}},{"from":[5.75,-1.0,1.25],"to":[12.5,8.0,10.25],"faces":{"east":{"uv":[0.625,11.625,1.125,12.125],"tintindex":0,"rotation":0,"texture":"#0"},"south":{"uv":[4.25,12.0,4.625,12.5],"tintindex":0,"rotation":0,"texture":"#0"},"north":{"uv":[2.875,11.75,3.25,12.25],"tintindex":0,"rotation":0,"texture":"#0"},"west":{"uv":[11.625,1.75,12.125,2.25],"tintindex":0,"rotation":0,"texture":"#0"},"up":{"uv":[5.625,12.5,5.25,12.0],"tintindex":0,"rotation":0,"texture":"#0"},"down":{"uv":[6.0,12.0,5.625,12.5],"tintindex":0,"rotation":0,"texture":"#0"}}}],"display":{"gui":{"rotation":[30,225,0]}}}