{"textures":{"0":"dragonien:entity/rocky"},"elements":[{"from":[5.7545,-0.99550045,1.2545],"to":[12.495501,1.2455,10.2455],"faces":{"east":{"uv":[12.375,8.875,12.875,9.0],"tintindex":0,"rotation":0,"texture":"#0"},"south":{"uv":[11.125,2.375,11.5,2.5],"tintindex":0,"rotation":0,"texture":"#0"},"north":{"uv":[1.375,11.125,1.75,11.25],"tintindex":0,"rotation":0,"texture":"#0"},"west":{"uv":[12.375,9.0,12.875,9.125],"tintindex":0,"rotation":0,"texture":"#0"},"up":{"uv":[6.375,12.5,6.0,12.0],"tintindex":0,"rotation":0,"texture":"#0"},"down":{"uv":[6.75,12.0,6.375,12.5],"tintindex":0,"rotation":0,"texture":"#0"}}},{"from":[5.7567496,-0.99325013,5.7567496],"to":[12.49325,5.7432504,10.24325],"faces":{"east":{"uv":[1.375,12.25,1.625,12.625],"tintindex":0,"rotation":0,"texture":"#0"},"south":{"uv":[0.75,12.125,1.125,12.5],"tintindex":0,"rotation":0,"texture":"#0"},"north":{"uv":[0.375,12.125,0.75,12.5],"tintindex":0,"rotation":0,"texture":"#0"},"west":{"uv":[1.625,12.25,1.875,12.625],"tintindex":0,"rotation":0,"texture":"#0"},"up":{"uv":[8.0,1.75,7.625,1.5],"tintindex":0,"rotation":0,"texture":"#0"},"down":{"uv":[9.75,4.375,9.375,4.625],"tintindex":0,"rotation":0,"texture":"#0"}},"rotation":{"origin":[17.0,-1.0,3.5],"angle":-22.5,"axis":"x"}}],"display":{"gui":{"rotation":[30,225,0]}}}