{"elements":[{"from":[-0.8073435,9.054943,5.438943],"to":[16.794773,11.169057,19.521053],"rotation":{"angle":0.0,"axis":"y","origin":[7.9937143,2.7199998,12.4800005]},"faces":{"east":{"uv":[3.125,5.5,5.625,5.875],"rotation":0,"texture":"#0","tintindex":0},"south":{"uv":[0.0,5.0,3.125,5.375],"rotation":0,"texture":"#0","tintindex":0},"north":{"uv":[0.0,5.375,3.125,5.75],"rotation":0,"texture":"#0","tintindex":0},"west":{"uv":[3.125,5.5,5.625,5.875],"rotation":0,"texture":"#0","tintindex":0},"up":{"uv":[3.125,2.5,0.0,0.0],"rotation":180,"texture":"#0","tintindex":0},"down":{"uv":[0.0,2.5,3.125,0.0],"rotation":180,"texture":"#0","tintindex":0}}},{"from":[2.7133656,5.1836457,19.519646],"to":[13.274069,9.0563545,19.52035],"rotation":{"angle":0.0,"axis":"y","origin":[7.9937143,2.7199998,12.4800005]},"faces":{"east":{"uv":[0.0,0.0,0.0,0.6875],"rotation":0,"texture":"#0","tintindex":0},"south":{"uv":[4.625,0.0,6.5,0.6875],"rotation":0,"texture":"#0","tintindex":0},"north":{"uv":[4.625,0.6875,6.5,1.375],"rotation":0,"texture":"#0","tintindex":0},"west":{"uv":[0.0,0.0,0.0,0.6875],"rotation":0,"texture":"#0","tintindex":0},"up":{"uv":[1.875,0.0,0.0,0.0],"rotation":180,"texture":"#0","tintindex":0},"down":{"uv":[1.875,0.0,0.0,0.0],"rotation":180,"texture":"#0","tintindex":0}}},{"from":[2.7133656,5.1836457,5.439646],"to":[13.274069,9.0563545,5.4403486],"rotation":{"angle":0.0,"axis":"y","origin":[7.9937143,2.7199998,12.4800005]},"faces":{"east":{"uv":[0.0,0.0,0.0,0.6875],"rotation":0,"texture":"#0","tintindex":0},"south":{"uv":[6.5,0.6875,4.625,1.375],"rotation":0,"texture":"#0","tintindex":0},"north":{"uv":[6.5,0.0,4.625,0.6875],"rotation":0,"texture":"#0","tintindex":0},"west":{"uv":[0.0,0.0,0.0,0.6875],"rotation":0,"texture":"#0","tintindex":0},"up":{"uv":[1.875,0.0,0.0,0.0],"rotation":180,"texture":"#0","tintindex":0},"down":{"uv":[1.875,0.0,0.0,0.0],"rotation":180,"texture":"#0","tintindex":0}}},{"from":[7.2897143,2.7199998,11.776],"to":[8.697714,10.464,13.184],"rotation":{"angle":0.0,"axis":"y","origin":[7.9937143,2.7199998,12.4800005]},"faces":{"east":{"uv":[1.25,6.0625,1.5,7.4375],"rotation":0,"texture":"#0","tintindex":0},"south":{"uv":[1.25,6.0625,1.5,7.4375],"rotation":0,"texture":"#0","tintindex":0},"north":{"uv":[1.25,6.0625,1.5,7.4375],"rotation":0,"texture":"#0","tintindex":0},"west":{"uv":[1.25,6.0625,1.5,7.4375],"rotation":0,"texture":"#0","tintindex":0},"up":{"uv":[3.0,6.625,2.75,6.375],"rotation":180,"texture":"#0","tintindex":0},"down":{"uv":[3.25,6.375,3.0,6.625],"rotation":180,"texture":"#0","tintindex":0}}},{"from":[-4.402384,9.408355,8.189143],"to":[2.6369143,11.167645,15.158041],"rotation":{"angle":-45.0,"axis":"y","origin":[-0.9307375,10.288,14.396789]},"faces":{"east":{"uv":[0.0,6.0625,1.25,6.375],"rotation":0,"texture":"#0","tintindex":0},"south":{"uv":[5.625,5.75,6.875,6.0625],"rotation":0,"texture":"#0","tintindex":0},"north":{"uv":[3.75,5.875,5.0,6.1875],"rotation":0,"texture":"#0","tintindex":0},"west":{"uv":[6.875,5.125,5.625,5.4375],"rotation":0,"texture":"#0","tintindex":0},"up":{"uv":[5.625,4.25,4.375,3.0],"rotation":180,"texture":"#0","tintindex":0},"down":{"uv":[4.375,4.25,5.625,3.0],"rotation":180,"texture":"#0","tintindex":0}}},{"from":[5.581617,9.408355,-1.5868578],"to":[12.620914,11.167645,5.38204],"rotation":{"angle":-45.0,"axis":"y","origin":[-0.9307375,10.288,14.396789]},"faces":{"east":{"uv":[6.875,5.125,5.625,5.4375],"rotation":0,"texture":"#0","tintindex":0},"south":{"uv":[5.625,5.75,6.875,6.0625],"rotation":0,"texture":"#0","tintindex":0},"north":{"uv":[6.875,5.125,5.625,5.4375],"rotation":0,"texture":"#0","tintindex":0},"west":{"uv":[6.875,5.125,5.625,5.4375],"rotation":0,"texture":"#0","tintindex":0},"up":{"uv":[5.625,4.25,4.375,3.0],"rotation":180,"texture":"#0","tintindex":0},"down":{"uv":[4.375,4.25,5.625,3.0],"rotation":180,"texture":"#0","tintindex":0}}},{"from":[3.7697144,7.648,8.256],"to":[12.217714,10.464,16.704],"rotation":{"angle":0.0,"axis":"y","origin":[7.9937143,2.7199998,12.4800005]},"faces":{"east":{"uv":[5.625,4.625,7.125,5.125],"rotation":0,"texture":"#0","tintindex":0},"south":{"uv":[5.625,3.125,7.125,3.625],"rotation":0,"texture":"#0","tintindex":0},"north":{"uv":[5.625,4.125,7.125,4.625],"rotation":0,"texture":"#0","tintindex":0},"west":{"uv":[5.625,3.625,7.125,4.125],"rotation":0,"texture":"#0","tintindex":0},"up":{"uv":[4.625,1.5,3.125,0.0],"rotation":180,"texture":"#0","tintindex":0},"down":{"uv":[4.625,1.5,3.125,3.0],"rotation":180,"texture":"#0","tintindex":0}}},{"from":[3.7697144,2.7199998,8.256],"to":[12.217714,4.128,16.704],"rotation":{"angle":0.0,"axis":"y","origin":[7.9937143,2.7199998,12.4800005]},"faces":{"east":{"uv":[7.125,4.375,5.625,4.625],"rotation":0,"texture":"#0","tintindex":0},"south":{"uv":[5.625,4.375,7.125,4.625],"rotation":0,"texture":"#0","tintindex":0},"north":{"uv":[5.625,4.375,7.125,4.625],"rotation":0,"texture":"#0","tintindex":0},"west":{"uv":[5.625,4.375,7.125,4.625],"rotation":0,"texture":"#0","tintindex":0},"up":{"uv":[4.625,1.5,3.125,3.0],"rotation":180,"texture":"#0","tintindex":0},"down":{"uv":[4.625,1.5,3.125,3.0],"rotation":180,"texture":"#0","tintindex":0}}}],"textures":{"0":"json:/medieval_table"},"display":{"head":{"translation":[0.0,-6.4,0.0],"scale":[4.0,4.0,4.0]}}}