{
	"credit": "Made by Dragoncraft000",
	"ambientocclusion": false,
	"textures": {
		"0": "custom/customgui/soulstone",
		"particle": "custom/customgui/soulstone"
	},
	"elements": [
		{
			"name": "Soulstone",
			"from": [-16, -16, 0],
			"to": [32, 18, 0],
			"faces": {
				"north": {"uv": [0, 0, 16, 16], "texture": "#0"},
				"east": {"uv": [0, 0, 0, 16], "texture": "#missing"},
				"south": {"uv": [0, 0, 16, 16], "texture": "#0"},
				"west": {"uv": [0, 0, 0, 16], "texture": "#missing"},
				"up": {"uv": [0, 0, 16, 0], "texture": "#missing"},
				"down": {"uv": [0, 0, 16, 0], "texture": "#missing"}
			}
		}
	],
	"gui_light": "front",
	"display": {
		"thirdperson_righthand": {
			"translation": [0, 0, 8.5],
			"scale": [0.25, 0.25, 1]
		},
		"thirdperson_lefthand": {
			"translation": [0, 0, 8.5],
			"scale": [0.25, 0.25, 1]
		},
		"firstperson_righthand": {
			"translation": [-0.25, 0, 6],
			"scale": [0.25, 0.25, 1]
		},
		"firstperson_lefthand": {
			"translation": [0, 0, 6],
			"scale": [0.25, 0.25, 1]
		},
		"ground": {
			"translation": [0, 0, 9],
			"scale": [0.24, 0.25, 1]
		},
		"gui": {
			"translation": [0, 79, 0],
			"scale": [3.66, 3.7, 1]
		},
		"head": {
			"scale": [0.25, 0.25, 1]
		},
		"fixed": {
			"scale": [0.25, 0.25, 1]
		}
	}
}