{"textures":{"6":"dragonien:entity/b_leg"},"elements":[{"from":[2.5500002,0.83386993,-5.0808697],"to":[12.55,20.83387,19.91913],"faces":{"east":{"uv":[0.0,0.0,3.125,2.5],"tintindex":0,"rotation":0,"texture":"#6"},"south":{"uv":[5.625,2.5,6.875,5.0],"tintindex":0,"rotation":0,"texture":"#6"},"north":{"uv":[5.625,0.0,6.875,2.5],"tintindex":0,"rotation":0,"texture":"#6"},"west":{"uv":[0.0,2.5,3.125,5.0],"tintindex":0,"rotation":0,"texture":"#6"},"up":{"uv":[5.625,3.125,4.375,0.0],"tintindex":0,"rotation":0,"texture":"#6"},"down":{"uv":[5.625,3.125,4.375,6.25],"tintindex":0,"rotation":0,"texture":"#6"}},"rotation":{"origin":[1.3499994,11.33387,14.41913],"angle":-22.5,"axis":"x"}}],"display":{"gui":{"rotation":[30,225,0]}}}