{"textures":{"6":"dragonien:entity/b_leg"},"elements":[{"from":[26.475,4.416935,1.4595652],"to":[31.475,14.416935,13.959565],"faces":{"east":{"uv":[3.125,2.5,0.0,5.0],"tintindex":0,"rotation":0,"texture":"#6"},"south":{"uv":[6.875,2.5,5.625,5.0],"tintindex":0,"rotation":0,"texture":"#6"},"north":{"uv":[6.875,0.0,5.625,2.5],"tintindex":0,"rotation":0,"texture":"#6"},"west":{"uv":[3.125,0.0,0.0,2.5],"tintindex":0,"rotation":0,"texture":"#6"},"up":{"uv":[4.375,3.125,5.625,0.0],"tintindex":0,"rotation":0,"texture":"#6"},"down":{"uv":[4.375,3.125,5.625,6.25],"tintindex":0,"rotation":0,"texture":"#6"}},"rotation":{"origin":[32.075,9.666935,11.209565],"angle":-22.5,"axis":"x"}}],"display":{"gui":{"rotation":[30,225,0]}}}