{"textures":{"4":"dragonien:entity/body"},"elements":[{"from":[11.5,10.5,13.0],"to":[20.5,21.5,25.0],"faces":{"east":{"uv":[3.25,6.5,6.25,9.25],"tintindex":0,"rotation":0,"texture":"#4"},"south":{"uv":[8.5,9.0,10.75,11.75],"tintindex":0,"rotation":0,"texture":"#4"},"north":{"uv":[6.25,9.0,8.5,11.75],"tintindex":0,"rotation":0,"texture":"#4"},"west":{"uv":[6.5,3.25,9.5,6.0],"tintindex":0,"rotation":0,"texture":"#4"},"up":{"uv":[8.75,9.0,6.5,6.0],"tintindex":0,"rotation":0,"texture":"#4"},"down":{"uv":[11.0,6.0,8.75,9.0],"tintindex":0,"rotation":0,"texture":"#4"}}},{"from":[9.5,9.5,0.0],"to":[22.5,22.5,13.0],"faces":{"east":{"uv":[0.0,3.25,3.25,6.5],"tintindex":0,"rotation":0,"texture":"#4"},"south":{"uv":[3.25,0.0,6.5,3.25],"tintindex":0,"rotation":0,"texture":"#4"},"north":{"uv":[0.0,0.0,3.25,3.25],"tintindex":0,"rotation":0,"texture":"#4"},"west":{"uv":[3.25,3.25,6.5,6.5],"tintindex":0,"rotation":0,"texture":"#4"},"up":{"uv":[3.25,9.75,0.0,6.5],"tintindex":0,"rotation":0,"texture":"#4"},"down":{"uv":[9.75,0.0,6.5,3.25],"tintindex":0,"rotation":0,"texture":"#4"}}}],"display":{"gui":{"rotation":[30,225,0]}}}