{"elements":[{"from":[9.714286,9.714286,-1.1428576],"to":[24.57143,24.57143,13.714286],"rotation":{"angle":0.0,"axis":"y","origin":[8.0,8.0,8.0]},"faces":{"east":{"uv":[0.0,3.25,3.25,6.5],"rotation":0,"texture":"#4","tintindex":0},"south":{"uv":[3.25,0.0,6.5,3.25],"rotation":0,"texture":"#4","tintindex":0},"north":{"uv":[0.0,0.0,3.25,3.25],"rotation":0,"texture":"#4","tintindex":0},"west":{"uv":[3.25,3.25,6.5,6.5],"rotation":0,"texture":"#4","tintindex":0},"up":{"uv":[3.25,9.75,0.0,6.5],"rotation":0,"texture":"#4","tintindex":0},"down":{"uv":[9.75,0.0,6.5,3.25],"rotation":0,"texture":"#4","tintindex":0}}},{"from":[12.0,10.857143,13.714286],"to":[22.285715,23.428572,27.428572],"rotation":{"angle":0.0,"axis":"y","origin":[8.0,8.0,8.0]},"faces":{"east":{"uv":[3.25,6.5,6.25,9.25],"rotation":0,"texture":"#4","tintindex":0},"south":{"uv":[8.5,9.0,10.75,11.75],"rotation":0,"texture":"#4","tintindex":0},"north":{"uv":[6.25,9.0,8.5,11.75],"rotation":0,"texture":"#4","tintindex":0},"west":{"uv":[6.5,3.25,9.5,6.0],"rotation":0,"texture":"#4","tintindex":0},"up":{"uv":[8.75,9.0,6.5,6.0],"rotation":0,"texture":"#4","tintindex":0},"down":{"uv":[11.0,6.0,8.75,9.0],"rotation":0,"texture":"#4","tintindex":0}}}],"textures":{"4":"dragonien:entity/body"},"display":{"head":{"translation":[0.0,-6.4,0.0],"scale":[4.0,4.0,4.0]}}}