{"textures":{"6":"dragonien:entity/b_leg"},"elements":[{"from":[7.75,-0.13902473,17.686935],"to":[7.75,1.8609748,21.686935],"faces":{"east":{"uv":[7.875,0.75,8.875,1.25],"tintindex":0,"rotation":0,"texture":"#6"},"west":{"uv":[7.875,1.25,8.875,1.75],"tintindex":0,"rotation":0,"texture":"#6"}},"rotation":{"origin":[3.75,8.23168,15.5106],"angle":-22.5,"axis":"x"}},{"from":[6.0,-5.985715,7.939515],"to":[10.0,8.014285,12.939515],"faces":{"east":{"uv":[3.125,0.0,4.375,3.5],"tintindex":0,"rotation":0,"texture":"#6"},"south":{"uv":[1.0,5.0,2.0,8.5],"tintindex":0,"rotation":0,"texture":"#6"},"north":{"uv":[0.0,5.0,1.0,8.5],"tintindex":0,"rotation":0,"texture":"#6"},"west":{"uv":[3.125,3.5,4.375,7.0],"tintindex":0,"rotation":0,"texture":"#6"},"up":{"uv":[3.0,6.25,2.0,5.0],"tintindex":0,"rotation":0,"texture":"#6"},"down":{"uv":[3.0,6.25,2.0,7.5],"tintindex":0,"rotation":0,"texture":"#6"}},"rotation":{"origin":[8.0,8.05,8.0],"angle":-45.0,"axis":"x"}}],"display":{"gui":{"rotation":[30,225,0]}}}