{"textures":{"2":"dragonien:entity/wing"},"elements":[{"from":[20.057934,7.5278907,15.3691435],"to":[21.057934,8.52789,26.03581],"faces":{"east":{"uv":[12.5,5.125,8.5,5.5],"tintindex":0,"rotation":0,"texture":"#2"},"south":{"uv":[0.875,11.0,0.5,11.375],"tintindex":0,"rotation":0,"texture":"#2"},"north":{"uv":[0.375,11.0,0.0,11.4375],"tintindex":0,"rotation":0,"texture":"#2"},"west":{"uv":[12.5,4.625,8.5,5.0],"tintindex":0,"rotation":0,"texture":"#2"},"up":{"uv":[8.5,9.5,8.875,5.5],"tintindex":0,"rotation":0,"texture":"#2"},"down":{"uv":[9.0,5.5,9.375,9.5],"tintindex":0,"rotation":0,"texture":"#2"}}},{"from":[8.454471,7.5278907,16.452732],"to":[9.454471,8.52789,22.452732],"faces":{"east":{"uv":[10.75,10.125,8.5,10.5],"tintindex":0,"rotation":0,"texture":"#2"},"south":{"uv":[11.125,9.75,10.75,10.125],"tintindex":0,"rotation":0,"texture":"#2"},"north":{"uv":[11.125,9.25,10.75,9.625],"tintindex":0,"rotation":0,"texture":"#2"},"west":{"uv":[10.75,9.625,8.5,10.0],"tintindex":0,"rotation":0,"texture":"#2"},"up":{"uv":[10.25,9.25,10.625,7.0],"tintindex":0,"rotation":0,"texture":"#2"},"down":{"uv":[8.5,10.5,8.875,12.75],"tintindex":0,"rotation":0,"texture":"#2"}},"rotation":{"origin":[13.333334,8.0,14.166667],"angle":-22.5,"axis":"y"}},{"from":[4.651057,7.857224,7.0279136],"to":[19.317724,7.86389,27.69458],"faces":{"up":{"uv":[7.75,0.0,0.0,5.5],"tintindex":0,"rotation":270,"texture":"#2"},"down":{"uv":[7.75,11.0,0.0,5.5],"tintindex":0,"rotation":90,"texture":"#2"}},"rotation":{"origin":[13.333334,8.0,14.166667],"angle":22.5,"axis":"y"}},{"from":[9.651057,7.0278907,5.69458],"to":[20.317724,9.02789,7.69458],"faces":{"east":{"uv":[9.75,10.5,9.0,11.25],"tintindex":0,"rotation":0,"texture":"#2"},"south":{"uv":[11.75,0.75,7.75,1.5],"tintindex":0,"rotation":0,"texture":"#2"},"north":{"uv":[11.75,0.0,7.75,0.75],"tintindex":0,"rotation":0,"texture":"#2"},"west":{"uv":[10.5,10.5,9.75,11.25],"tintindex":0,"rotation":0,"texture":"#2"},"up":{"uv":[8.5,1.5,7.75,5.5],"tintindex":0,"rotation":270,"texture":"#2"},"down":{"uv":[8.5,9.5,7.75,5.5],"tintindex":0,"rotation":90,"texture":"#2"}},"rotation":{"origin":[13.333334,8.0,14.166667],"angle":22.5,"axis":"y"}},{"from":[18.651058,7.194557,7.69458],"to":[20.317724,8.861224,18.361248],"faces":{"east":{"uv":[12.5,1.5,8.5,2.125],"tintindex":0,"rotation":0,"texture":"#2"},"south":{"uv":[11.375,8.625,10.75,9.25],"tintindex":0,"rotation":0,"texture":"#2"},"north":{"uv":[11.375,7.875,10.75,8.5],"tintindex":0,"rotation":0,"texture":"#2"},"west":{"uv":[12.5,2.25,8.5,2.875],"tintindex":0,"rotation":0,"texture":"#2"},"up":{"uv":[12.5,3.0,8.5,3.625],"tintindex":0,"rotation":270,"texture":"#2"},"down":{"uv":[12.5,4.375,8.5,3.75],"tintindex":0,"rotation":90,"texture":"#2"}},"rotation":{"origin":[13.333334,8.0,14.166667],"angle":22.5,"axis":"y"}},{"from":[7.4545937,7.194557,8.896387],"to":[9.121261,8.861224,14.896387],"faces":{"east":{"uv":[11.75,6.25,9.5,6.875],"tintindex":0,"rotation":0,"texture":"#2"},"south":{"uv":[11.375,7.125,10.75,7.75],"tintindex":0,"rotation":0,"texture":"#2"},"north":{"uv":[11.125,10.625,10.5,11.25],"tintindex":0,"rotation":0,"texture":"#2"},"west":{"uv":[11.75,5.5,9.5,6.125],"tintindex":0,"rotation":0,"texture":"#2"},"up":{"uv":[9.5,9.25,10.125,7.0],"tintindex":0,"rotation":0,"texture":"#2"},"down":{"uv":[7.75,9.5,8.375,11.75],"tintindex":0,"rotation":0,"texture":"#2"}}}],"display":{"gui":{"rotation":[30,225,0]}}}