{"elements":[{"from":[10.830383,6.3335257,-5.714287],"to":[29.116098,9.762097,-2.285715],"rotation":{"angle":22.5,"axis":"y","origin":[17.142857,8.0,8.809291]},"faces":{"east":{"uv":[9.75,10.5,9.0,11.25],"rotation":0,"texture":"#2","tintindex":0},"south":{"uv":[11.75,0.75,7.75,1.5],"rotation":0,"texture":"#2","tintindex":0},"north":{"uv":[11.75,0.0,7.75,0.75],"rotation":0,"texture":"#2","tintindex":0},"west":{"uv":[10.5,10.5,9.75,11.25],"rotation":0,"texture":"#2","tintindex":0},"up":{"uv":[8.5,1.5,7.75,5.5],"rotation":270,"texture":"#2","tintindex":0},"down":{"uv":[8.5,9.5,7.75,5.5],"rotation":90,"texture":"#2","tintindex":0}}},{"from":[7.065017,6.61924,-0.22547531],"to":[9.92216,9.476383,10.060239],"rotation":{"angle":0.0,"axis":"y","origin":[17.142857,8.0,8.809291]},"faces":{"east":{"uv":[11.75,6.25,9.5,6.875],"rotation":0,"texture":"#2","tintindex":0},"south":{"uv":[11.375,7.125,10.75,7.75],"rotation":0,"texture":"#2","tintindex":0},"north":{"uv":[11.125,10.625,10.5,11.25],"rotation":0,"texture":"#2","tintindex":0},"west":{"uv":[11.75,5.5,9.5,6.125],"rotation":0,"texture":"#2","tintindex":0},"up":{"uv":[9.5,9.25,10.125,7.0],"rotation":0,"texture":"#2","tintindex":0},"down":{"uv":[7.75,9.5,8.375,11.75],"rotation":0,"texture":"#2","tintindex":0}}},{"from":[8.779092,7.1906686,12.728257],"to":[10.493378,8.904954,23.013971],"rotation":{"angle":-22.5,"axis":"y","origin":[17.142857,8.0,8.809291]},"faces":{"east":{"uv":[10.75,10.125,8.5,10.5],"rotation":0,"texture":"#2","tintindex":0},"south":{"uv":[11.125,9.75,10.75,10.125],"rotation":0,"texture":"#2","tintindex":0},"north":{"uv":[11.125,9.25,10.75,9.625],"rotation":0,"texture":"#2","tintindex":0},"west":{"uv":[10.75,9.625,8.5,10.0],"rotation":0,"texture":"#2","tintindex":0},"up":{"uv":[10.25,9.25,10.625,7.0],"rotation":0,"texture":"#2","tintindex":0},"down":{"uv":[8.5,10.5,8.875,12.75],"rotation":0,"texture":"#2","tintindex":0}}},{"from":[26.258955,6.61924,-2.285715],"to":[29.116098,9.476383,16.0],"rotation":{"angle":22.5,"axis":"y","origin":[17.142857,8.0,8.809291]},"faces":{"east":{"uv":[12.5,1.5,8.5,2.125],"rotation":0,"texture":"#2","tintindex":0},"south":{"uv":[11.375,8.625,10.75,9.25],"rotation":0,"texture":"#2","tintindex":0},"north":{"uv":[11.375,7.875,10.75,8.5],"rotation":0,"texture":"#2","tintindex":0},"west":{"uv":[12.5,2.25,8.5,2.875],"rotation":0,"texture":"#2","tintindex":0},"up":{"uv":[12.5,3.0,8.5,3.625],"rotation":270,"texture":"#2","tintindex":0},"down":{"uv":[12.5,4.375,8.5,3.75],"rotation":90,"texture":"#2","tintindex":0}}},{"from":[28.670744,7.1906686,10.870679],"to":[30.38503,8.904954,29.156395],"rotation":{"angle":0.0,"axis":"y","origin":[17.142857,8.0,8.809291]},"faces":{"east":{"uv":[12.5,5.125,8.5,5.5],"rotation":0,"texture":"#2","tintindex":0},"south":{"uv":[0.875,11.0,0.5,11.375],"rotation":0,"texture":"#2","tintindex":0},"north":{"uv":[0.375,11.0,0.0,11.4375],"rotation":0,"texture":"#2","tintindex":0},"west":{"uv":[12.5,4.625,8.5,5.0],"rotation":0,"texture":"#2","tintindex":0},"up":{"uv":[8.5,9.5,8.875,5.5],"rotation":0,"texture":"#2","tintindex":0},"down":{"uv":[9.0,5.5,9.375,9.5],"rotation":0,"texture":"#2","tintindex":0}}},{"from":[2.258954,7.75524,-3.4285727],"to":[27.401814,7.7666683,32.0],"rotation":{"angle":22.5,"axis":"y","origin":[17.142857,8.0,8.809291]},"faces":{"east":{"uv":[7.75,0.0,0.0,0.0],"rotation":0,"texture":"#2","tintindex":0},"south":{"uv":[5.5,0.0,0.0,0.0],"rotation":0,"texture":"#2","tintindex":0},"north":{"uv":[5.5,0.0,0.0,0.0],"rotation":0,"texture":"#2","tintindex":0},"west":{"uv":[7.75,0.0,0.0,0.0],"rotation":0,"texture":"#2","tintindex":0},"up":{"uv":[7.75,0.0,0.0,5.5],"rotation":270,"texture":"#2","tintindex":0},"down":{"uv":[7.75,11.0,0.0,5.5],"rotation":90,"texture":"#2","tintindex":0}}}],"textures":{"2":"dragonien:entity/wing"},"display":{"head":{"translation":[0.0,-6.4,39.048553],"scale":[4.0,4.0,4.0]}}}