{"textures":{"2":"dragonien:entity/wing"},"elements":[{"from":[6.5455294,7.5278907,16.452732],"to":[7.54553,8.52789,22.452732],"faces":{"east":{"uv":[8.5,9.625,10.75,10.0],"tintindex":0,"rotation":0,"texture":"#2"},"south":{"uv":[10.75,9.75,11.125,10.125],"tintindex":0,"rotation":0,"texture":"#2"},"north":{"uv":[10.75,9.25,11.125,9.625],"tintindex":0,"rotation":0,"texture":"#2"},"west":{"uv":[8.5,10.125,10.75,10.5],"tintindex":0,"rotation":0,"texture":"#2"},"up":{"uv":[10.625,9.25,10.25,7.0],"tintindex":0,"rotation":0,"texture":"#2"},"down":{"uv":[8.875,10.5,8.5,12.75],"tintindex":0,"rotation":0,"texture":"#2"}},"rotation":{"origin":[2.6666665,8.0,14.166667],"angle":22.5,"axis":"y"}},{"from":[-4.317724,7.0278907,5.69458],"to":[6.3489428,9.02789,7.69458],"faces":{"east":{"uv":[9.75,10.5,10.5,11.25],"tintindex":0,"rotation":0,"texture":"#2"},"south":{"uv":[7.75,0.75,11.75,1.5],"tintindex":0,"rotation":0,"texture":"#2"},"north":{"uv":[7.75,0.0,11.75,0.75],"tintindex":0,"rotation":0,"texture":"#2"},"west":{"uv":[9.0,10.5,9.75,11.25],"tintindex":0,"rotation":0,"texture":"#2"},"up":{"uv":[8.5,5.5,7.75,1.5],"tintindex":0,"rotation":270,"texture":"#2"},"down":{"uv":[8.5,5.5,7.75,9.5],"tintindex":0,"rotation":90,"texture":"#2"}},"rotation":{"origin":[2.6666665,8.0,14.166667],"angle":-22.5,"axis":"y"}},{"from":[-5.057933,7.5278907,15.3691435],"to":[-4.057933,8.52789,26.03581],"faces":{"east":{"uv":[8.5,4.625,12.5,5.0],"tintindex":0,"rotation":0,"texture":"#2"},"south":{"uv":[0.5,11.0,0.875,11.375],"tintindex":0,"rotation":0,"texture":"#2"},"north":{"uv":[0.0,11.0,0.375,11.4375],"tintindex":0,"rotation":0,"texture":"#2"},"west":{"uv":[8.5,5.125,12.5,5.5],"tintindex":0,"rotation":0,"texture":"#2"},"up":{"uv":[8.875,9.5,8.5,5.5],"tintindex":0,"rotation":0,"texture":"#2"},"down":{"uv":[9.375,5.5,9.0,9.5],"tintindex":0,"rotation":0,"texture":"#2"}}},{"from":[-3.3177242,7.857224,7.0279136],"to":[11.348944,7.86389,27.69458],"faces":{"up":{"uv":[7.75,5.5,0.0,0.0],"tintindex":0,"rotation":270,"texture":"#2"},"down":{"uv":[7.75,5.5,0.0,11.0],"tintindex":0,"rotation":90,"texture":"#2"}},"rotation":{"origin":[2.6666665,8.0,14.166667],"angle":-22.5,"axis":"y"}},{"from":[-4.317724,7.194557,7.69458],"to":[-2.6510572,8.861224,18.361248],"faces":{"east":{"uv":[8.5,2.25,12.5,2.875],"tintindex":0,"rotation":0,"texture":"#2"},"south":{"uv":[10.75,8.625,11.375,9.25],"tintindex":0,"rotation":0,"texture":"#2"},"north":{"uv":[10.75,7.875,11.375,8.5],"tintindex":0,"rotation":0,"texture":"#2"},"west":{"uv":[8.5,1.5,12.5,2.125],"tintindex":0,"rotation":0,"texture":"#2"},"up":{"uv":[12.5,3.625,8.5,3.0],"tintindex":0,"rotation":270,"texture":"#2"},"down":{"uv":[12.5,3.75,8.5,4.375],"tintindex":0,"rotation":90,"texture":"#2"}},"rotation":{"origin":[2.6666665,8.0,14.166667],"angle":-22.5,"axis":"y"}},{"from":[6.8787394,7.194557,8.896387],"to":[8.545406,8.861224,14.896387],"faces":{"east":{"uv":[9.5,5.5,11.75,6.125],"tintindex":0,"rotation":0,"texture":"#2"},"south":{"uv":[10.75,7.125,11.375,7.75],"tintindex":0,"rotation":0,"texture":"#2"},"north":{"uv":[10.5,10.625,11.125,11.25],"tintindex":0,"rotation":0,"texture":"#2"},"west":{"uv":[9.5,6.25,11.75,6.875],"tintindex":0,"rotation":0,"texture":"#2"},"up":{"uv":[10.125,9.25,9.5,7.0],"tintindex":0,"rotation":0,"texture":"#2"},"down":{"uv":[8.375,9.5,7.75,11.75],"tintindex":0,"rotation":0,"texture":"#2"}}}],"display":{"gui":{"rotation":[30,225,0]}}}