{"elements":[{"from":[-13.116098,6.3335257,-5.714287],"to":[5.169617,9.762097,-2.285715],"rotation":{"angle":-22.5,"axis":"y","origin":[-1.1428576,8.0,8.809291]},"faces":{"east":{"uv":[9.75,10.5,10.5,11.25],"rotation":0,"texture":"#2","tintindex":0},"south":{"uv":[7.75,0.75,11.75,1.5],"rotation":0,"texture":"#2","tintindex":0},"north":{"uv":[7.75,0.0,11.75,0.75],"rotation":0,"texture":"#2","tintindex":0},"west":{"uv":[9.0,10.5,9.75,11.25],"rotation":0,"texture":"#2","tintindex":0},"up":{"uv":[8.5,5.5,7.75,1.5],"rotation":270,"texture":"#2","tintindex":0},"down":{"uv":[8.5,5.5,7.75,9.5],"rotation":90,"texture":"#2","tintindex":0}}},{"from":[6.07784,6.61924,-0.22547531],"to":[8.934983,9.476383,10.060239],"rotation":{"angle":0.0,"axis":"y","origin":[-1.1428576,8.0,8.809291]},"faces":{"east":{"uv":[9.5,5.5,11.75,6.125],"rotation":0,"texture":"#2","tintindex":0},"south":{"uv":[10.75,7.125,11.375,7.75],"rotation":0,"texture":"#2","tintindex":0},"north":{"uv":[10.5,10.625,11.125,11.25],"rotation":0,"texture":"#2","tintindex":0},"west":{"uv":[9.5,6.25,11.75,6.875],"rotation":0,"texture":"#2","tintindex":0},"up":{"uv":[10.125,9.25,9.5,7.0],"rotation":0,"texture":"#2","tintindex":0},"down":{"uv":[8.375,9.5,7.75,11.75],"rotation":0,"texture":"#2","tintindex":0}}},{"from":[5.506623,7.1906686,12.728257],"to":[7.2209086,8.904954,23.013971],"rotation":{"angle":22.5,"axis":"y","origin":[-1.1428576,8.0,8.809291]},"faces":{"east":{"uv":[8.5,9.625,10.75,10.0],"rotation":0,"texture":"#2","tintindex":0},"south":{"uv":[10.75,9.75,11.125,10.125],"rotation":0,"texture":"#2","tintindex":0},"north":{"uv":[10.75,9.25,11.125,9.625],"rotation":0,"texture":"#2","tintindex":0},"west":{"uv":[8.5,10.125,10.75,10.5],"rotation":0,"texture":"#2","tintindex":0},"up":{"uv":[10.625,9.25,10.25,7.0],"rotation":0,"texture":"#2","tintindex":0},"down":{"uv":[8.875,10.5,8.5,12.75],"rotation":0,"texture":"#2","tintindex":0}}},{"from":[-13.116098,6.61924,-2.285715],"to":[-10.258955,9.476383,16.0],"rotation":{"angle":-22.5,"axis":"y","origin":[-1.1428576,8.0,8.809291]},"faces":{"east":{"uv":[8.5,2.25,12.5,2.875],"rotation":0,"texture":"#2","tintindex":0},"south":{"uv":[10.75,8.625,11.375,9.25],"rotation":0,"texture":"#2","tintindex":0},"north":{"uv":[10.75,7.875,11.375,8.5],"rotation":0,"texture":"#2","tintindex":0},"west":{"uv":[8.5,1.5,12.5,2.125],"rotation":0,"texture":"#2","tintindex":0},"up":{"uv":[12.5,3.625,8.5,3.0],"rotation":270,"texture":"#2","tintindex":0},"down":{"uv":[12.5,3.75,8.5,4.375],"rotation":90,"texture":"#2","tintindex":0}}},{"from":[-14.385031,7.1906686,10.870679],"to":[-12.670744,8.904954,29.156395],"rotation":{"angle":0.0,"axis":"y","origin":[-1.1428576,8.0,8.809291]},"faces":{"east":{"uv":[8.5,4.625,12.5,5.0],"rotation":0,"texture":"#2","tintindex":0},"south":{"uv":[0.5,11.0,0.875,11.375],"rotation":0,"texture":"#2","tintindex":0},"north":{"uv":[0.0,11.0,0.375,11.4375],"rotation":0,"texture":"#2","tintindex":0},"west":{"uv":[8.5,5.125,12.5,5.5],"rotation":0,"texture":"#2","tintindex":0},"up":{"uv":[8.875,9.5,8.5,5.5],"rotation":0,"texture":"#2","tintindex":0},"down":{"uv":[9.375,5.5,9.0,9.5],"rotation":0,"texture":"#2","tintindex":0}}},{"from":[-11.4018135,7.75524,-3.4285727],"to":[13.741046,7.7666683,32.0],"rotation":{"angle":-22.5,"axis":"y","origin":[-1.1428576,8.0,8.809291]},"faces":{"east":{"uv":[0.0,0.0,7.75,0.0],"rotation":0,"texture":"#2","tintindex":0},"south":{"uv":[0.0,0.0,5.5,0.0],"rotation":0,"texture":"#2","tintindex":0},"north":{"uv":[0.0,0.0,5.5,0.0],"rotation":0,"texture":"#2","tintindex":0},"west":{"uv":[0.0,0.0,7.75,0.0],"rotation":0,"texture":"#2","tintindex":0},"up":{"uv":[7.75,5.5,0.0,0.0],"rotation":270,"texture":"#2","tintindex":0},"down":{"uv":[7.75,5.5,0.0,11.0],"rotation":90,"texture":"#2","tintindex":0}}}],"textures":{"2":"dragonien:entity/wing"},"display":{"head":{"translation":[0.0,-6.4,39.048553],"scale":[4.0,4.0,4.0]}}}