{"textures":{"5":"dragonien:entity/fleg"},"elements":[{"from":[2.5,8.0,-2.0],"to":[13.5,15.0,8.0],"faces":{"east":{"uv":[13.75,8.5,11.25,10.25],"tintindex":0,"rotation":0,"texture":"#5"},"south":{"uv":[13.5,0.0,10.75,1.75],"tintindex":0,"rotation":0,"texture":"#5"},"north":{"uv":[8.25,10.25,5.5,12.0],"tintindex":0,"rotation":0,"texture":"#5"},"west":{"uv":[13.75,6.75,11.25,8.5],"tintindex":0,"rotation":0,"texture":"#5"},"up":{"uv":[0.0,12.75,2.75,10.25],"tintindex":0,"rotation":0,"texture":"#5"},"down":{"uv":[2.75,10.25,5.5,12.75],"tintindex":0,"rotation":0,"texture":"#5"}}}],"display":{"gui":{"rotation":[30,225,0]}}}