{"textures":{"6":"dragonien:entity/b_leg"},"elements":[{"from":[2.5,5.0,-2.0],"to":[13.5,10.999999,8.0],"faces":{"east":{"uv":[6.875,2.75,8.125,3.5],"tintindex":0,"rotation":0,"texture":"#6"},"south":{"uv":[6.875,0.0,8.25,0.75],"tintindex":0,"rotation":0,"texture":"#6"},"north":{"uv":[5.75,6.25,7.125,7.0],"tintindex":0,"rotation":0,"texture":"#6"},"west":{"uv":[6.875,3.5,8.125,4.25],"tintindex":0,"rotation":0,"texture":"#6"},"up":{"uv":[7.0,6.25,5.625,5.0],"tintindex":0,"rotation":0,"texture":"#6"},"down":{"uv":[5.75,6.25,4.375,7.5],"tintindex":0,"rotation":0,"texture":"#6"}}}],"display":{"gui":{"rotation":[30,225,0]}}}