{"textures":{"6":"dragonien:entity/b_leg"},"elements":[{"from":[2.4999995,5.0,-2.0],"to":[13.5,10.999999,8.0],"faces":{"east":{"uv":[8.125,3.5,6.875,4.25],"tintindex":0,"rotation":0,"texture":"#6"},"south":{"uv":[8.25,0.0,6.875,0.75],"tintindex":0,"rotation":0,"texture":"#6"},"north":{"uv":[7.125,6.25,5.75,7.0],"tintindex":0,"rotation":0,"texture":"#6"},"west":{"uv":[8.125,2.75,6.875,3.5],"tintindex":0,"rotation":0,"texture":"#6"},"up":{"uv":[5.625,6.25,7.0,5.0],"tintindex":0,"rotation":0,"texture":"#6"},"down":{"uv":[4.375,6.25,5.75,7.5],"tintindex":0,"rotation":0,"texture":"#6"}}}],"display":{"gui":{"rotation":[30,225,0]}}}