{"textures":{"5":"dragonien:entity/fleg"},"elements":[{"from":[2.5,8.0,-2.0],"to":[13.5,15.0,8.0],"faces":{"east":{"uv":[11.25,6.75,13.75,8.5],"tintindex":0,"rotation":0,"texture":"#5"},"south":{"uv":[10.75,0.0,13.5,1.75],"tintindex":0,"rotation":0,"texture":"#5"},"north":{"uv":[5.5,10.25,8.25,12.0],"tintindex":0,"rotation":0,"texture":"#5"},"west":{"uv":[11.25,8.5,13.75,10.25],"tintindex":0,"rotation":0,"texture":"#5"},"up":{"uv":[2.75,12.75,0.0,10.25],"tintindex":0,"rotation":0,"texture":"#5"},"down":{"uv":[5.5,10.25,2.75,12.75],"tintindex":0,"rotation":0,"texture":"#5"}}}],"display":{"gui":{"rotation":[30,225,0]}}}