{"elements":[{"from":[4.8571424,8.0,2.2857141],"to":[11.142858,12.0,8.0],"rotation":{"angle":0.0,"axis":"y","origin":[16.0,5.5273314,-1.5775204]},"faces":{"east":{"uv":[13.75,8.5,11.25,10.25],"rotation":0,"texture":"#5","tintindex":0},"south":{"uv":[13.5,0.0,10.75,1.75],"rotation":0,"texture":"#5","tintindex":0},"north":{"uv":[8.25,10.25,5.5,12.0],"rotation":0,"texture":"#5","tintindex":0},"west":{"uv":[13.75,6.75,11.25,8.5],"rotation":0,"texture":"#5","tintindex":0},"up":{"uv":[0.0,12.75,2.75,10.25],"rotation":0,"texture":"#5","tintindex":0},"down":{"uv":[2.75,10.25,5.5,12.75],"rotation":0,"texture":"#5","tintindex":0}}}],"textures":{"5":"dragonien:entity/fleg"},"display":{"head":{"translation":[0.0,-6.4,0.0],"scale":[4.0,4.0,4.0]}}}