{"elements":[{"from":[4.0,7.142857,6.285714],"to":[5.142857,8.857143,9.714286],"rotation":{"angle":0.0,"axis":"y","origin":[4.5714283,8.0,8.0]},"faces":{"east":{"uv":[7.75,4.875,8.5,5.25],"rotation":0,"texture":"#0","tintindex":0},"south":{"uv":[7.625,8.5,7.875,8.875],"rotation":0,"texture":"#0","tintindex":0},"north":{"uv":[8.5,6.875,8.75,7.25],"rotation":0,"texture":"#0","tintindex":0},"west":{"uv":[7.75,5.25,8.5,5.625],"rotation":0,"texture":"#0","tintindex":0},"up":{"uv":[8.375,2.875,8.125,2.125],"rotation":0,"texture":"#0","tintindex":0},"down":{"uv":[5.625,8.125,5.375,8.875],"rotation":0,"texture":"#0","tintindex":0}}},{"from":[10.857143,7.142857,6.285714],"to":[12.0,8.857143,9.714286],"rotation":{"angle":0.0,"axis":"y","origin":[13.428572,2.2857141,6.5714283]},"faces":{"east":{"uv":[5.375,7.75,6.125,8.125],"rotation":0,"texture":"#0","tintindex":0},"south":{"uv":[8.5,8.0,8.75,8.375],"rotation":0,"texture":"#0","tintindex":0},"north":{"uv":[7.875,8.5,8.125,8.875],"rotation":0,"texture":"#0","tintindex":0},"west":{"uv":[6.125,7.75,6.875,8.125],"rotation":0,"texture":"#0","tintindex":0},"up":{"uv":[5.875,8.875,5.625,8.125],"rotation":0,"texture":"#0","tintindex":0},"down":{"uv":[6.125,8.125,5.875,8.875],"rotation":0,"texture":"#0","tintindex":0}}}],"textures":{"0":"dragonien:entity/head"},"display":{"head":{"translation":[0.0,-6.4,0.0],"scale":[4.0,4.0,4.0]}}}