{"textures":{"0":"dragonien:entity/head"},"elements":[{"from":[1.0,6.5,5.0],"to":[3.0,9.5,11.0],"faces":{"east":{"uv":[7.75,4.875,8.5,5.25],"tintindex":0,"rotation":0,"texture":"#0"},"south":{"uv":[7.625,8.5,7.875,8.875],"tintindex":0,"rotation":0,"texture":"#0"},"north":{"uv":[8.5,6.875,8.75,7.25],"tintindex":0,"rotation":0,"texture":"#0"},"west":{"uv":[7.75,5.25,8.5,5.625],"tintindex":0,"rotation":0,"texture":"#0"},"up":{"uv":[8.375,2.875,8.125,2.125],"tintindex":0,"rotation":0,"texture":"#0"},"down":{"uv":[5.625,8.125,5.375,8.875],"tintindex":0,"rotation":0,"texture":"#0"}}},{"from":[13.0,6.5,5.0],"to":[15.0,9.5,11.0],"faces":{"east":{"uv":[5.375,7.75,6.125,8.125],"tintindex":0,"rotation":0,"texture":"#0"},"south":{"uv":[8.5,8.0,8.75,8.375],"tintindex":0,"rotation":0,"texture":"#0"},"north":{"uv":[7.875,8.5,8.125,8.875],"tintindex":0,"rotation":0,"texture":"#0"},"west":{"uv":[6.125,7.75,6.875,8.125],"tintindex":0,"rotation":0,"texture":"#0"},"up":{"uv":[5.875,8.875,5.625,8.125],"tintindex":0,"rotation":0,"texture":"#0"},"down":{"uv":[6.125,8.125,5.875,8.875],"tintindex":0,"rotation":0,"texture":"#0"}}}],"display":{"gui":{"rotation":[30,225,0]}}}