{"textures":{"0":"dragonien:entity/head"},"elements":[{"from":[-7.0,-5.169628,5.9466286],"to":[-6.0,1.8303719,7.9466286],"faces":{"east":{"uv":[1.375,8.0,1.625,8.875],"tintindex":0,"rotation":0,"texture":"#0"},"south":{"uv":[0.75,8.5,0.875,9.375],"tintindex":0,"rotation":0,"texture":"#0"},"north":{"uv":[0.625,8.5,0.75,9.375],"tintindex":0,"rotation":0,"texture":"#0"},"west":{"uv":[1.625,8.0,1.875,8.875],"tintindex":0,"rotation":0,"texture":"#0"},"up":{"uv":[8.875,7.0,8.75,6.75],"tintindex":0,"rotation":0,"texture":"#0"},"down":{"uv":[7.0,8.75,6.875,9.0],"tintindex":0,"rotation":0,"texture":"#0"}},"rotation":{"origin":[-6.5,-1.7348404,11.83794],"angle":-22.5,"axis":"x"}},{"from":[-7.0,-2.1696281,7.9466286],"to":[-6.0,-0.16962814,8.946629],"faces":{"east":{"uv":[8.75,8.25,8.875,8.5],"tintindex":0,"rotation":0,"texture":"#0"},"south":{"uv":[8.75,8.5,8.875,8.75],"tintindex":0,"rotation":0,"texture":"#0"},"north":{"uv":[8.75,8.0,8.875,8.25],"tintindex":0,"rotation":0,"texture":"#0"},"west":{"uv":[8.75,8.75,8.875,9.0],"tintindex":0,"rotation":0,"texture":"#0"},"up":{"uv":[9.125,4.875,9.0,4.75],"tintindex":0,"rotation":0,"texture":"#0"},"down":{"uv":[7.25,9.0,7.125,9.125],"tintindex":0,"rotation":0,"texture":"#0"}},"rotation":{"origin":[-6.5,-1.7348404,11.83794],"angle":-22.5,"axis":"x"}},{"from":[-7.0,-4.169628,9.946629],"to":[-6.0,-2.1696281,10.946629],"faces":{"east":{"uv":[1.625,8.875,1.75,9.125],"tintindex":0,"rotation":0,"texture":"#0"},"south":{"uv":[1.75,8.875,1.875,9.125],"tintindex":0,"rotation":0,"texture":"#0"},"north":{"uv":[8.875,1.5,9.0,1.75],"tintindex":0,"rotation":0,"texture":"#0"},"west":{"uv":[8.875,1.75,9.0,2.0],"tintindex":0,"rotation":0,"texture":"#0"},"up":{"uv":[9.125,7.875,9.0,7.75],"tintindex":0,"rotation":0,"texture":"#0"},"down":{"uv":[9.125,7.875,9.0,8.0],"tintindex":0,"rotation":0,"texture":"#0"}},"rotation":{"origin":[-6.5,-1.7348404,11.83794],"angle":-22.5,"axis":"x"}},{"from":[-7.0,-2.1696281,4.9466286],"to":[-6.0,4.830372,5.9466286],"faces":{"east":{"uv":[8.375,8.0,8.5,8.875],"tintindex":0,"rotation":0,"texture":"#0"},"south":{"uv":[0.375,8.5,0.5,9.375],"tintindex":0,"rotation":0,"texture":"#0"},"north":{"uv":[3.5,8.375,3.625,9.25],"tintindex":0,"rotation":0,"texture":"#0"},"west":{"uv":[0.5,8.5,0.625,9.375],"tintindex":0,"rotation":0,"texture":"#0"},"up":{"uv":[2.25,7.375,2.125,7.25],"tintindex":0,"rotation":0,"texture":"#0"},"down":{"uv":[7.625,2.125,7.5,2.25],"tintindex":0,"rotation":0,"texture":"#0"}},"rotation":{"origin":[-6.5,-1.7348404,11.83794],"angle":-22.5,"axis":"x"}},{"from":[-7.0,-6.169628,11.946629],"to":[-6.0,-4.169628,12.946629],"faces":{"east":{"uv":[8.875,3.625,9.0,3.875],"tintindex":0,"rotation":0,"texture":"#0"},"south":{"uv":[3.875,8.875,4.0,9.125],"tintindex":0,"rotation":0,"texture":"#0"},"north":{"uv":[8.875,3.375,9.0,3.625],"tintindex":0,"rotation":0,"texture":"#0"},"west":{"uv":[8.875,3.875,9.0,4.125],"tintindex":0,"rotation":0,"texture":"#0"},"up":{"uv":[8.5,9.125,8.375,9.0],"tintindex":0,"rotation":0,"texture":"#0"},"down":{"uv":[9.125,8.375,9.0,8.5],"tintindex":0,"rotation":0,"texture":"#0"}},"rotation":{"origin":[-6.5,-1.7348404,11.83794],"angle":-22.5,"axis":"x"}},{"from":[-7.0,-7.169628,12.946629],"to":[-6.0,-5.169628,13.946629],"faces":{"east":{"uv":[4.375,8.875,4.5,9.125],"tintindex":0,"rotation":0,"texture":"#0"},"south":{"uv":[8.875,4.375,9.0,4.625],"tintindex":0,"rotation":0,"texture":"#0"},"north":{"uv":[4.25,8.875,4.375,9.125],"tintindex":0,"rotation":0,"texture":"#0"},"west":{"uv":[4.5,8.875,4.625,9.125],"tintindex":0,"rotation":0,"texture":"#0"},"up":{"uv":[8.625,9.125,8.5,9.0],"tintindex":0,"rotation":0,"texture":"#0"},"down":{"uv":[9.125,8.5,9.0,8.625],"tintindex":0,"rotation":0,"texture":"#0"}},"rotation":{"origin":[-6.5,-1.7348404,11.83794],"angle":-22.5,"axis":"x"}},{"from":[-7.0,-8.169628,13.946629],"to":[-6.0,-6.169628,14.946629],"faces":{"east":{"uv":[5.375,8.875,5.5,9.125],"tintindex":0,"rotation":0,"texture":"#0"},"south":{"uv":[5.5,8.875,5.625,9.125],"tintindex":0,"rotation":0,"texture":"#0"},"north":{"uv":[8.875,5.0,9.0,5.25],"tintindex":0,"rotation":0,"texture":"#0"},"west":{"uv":[8.875,5.5,9.0,5.75],"tintindex":0,"rotation":0,"texture":"#0"},"up":{"uv":[9.125,8.75,9.0,8.625],"tintindex":0,"rotation":0,"texture":"#0"},"down":{"uv":[8.875,9.0,8.75,9.125],"tintindex":0,"rotation":0,"texture":"#0"}},"rotation":{"origin":[-6.5,-1.7348404,11.83794],"angle":-22.5,"axis":"x"}},{"from":[-7.0,3.8303719,14.946629],"to":[-6.0,4.830372,20.946629],"faces":{"east":{"uv":[8.375,0.625,9.125,0.75],"tintindex":0,"rotation":0,"texture":"#0"},"south":{"uv":[8.125,1.5,8.25,1.625],"tintindex":0,"rotation":0,"texture":"#0"},"north":{"uv":[3.875,7.625,4.0,7.75],"tintindex":0,"rotation":0,"texture":"#0"},"west":{"uv":[8.375,2.75,9.125,2.875],"tintindex":0,"rotation":0,"texture":"#0"},"up":{"uv":[2.75,9.25,2.625,8.5],"tintindex":0,"rotation":0,"texture":"#0"},"down":{"uv":[2.875,8.5,2.75,9.25],"tintindex":0,"rotation":0,"texture":"#0"}},"rotation":{"origin":[-6.5,-1.7348404,11.83794],"angle":-22.5,"axis":"x"}},{"from":[-7.0,-2.1696281,15.946629],"to":[-6.0,-1.1696281,17.946629],"faces":{"east":{"uv":[3.625,7.625,3.875,7.75],"tintindex":0,"rotation":0,"texture":"#0"},"south":{"uv":[9.0,7.625,9.125,7.75],"tintindex":0,"rotation":0,"texture":"#0"},"north":{"uv":[9.0,7.5,9.125,7.625],"tintindex":0,"rotation":0,"texture":"#0"},"west":{"uv":[0.375,7.875,0.625,8.0],"tintindex":0,"rotation":0,"texture":"#0"},"up":{"uv":[1.5,9.125,1.375,8.875],"tintindex":0,"rotation":0,"texture":"#0"},"down":{"uv":[1.625,8.875,1.5,9.125],"tintindex":0,"rotation":0,"texture":"#0"}},"rotation":{"origin":[-6.5,-1.7348404,11.83794],"angle":-22.5,"axis":"x"}},{"from":[-7.0,-8.169628,6.9466286],"to":[-6.0,-5.169628,8.946629],"faces":{"east":{"uv":[6.875,5.125,7.125,5.5],"tintindex":0,"rotation":0,"texture":"#0"},"south":{"uv":[4.625,8.75,4.75,9.125],"tintindex":0,"rotation":0,"texture":"#0"},"north":{"uv":[8.75,4.375,8.875,4.75],"tintindex":0,"rotation":0,"texture":"#0"},"west":{"uv":[2.875,8.5,3.125,8.875],"tintindex":0,"rotation":0,"texture":"#0"},"up":{"uv":[4.125,9.125,4.0,8.875],"tintindex":0,"rotation":0,"texture":"#0"},"down":{"uv":[4.25,8.875,4.125,9.125],"tintindex":0,"rotation":0,"texture":"#0"}},"rotation":{"origin":[-6.5,-1.7348404,11.83794],"angle":-22.5,"axis":"x"}},{"from":[-7.0,4.830372,10.946629],"to":[-6.0,5.830372,14.946629],"faces":{"east":{"uv":[6.75,3.5,7.25,3.625],"tintindex":0,"rotation":0,"texture":"#0"},"south":{"uv":[4.0,6.875,4.125,7.0],"tintindex":0,"rotation":0,"texture":"#0"},"north":{"uv":[1.375,6.375,1.5,6.5],"tintindex":0,"rotation":0,"texture":"#0"},"west":{"uv":[0.625,7.125,1.125,7.25],"tintindex":0,"rotation":0,"texture":"#0"},"up":{"uv":[8.375,9.0,8.25,8.5],"tintindex":0,"rotation":0,"texture":"#0"},"down":{"uv":[8.625,8.375,8.5,8.875],"tintindex":0,"rotation":0,"texture":"#0"}},"rotation":{"origin":[-6.5,-1.7348404,11.83794],"angle":-22.5,"axis":"x"}},{"from":[-7.0,1.8303719,5.9466286],"to":[-6.0,5.830372,8.946629],"faces":{"east":{"uv":[2.375,8.0,2.75,8.5],"tintindex":0,"rotation":0,"texture":"#0"},"south":{"uv":[8.125,8.5,8.25,9.0],"tintindex":0,"rotation":0,"texture":"#0"},"north":{"uv":[5.25,8.5,5.375,9.0],"tintindex":0,"rotation":0,"texture":"#0"},"west":{"uv":[2.75,8.0,3.125,8.5],"tintindex":0,"rotation":0,"texture":"#0"},"up":{"uv":[4.25,5.5,4.125,5.125],"tintindex":0,"rotation":0,"texture":"#0"},"down":{"uv":[3.5,8.75,3.375,9.125],"tintindex":0,"rotation":0,"texture":"#0"}},"rotation":{"origin":[-6.5,-1.7348404,11.83794],"angle":-22.5,"axis":"x"}},{"from":[-7.0,0.83037186,8.946629],"to":[-6.0,2.8303719,10.946629],"faces":{"east":{"uv":[7.5,4.875,7.75,5.125],"tintindex":0,"rotation":0,"texture":"#0"},"south":{"uv":[8.75,6.25,8.875,6.5],"tintindex":0,"rotation":0,"texture":"#0"},"north":{"uv":[8.75,6.0,8.875,6.25],"tintindex":0,"rotation":0,"texture":"#0"},"west":{"uv":[0.0,8.625,0.25,8.875],"tintindex":0,"rotation":0,"texture":"#0"},"up":{"uv":[6.75,9.0,6.625,8.75],"tintindex":0,"rotation":0,"texture":"#0"},"down":{"uv":[6.875,8.75,6.75,9.0],"tintindex":0,"rotation":0,"texture":"#0"}},"rotation":{"origin":[-6.5,-1.7348404,11.83794],"angle":-22.5,"axis":"x"}},{"from":[-7.0,-1.1696281,13.946629],"to":[-6.0,-0.16962814,15.946629],"faces":{"east":{"uv":[7.5,6.875,7.75,7.0],"tintindex":0,"rotation":0,"texture":"#0"},"south":{"uv":[7.25,9.0,7.375,9.125],"tintindex":0,"rotation":0,"texture":"#0"},"north":{"uv":[9.0,7.125,9.125,7.25],"tintindex":0,"rotation":0,"texture":"#0"},"west":{"uv":[7.625,2.875,7.875,3.0],"tintindex":0,"rotation":0,"texture":"#0"},"up":{"uv":[0.125,9.125,0.0,8.875],"tintindex":0,"rotation":0,"texture":"#0"},"down":{"uv":[9.0,0.0,8.875,0.25],"tintindex":0,"rotation":0,"texture":"#0"}},"rotation":{"origin":[-6.5,-1.7348404,11.83794],"angle":-22.5,"axis":"x"}},{"from":[-7.0,-3.1696281,17.946629],"to":[-6.0,-2.1696281,19.946629],"faces":{"east":{"uv":[8.75,4.75,9.0,4.875],"tintindex":0,"rotation":0,"texture":"#0"},"south":{"uv":[8.125,9.0,8.25,9.125],"tintindex":0,"rotation":0,"texture":"#0"},"north":{"uv":[9.0,8.0,9.125,8.125],"tintindex":0,"rotation":0,"texture":"#0"},"west":{"uv":[8.75,5.375,9.0,5.5],"tintindex":0,"rotation":0,"texture":"#0"},"up":{"uv":[2.0,9.125,1.875,8.875],"tintindex":0,"rotation":0,"texture":"#0"},"down":{"uv":[2.125,8.875,2.0,9.125],"tintindex":0,"rotation":0,"texture":"#0"}},"rotation":{"origin":[-6.5,-1.7348404,11.83794],"angle":-22.5,"axis":"x"}},{"from":[-6.5,-10.169628,4.9466286],"to":[-6.5,5.830372,20.946629],"faces":{"east":{"uv":[0.0,0.0,2.0,2.0],"tintindex":0,"rotation":0,"texture":"#0"},"west":{"uv":[0.0,2.0,2.0,4.0],"tintindex":0,"rotation":0,"texture":"#0"}},"rotation":{"origin":[-6.5,-1.7348404,11.83794],"angle":-22.5,"axis":"x"}},{"from":[-7.0,-10.169628,7.9466286],"to":[-6.0,-8.169628,8.946629],"faces":{"east":{"uv":[5.75,8.875,5.875,9.125],"tintindex":0,"rotation":0,"texture":"#0"},"south":{"uv":[8.875,5.75,9.0,6.0],"tintindex":0,"rotation":0,"texture":"#0"},"north":{"uv":[5.625,8.875,5.75,9.125],"tintindex":0,"rotation":0,"texture":"#0"},"west":{"uv":[5.875,8.875,6.0,9.125],"tintindex":0,"rotation":0,"texture":"#0"},"up":{"uv":[9.125,8.875,9.0,8.75],"tintindex":0,"rotation":0,"texture":"#0"},"down":{"uv":[9.125,8.875,9.0,9.0],"tintindex":0,"rotation":0,"texture":"#0"}},"rotation":{"origin":[-6.5,-1.7348404,11.83794],"angle":-22.5,"axis":"x"}},{"from":[-7.0,-3.1696281,8.946629],"to":[-6.0,-1.1696281,9.946629],"faces":{"east":{"uv":[8.875,0.25,9.0,0.5],"tintindex":0,"rotation":0,"texture":"#0"},"south":{"uv":[8.875,1.0,9.0,1.25],"tintindex":0,"rotation":0,"texture":"#0"},"north":{"uv":[0.125,8.875,0.25,9.125],"tintindex":0,"rotation":0,"texture":"#0"},"west":{"uv":[8.875,1.25,9.0,1.5],"tintindex":0,"rotation":0,"texture":"#0"},"up":{"uv":[9.125,7.375,9.0,7.25],"tintindex":0,"rotation":0,"texture":"#0"},"down":{"uv":[9.125,7.375,9.0,7.5],"tintindex":0,"rotation":0,"texture":"#0"}},"rotation":{"origin":[-6.5,-1.7348404,11.83794],"angle":-22.5,"axis":"x"}},{"from":[-7.0,-9.169628,14.946629],"to":[-6.0,-8.169628,15.946629],"faces":{"east":{"uv":[0.0,9.125,0.125,9.25],"tintindex":0,"rotation":0,"texture":"#0"},"south":{"uv":[9.125,0.0,9.25,0.125],"tintindex":0,"rotation":0,"texture":"#0"},"north":{"uv":[9.0,9.0,9.125,9.125],"tintindex":0,"rotation":0,"texture":"#0"},"west":{"uv":[0.125,9.125,0.25,9.25],"tintindex":0,"rotation":0,"texture":"#0"},"up":{"uv":[9.25,0.25,9.125,0.125],"tintindex":0,"rotation":0,"texture":"#0"},"down":{"uv":[0.375,9.125,0.25,9.25],"tintindex":0,"rotation":0,"texture":"#0"}},"rotation":{"origin":[-6.5,-1.7348404,11.83794],"angle":-22.5,"axis":"x"}},{"from":[-7.0,-5.169628,10.946629],"to":[-6.0,-3.1696281,11.946629],"faces":{"east":{"uv":[2.25,8.875,2.375,9.125],"tintindex":0,"rotation":0,"texture":"#0"},"south":{"uv":[2.875,8.875,3.0,9.125],"tintindex":0,"rotation":0,"texture":"#0"},"north":{"uv":[2.125,8.875,2.25,9.125],"tintindex":0,"rotation":0,"texture":"#0"},"west":{"uv":[3.0,8.875,3.125,9.125],"tintindex":0,"rotation":0,"texture":"#0"},"up":{"uv":[9.125,8.25,9.0,8.125],"tintindex":0,"rotation":0,"texture":"#0"},"down":{"uv":[8.375,9.0,8.25,9.125],"tintindex":0,"rotation":0,"texture":"#0"}},"rotation":{"origin":[-6.5,-1.7348404,11.83794],"angle":-22.5,"axis":"x"}},{"from":[-7.0,-0.16962814,12.946629],"to":[-6.0,0.83037186,14.946629],"faces":{"east":{"uv":[1.125,6.375,1.375,6.5],"tintindex":0,"rotation":0,"texture":"#0"},"south":{"uv":[8.625,6.75,8.75,6.875],"tintindex":0,"rotation":0,"texture":"#0"},"north":{"uv":[8.25,2.0,8.375,2.125],"tintindex":0,"rotation":0,"texture":"#0"},"west":{"uv":[1.875,7.25,2.125,7.375],"tintindex":0,"rotation":0,"texture":"#0"},"up":{"uv":[8.875,7.75,8.75,7.5],"tintindex":0,"rotation":0,"texture":"#0"},"down":{"uv":[8.875,7.75,8.75,8.0],"tintindex":0,"rotation":0,"texture":"#0"}},"rotation":{"origin":[-6.5,-1.7348404,11.83794],"angle":-22.5,"axis":"x"}},{"from":[-7.0,3.8303719,8.946629],"to":[-6.0,5.830372,10.946629],"faces":{"east":{"uv":[7.25,4.875,7.5,5.125],"tintindex":0,"rotation":0,"texture":"#0"},"south":{"uv":[7.625,7.75,7.75,8.0],"tintindex":0,"rotation":0,"texture":"#0"},"north":{"uv":[6.625,2.25,6.75,2.5],"tintindex":0,"rotation":0,"texture":"#0"},"west":{"uv":[3.125,7.375,3.375,7.625],"tintindex":0,"rotation":0,"texture":"#0"},"up":{"uv":[8.375,4.375,8.25,4.125],"tintindex":0,"rotation":0,"texture":"#0"},"down":{"uv":[8.875,5.75,8.75,6.0],"tintindex":0,"rotation":0,"texture":"#0"}},"rotation":{"origin":[-6.5,-1.7348404,11.83794],"angle":-22.5,"axis":"x"}},{"from":[-7.0,-0.16962814,10.946629],"to":[-6.0,1.8303719,12.946629],"faces":{"east":{"uv":[8.625,0.0,8.875,0.25],"tintindex":0,"rotation":0,"texture":"#0"},"south":{"uv":[8.75,7.0,8.875,7.25],"tintindex":0,"rotation":0,"texture":"#0"},"north":{"uv":[7.0,8.75,7.125,9.0],"tintindex":0,"rotation":0,"texture":"#0"},"west":{"uv":[8.625,0.25,8.875,0.5],"tintindex":0,"rotation":0,"texture":"#0"},"up":{"uv":[7.25,9.0,7.125,8.75],"tintindex":0,"rotation":0,"texture":"#0"},"down":{"uv":[7.375,8.75,7.25,9.0],"tintindex":0,"rotation":0,"texture":"#0"}},"rotation":{"origin":[-6.5,-1.7348404,11.83794],"angle":-22.5,"axis":"x"}}],"display":{"gui":{"rotation":[30,225,0]}}}