{"elements":[{"from":[6.857143,4.474497,6.826646],"to":[7.428571,6.7602115,8.540932],"rotation":{"angle":-22.5,"axis":"x","origin":[7.142857,2.437234,10.193109]},"faces":{"east":{"uv":[2.375,8.0,2.75,8.5],"rotation":0,"texture":"#0","tintindex":0},"south":{"uv":[8.125,8.5,8.25,9.0],"rotation":0,"texture":"#0","tintindex":0},"north":{"uv":[5.25,8.5,5.375,9.0],"rotation":0,"texture":"#0","tintindex":0},"west":{"uv":[2.75,8.0,3.125,8.5],"rotation":0,"texture":"#0","tintindex":0},"up":{"uv":[4.25,5.5,4.125,5.125],"rotation":0,"texture":"#0","tintindex":0},"down":{"uv":[3.5,8.75,3.375,9.125],"rotation":0,"texture":"#0","tintindex":0}}},{"from":[6.857143,5.6173544,8.540932],"to":[7.428571,6.7602115,9.683788],"rotation":{"angle":-22.5,"axis":"x","origin":[7.142857,2.437234,10.193109]},"faces":{"east":{"uv":[7.25,4.875,7.5,5.125],"rotation":0,"texture":"#0","tintindex":0},"south":{"uv":[7.625,7.75,7.75,8.0],"rotation":0,"texture":"#0","tintindex":0},"north":{"uv":[6.625,2.25,6.75,2.5],"rotation":0,"texture":"#0","tintindex":0},"west":{"uv":[3.125,7.375,3.375,7.625],"rotation":0,"texture":"#0","tintindex":0},"up":{"uv":[8.375,4.375,8.25,4.125],"rotation":0,"texture":"#0","tintindex":0},"down":{"uv":[8.875,5.75,8.75,6.0],"rotation":0,"texture":"#0","tintindex":0}}},{"from":[6.857143,6.1887827,9.683788],"to":[7.428571,6.7602115,11.969503],"rotation":{"angle":-22.5,"axis":"x","origin":[7.142857,2.437234,10.193109]},"faces":{"east":{"uv":[6.75,3.5,7.25,3.625],"rotation":0,"texture":"#0","tintindex":0},"south":{"uv":[4.0,6.875,4.125,7.0],"rotation":0,"texture":"#0","tintindex":0},"north":{"uv":[1.375,6.375,1.5,6.5],"rotation":0,"texture":"#0","tintindex":0},"west":{"uv":[0.625,7.125,1.125,7.25],"rotation":0,"texture":"#0","tintindex":0},"up":{"uv":[8.375,9.0,8.25,8.5],"rotation":0,"texture":"#0","tintindex":0},"down":{"uv":[8.625,8.375,8.5,8.875],"rotation":0,"texture":"#0","tintindex":0}}},{"from":[6.857143,2.1887827,6.255217],"to":[7.428571,6.1887827,6.826646],"rotation":{"angle":-22.5,"axis":"x","origin":[7.142857,2.437234,10.193109]},"faces":{"east":{"uv":[8.375,8.0,8.5,8.875],"rotation":0,"texture":"#0","tintindex":0},"south":{"uv":[0.375,8.5,0.5,9.375],"rotation":0,"texture":"#0","tintindex":0},"north":{"uv":[3.5,8.375,3.625,9.25],"rotation":0,"texture":"#0","tintindex":0},"west":{"uv":[0.5,8.5,0.625,9.375],"rotation":0,"texture":"#0","tintindex":0},"up":{"uv":[2.25,7.375,2.125,7.25],"rotation":0,"texture":"#0","tintindex":0},"down":{"uv":[7.625,2.125,7.5,2.25],"rotation":0,"texture":"#0","tintindex":0}}},{"from":[6.857143,5.6173544,11.969503],"to":[7.428571,6.1887827,15.398074],"rotation":{"angle":-22.5,"axis":"x","origin":[7.142857,2.437234,10.193109]},"faces":{"east":{"uv":[8.375,0.625,9.125,0.75],"rotation":0,"texture":"#0","tintindex":0},"south":{"uv":[8.125,1.5,8.25,1.625],"rotation":0,"texture":"#0","tintindex":0},"north":{"uv":[3.875,7.625,4.0,7.75],"rotation":0,"texture":"#0","tintindex":0},"west":{"uv":[8.375,2.75,9.125,2.875],"rotation":0,"texture":"#0","tintindex":0},"up":{"uv":[2.75,9.25,2.625,8.5],"rotation":0,"texture":"#0","tintindex":0},"down":{"uv":[2.875,8.5,2.75,9.25],"rotation":0,"texture":"#0","tintindex":0}}},{"from":[6.857143,3.9030685,8.540932],"to":[7.428571,5.0459256,9.683788],"rotation":{"angle":-22.5,"axis":"x","origin":[7.142857,2.437234,10.193109]},"faces":{"east":{"uv":[7.5,4.875,7.75,5.125],"rotation":0,"texture":"#0","tintindex":0},"south":{"uv":[8.75,6.25,8.875,6.5],"rotation":0,"texture":"#0","tintindex":0},"north":{"uv":[8.75,6.0,8.875,6.25],"rotation":0,"texture":"#0","tintindex":0},"west":{"uv":[0.0,8.625,0.25,8.875],"rotation":0,"texture":"#0","tintindex":0},"up":{"uv":[6.75,9.0,6.625,8.75],"rotation":0,"texture":"#0","tintindex":0},"down":{"uv":[6.875,8.75,6.75,9.0],"rotation":0,"texture":"#0","tintindex":0}}},{"from":[6.857143,0.47449684,6.826646],"to":[7.428571,4.474497,7.969503],"rotation":{"angle":-22.5,"axis":"x","origin":[7.142857,2.437234,10.193109]},"faces":{"east":{"uv":[1.375,8.0,1.625,8.875],"rotation":0,"texture":"#0","tintindex":0},"south":{"uv":[0.75,8.5,0.875,9.375],"rotation":0,"texture":"#0","tintindex":0},"north":{"uv":[0.625,8.5,0.75,9.375],"rotation":0,"texture":"#0","tintindex":0},"west":{"uv":[1.625,8.0,1.875,8.875],"rotation":0,"texture":"#0","tintindex":0},"up":{"uv":[8.875,7.0,8.75,6.75],"rotation":0,"texture":"#0","tintindex":0},"down":{"uv":[7.0,8.75,6.875,9.0],"rotation":0,"texture":"#0","tintindex":0}}},{"from":[6.857143,3.3316398,9.683788],"to":[7.428571,4.474497,10.826646],"rotation":{"angle":-22.5,"axis":"x","origin":[7.142857,2.437234,10.193109]},"faces":{"east":{"uv":[8.625,0.0,8.875,0.25],"rotation":0,"texture":"#0","tintindex":0},"south":{"uv":[8.75,7.0,8.875,7.25],"rotation":0,"texture":"#0","tintindex":0},"north":{"uv":[7.0,8.75,7.125,9.0],"rotation":0,"texture":"#0","tintindex":0},"west":{"uv":[8.625,0.25,8.875,0.5],"rotation":0,"texture":"#0","tintindex":0},"up":{"uv":[7.25,9.0,7.125,8.75],"rotation":0,"texture":"#0","tintindex":0},"down":{"uv":[7.375,8.75,7.25,9.0],"rotation":0,"texture":"#0","tintindex":0}}},{"from":[6.857143,3.3316398,10.826646],"to":[7.428571,3.9030685,11.969503],"rotation":{"angle":-22.5,"axis":"x","origin":[7.142857,2.437234,10.193109]},"faces":{"east":{"uv":[1.125,6.375,1.375,6.5],"rotation":0,"texture":"#0","tintindex":0},"south":{"uv":[8.625,6.75,8.75,6.875],"rotation":0,"texture":"#0","tintindex":0},"north":{"uv":[8.25,2.0,8.375,2.125],"rotation":0,"texture":"#0","tintindex":0},"west":{"uv":[1.875,7.25,2.125,7.375],"rotation":0,"texture":"#0","tintindex":0},"up":{"uv":[8.875,7.75,8.75,7.5],"rotation":0,"texture":"#0","tintindex":0},"down":{"uv":[8.875,7.75,8.75,8.0],"rotation":0,"texture":"#0","tintindex":0}}},{"from":[6.857143,2.1887827,7.969503],"to":[7.428571,3.3316398,8.540932],"rotation":{"angle":-22.5,"axis":"x","origin":[7.142857,2.437234,10.193109]},"faces":{"east":{"uv":[8.75,8.25,8.875,8.5],"rotation":0,"texture":"#0","tintindex":0},"south":{"uv":[8.75,8.5,8.875,8.75],"rotation":0,"texture":"#0","tintindex":0},"north":{"uv":[8.75,8.0,8.875,8.25],"rotation":0,"texture":"#0","tintindex":0},"west":{"uv":[8.75,8.75,8.875,9.0],"rotation":0,"texture":"#0","tintindex":0},"up":{"uv":[9.125,4.875,9.0,4.75],"rotation":0,"texture":"#0","tintindex":0},"down":{"uv":[7.25,9.0,7.125,9.125],"rotation":0,"texture":"#0","tintindex":0}}},{"from":[6.857143,2.760211,11.398074],"to":[7.428571,3.3316398,12.540932],"rotation":{"angle":-22.5,"axis":"x","origin":[7.142857,2.437234,10.193109]},"faces":{"east":{"uv":[7.5,6.875,7.75,7.0],"rotation":0,"texture":"#0","tintindex":0},"south":{"uv":[7.25,9.0,7.375,9.125],"rotation":0,"texture":"#0","tintindex":0},"north":{"uv":[9.0,7.125,9.125,7.25],"rotation":0,"texture":"#0","tintindex":0},"west":{"uv":[7.625,2.875,7.875,3.0],"rotation":0,"texture":"#0","tintindex":0},"up":{"uv":[0.125,9.125,0.0,8.875],"rotation":0,"texture":"#0","tintindex":0},"down":{"uv":[9.0,0.0,8.875,0.25],"rotation":0,"texture":"#0","tintindex":0}}},{"from":[6.857143,1.6173539,8.540932],"to":[7.428571,2.760211,9.11236],"rotation":{"angle":-22.5,"axis":"x","origin":[7.142857,2.437234,10.193109]},"faces":{"east":{"uv":[8.875,0.25,9.0,0.5],"rotation":0,"texture":"#0","tintindex":0},"south":{"uv":[8.875,1.0,9.0,1.25],"rotation":0,"texture":"#0","tintindex":0},"north":{"uv":[0.125,8.875,0.25,9.125],"rotation":0,"texture":"#0","tintindex":0},"west":{"uv":[8.875,1.25,9.0,1.5],"rotation":0,"texture":"#0","tintindex":0},"up":{"uv":[9.125,7.375,9.0,7.25],"rotation":0,"texture":"#0","tintindex":0},"down":{"uv":[9.125,7.375,9.0,7.5],"rotation":0,"texture":"#0","tintindex":0}}},{"from":[6.857143,2.1887827,12.540932],"to":[7.428571,2.760211,13.683788],"rotation":{"angle":-22.5,"axis":"x","origin":[7.142857,2.437234,10.193109]},"faces":{"east":{"uv":[3.625,7.625,3.875,7.75],"rotation":0,"texture":"#0","tintindex":0},"south":{"uv":[9.0,7.625,9.125,7.75],"rotation":0,"texture":"#0","tintindex":0},"north":{"uv":[9.0,7.5,9.125,7.625],"rotation":0,"texture":"#0","tintindex":0},"west":{"uv":[0.375,7.875,0.625,8.0],"rotation":0,"texture":"#0","tintindex":0},"up":{"uv":[1.5,9.125,1.375,8.875],"rotation":0,"texture":"#0","tintindex":0},"down":{"uv":[1.625,8.875,1.5,9.125],"rotation":0,"texture":"#0","tintindex":0}}},{"from":[6.857143,1.0459251,9.11236],"to":[7.428571,2.1887827,9.683788],"rotation":{"angle":-22.5,"axis":"x","origin":[7.142857,2.437234,10.193109]},"faces":{"east":{"uv":[1.625,8.875,1.75,9.125],"rotation":0,"texture":"#0","tintindex":0},"south":{"uv":[1.75,8.875,1.875,9.125],"rotation":0,"texture":"#0","tintindex":0},"north":{"uv":[8.875,1.5,9.0,1.75],"rotation":0,"texture":"#0","tintindex":0},"west":{"uv":[8.875,1.75,9.0,2.0],"rotation":0,"texture":"#0","tintindex":0},"up":{"uv":[9.125,7.875,9.0,7.75],"rotation":0,"texture":"#0","tintindex":0},"down":{"uv":[9.125,7.875,9.0,8.0],"rotation":0,"texture":"#0","tintindex":0}}},{"from":[6.857143,1.6173539,13.683788],"to":[7.428571,2.1887827,14.826646],"rotation":{"angle":-22.5,"axis":"x","origin":[7.142857,2.437234,10.193109]},"faces":{"east":{"uv":[8.75,4.75,9.0,4.875],"rotation":0,"texture":"#0","tintindex":0},"south":{"uv":[8.125,9.0,8.25,9.125],"rotation":0,"texture":"#0","tintindex":0},"north":{"uv":[9.0,8.0,9.125,8.125],"rotation":0,"texture":"#0","tintindex":0},"west":{"uv":[8.75,5.375,9.0,5.5],"rotation":0,"texture":"#0","tintindex":0},"up":{"uv":[2.0,9.125,1.875,8.875],"rotation":0,"texture":"#0","tintindex":0},"down":{"uv":[2.125,8.875,2.0,9.125],"rotation":0,"texture":"#0","tintindex":0}}},{"from":[6.857143,0.47449684,9.683788],"to":[7.428571,1.6173539,10.255218],"rotation":{"angle":-22.5,"axis":"x","origin":[7.142857,2.437234,10.193109]},"faces":{"east":{"uv":[2.25,8.875,2.375,9.125],"rotation":0,"texture":"#0","tintindex":0},"south":{"uv":[2.875,8.875,3.0,9.125],"rotation":0,"texture":"#0","tintindex":0},"north":{"uv":[2.125,8.875,2.25,9.125],"rotation":0,"texture":"#0","tintindex":0},"west":{"uv":[3.0,8.875,3.125,9.125],"rotation":0,"texture":"#0","tintindex":0},"up":{"uv":[9.125,8.25,9.0,8.125],"rotation":0,"texture":"#0","tintindex":0},"down":{"uv":[8.375,9.0,8.25,9.125],"rotation":0,"texture":"#0","tintindex":0}}},{"from":[6.857143,-0.09693146,10.255218],"to":[7.428571,1.0459251,10.826646],"rotation":{"angle":-22.5,"axis":"x","origin":[7.142857,2.437234,10.193109]},"faces":{"east":{"uv":[8.875,3.625,9.0,3.875],"rotation":0,"texture":"#0","tintindex":0},"south":{"uv":[3.875,8.875,4.0,9.125],"rotation":0,"texture":"#0","tintindex":0},"north":{"uv":[8.875,3.375,9.0,3.625],"rotation":0,"texture":"#0","tintindex":0},"west":{"uv":[8.875,3.875,9.0,4.125],"rotation":0,"texture":"#0","tintindex":0},"up":{"uv":[8.5,9.125,8.375,9.0],"rotation":0,"texture":"#0","tintindex":0},"down":{"uv":[9.125,8.375,9.0,8.5],"rotation":0,"texture":"#0","tintindex":0}}},{"from":[6.857143,-1.239789,7.398074],"to":[7.428571,0.47449684,8.540932],"rotation":{"angle":-22.5,"axis":"x","origin":[7.142857,2.437234,10.193109]},"faces":{"east":{"uv":[6.875,5.125,7.125,5.5],"rotation":0,"texture":"#0","tintindex":0},"south":{"uv":[4.625,8.75,4.75,9.125],"rotation":0,"texture":"#0","tintindex":0},"north":{"uv":[8.75,4.375,8.875,4.75],"rotation":0,"texture":"#0","tintindex":0},"west":{"uv":[2.875,8.5,3.125,8.875],"rotation":0,"texture":"#0","tintindex":0},"up":{"uv":[4.125,9.125,4.0,8.875],"rotation":0,"texture":"#0","tintindex":0},"down":{"uv":[4.25,8.875,4.125,9.125],"rotation":0,"texture":"#0","tintindex":0}}},{"from":[6.857143,-0.6683607,10.826646],"to":[7.428571,0.47449684,11.398074],"rotation":{"angle":-22.5,"axis":"x","origin":[7.142857,2.437234,10.193109]},"faces":{"east":{"uv":[4.375,8.875,4.5,9.125],"rotation":0,"texture":"#0","tintindex":0},"south":{"uv":[8.875,4.375,9.0,4.625],"rotation":0,"texture":"#0","tintindex":0},"north":{"uv":[4.25,8.875,4.375,9.125],"rotation":0,"texture":"#0","tintindex":0},"west":{"uv":[4.5,8.875,4.625,9.125],"rotation":0,"texture":"#0","tintindex":0},"up":{"uv":[8.625,9.125,8.5,9.0],"rotation":0,"texture":"#0","tintindex":0},"down":{"uv":[9.125,8.5,9.0,8.625],"rotation":0,"texture":"#0","tintindex":0}}},{"from":[6.857143,-1.239789,11.398074],"to":[7.428571,-0.09693146,11.969503],"rotation":{"angle":-22.5,"axis":"x","origin":[7.142857,2.437234,10.193109]},"faces":{"east":{"uv":[5.375,8.875,5.5,9.125],"rotation":0,"texture":"#0","tintindex":0},"south":{"uv":[5.5,8.875,5.625,9.125],"rotation":0,"texture":"#0","tintindex":0},"north":{"uv":[8.875,5.0,9.0,5.25],"rotation":0,"texture":"#0","tintindex":0},"west":{"uv":[8.875,5.5,9.0,5.75],"rotation":0,"texture":"#0","tintindex":0},"up":{"uv":[9.125,8.75,9.0,8.625],"rotation":0,"texture":"#0","tintindex":0},"down":{"uv":[8.875,9.0,8.75,9.125],"rotation":0,"texture":"#0","tintindex":0}}},{"from":[6.857143,-2.3826466,7.969503],"to":[7.428571,-1.239789,8.540932],"rotation":{"angle":-22.5,"axis":"x","origin":[7.142857,2.437234,10.193109]},"faces":{"east":{"uv":[5.75,8.875,5.875,9.125],"rotation":0,"texture":"#0","tintindex":0},"south":{"uv":[8.875,5.75,9.0,6.0],"rotation":0,"texture":"#0","tintindex":0},"north":{"uv":[5.625,8.875,5.75,9.125],"rotation":0,"texture":"#0","tintindex":0},"west":{"uv":[5.875,8.875,6.0,9.125],"rotation":0,"texture":"#0","tintindex":0},"up":{"uv":[9.125,8.875,9.0,8.75],"rotation":0,"texture":"#0","tintindex":0},"down":{"uv":[9.125,8.875,9.0,9.0],"rotation":0,"texture":"#0","tintindex":0}}},{"from":[6.857143,-1.8112173,11.969503],"to":[7.428571,-1.239789,12.540932],"rotation":{"angle":-22.5,"axis":"x","origin":[7.142857,2.437234,10.193109]},"faces":{"east":{"uv":[0.0,9.125,0.125,9.25],"rotation":0,"texture":"#0","tintindex":0},"south":{"uv":[9.125,0.0,9.25,0.125],"rotation":0,"texture":"#0","tintindex":0},"north":{"uv":[9.0,9.0,9.125,9.125],"rotation":0,"texture":"#0","tintindex":0},"west":{"uv":[0.125,9.125,0.25,9.25],"rotation":0,"texture":"#0","tintindex":0},"up":{"uv":[9.25,0.25,9.125,0.125],"rotation":0,"texture":"#0","tintindex":0},"down":{"uv":[0.375,9.125,0.25,9.25],"rotation":0,"texture":"#0","tintindex":0}}},{"from":[7.142857,-2.3826466,6.255217],"to":[7.142857,6.7602115,15.398074],"rotation":{"angle":-22.5,"axis":"x","origin":[7.142857,2.437234,10.193109]},"faces":{"east":{"uv":[0.0,0.0,2.0,2.0],"rotation":0,"texture":"#0","tintindex":0},"south":{"uv":[0.0,0.0,0.0,2.0],"rotation":0,"texture":"#0","tintindex":0},"north":{"uv":[0.0,0.0,0.0,2.0],"rotation":0,"texture":"#0","tintindex":0},"west":{"uv":[0.0,2.0,2.0,4.0],"rotation":0,"texture":"#0","tintindex":0},"up":{"uv":[0.0,2.0,0.0,0.0],"rotation":0,"texture":"#0","tintindex":0},"down":{"uv":[0.0,0.0,0.0,2.0],"rotation":0,"texture":"#0","tintindex":0}}}],"textures":{"0":"dragonien:entity/head"},"display":{"head":{"translation":[0.0,-6.4,0.0],"scale":[4.0,4.0,4.0]}}}