{"textures":{"6":"dragonien:entity/b_leg"},"elements":[{"from":[-5.8,-6.1574297,9.943785],"to":[-3.8000002,-2.6574306,13.943785],"faces":{"east":{"uv":[3.0,7.0,4.0,7.875],"tintindex":0,"rotation":0,"texture":"#6"},"south":{"uv":[2.625,7.875,3.125,8.75],"tintindex":0,"rotation":0,"texture":"#6"},"north":{"uv":[7.875,1.75,8.375,2.625],"tintindex":0,"rotation":0,"texture":"#6"},"west":{"uv":[7.0,4.25,8.0,5.125],"tintindex":0,"rotation":0,"texture":"#6"},"up":{"uv":[4.5,8.5,4.0,7.5],"tintindex":0,"rotation":0,"texture":"#6"},"down":{"uv":[5.0,7.5,4.5,8.5],"tintindex":0,"rotation":0,"texture":"#6"}},"rotation":{"origin":[-5.3,-4.8210154,12.813455],"angle":22.5,"axis":"y"}}],"display":{"gui":{"rotation":[30,225,0]}}}