{"textures":{"5":"dragonien:entity/fleg"},"elements":[{"from":[1.85009,2.0,-3.1156693],"to":[5.85009,8.0,4.8843307],"faces":{"east":{"uv":[14.5,1.75,12.5,3.25],"tintindex":0,"rotation":0,"texture":"#5"},"south":{"uv":[9.0,13.5,8.0,15.0],"tintindex":0,"rotation":0,"texture":"#5"},"north":{"uv":[14.5,0.0,13.5,1.5],"tintindex":0,"rotation":0,"texture":"#5"},"west":{"uv":[14.25,12.0,12.25,13.5],"tintindex":0,"rotation":0,"texture":"#5"},"up":{"uv":[6.0,15.5,7.0,13.5],"tintindex":0,"rotation":0,"texture":"#5"},"down":{"uv":[7.0,13.5,8.0,15.5],"tintindex":0,"rotation":0,"texture":"#5"}},"rotation":{"origin":[-0.64991,0.83202934,12.62366],"angle":-22.5,"axis":"y"}}],"display":{"gui":{"rotation":[30,225,0]}}}