{"textures":{"5":"dragonien:entity/fleg"},"elements":[{"from":[10.14991,2.0,-3.1156693],"to":[14.14991,8.0,4.8843307],"faces":{"east":{"uv":[12.25,12.0,14.25,13.5],"tintindex":0,"rotation":0,"texture":"#5"},"south":{"uv":[8.0,13.5,9.0,15.0],"tintindex":0,"rotation":0,"texture":"#5"},"north":{"uv":[13.5,0.0,14.5,1.5],"tintindex":0,"rotation":0,"texture":"#5"},"west":{"uv":[12.5,1.75,14.5,3.25],"tintindex":0,"rotation":0,"texture":"#5"},"up":{"uv":[7.0,15.5,6.0,13.5],"tintindex":0,"rotation":0,"texture":"#5"},"down":{"uv":[8.0,13.5,7.0,15.5],"tintindex":0,"rotation":0,"texture":"#5"}},"rotation":{"origin":[16.64991,0.83202934,12.62366],"angle":22.5,"axis":"y"}}],"display":{"gui":{"rotation":[30,225,0]}}}