{"textures":{"6":"dragonien:entity/b_leg"},"elements":[{"from":[14.3,-2.1500692,20.167896],"to":[16.8,1.8499298,24.167894],"faces":{"east":{"uv":[7.875,1.75,6.875,2.75],"tintindex":0,"rotation":0,"texture":"#6"},"south":{"uv":[7.75,6.0,7.125,7.0],"tintindex":0,"rotation":0,"texture":"#6"},"north":{"uv":[7.375,7.0,6.75,8.0],"tintindex":0,"rotation":0,"texture":"#6"},"west":{"uv":[7.875,0.75,6.875,1.75],"tintindex":0,"rotation":0,"texture":"#6"},"up":{"uv":[7.375,8.0,8.0,7.0],"tintindex":0,"rotation":0,"texture":"#6"},"down":{"uv":[2.0,7.5,2.625,8.5],"tintindex":0,"rotation":0,"texture":"#6"}}}],"display":{"gui":{"rotation":[30,225,0]}}}