{"textures":{"5":"dragonien:entity/fleg"},"elements":[{"from":[10.14991,1.0,-1.6156693],"to":[14.14991,7.0,6.3843307],"faces":{"east":{"uv":[12.25,12.0,10.25,13.5],"tintindex":0,"rotation":0,"texture":"#5"},"south":{"uv":[14.25,10.25,13.25,11.75],"tintindex":0,"rotation":0,"texture":"#5"},"north":{"uv":[14.0,5.25,13.0,6.75],"tintindex":0,"rotation":0,"texture":"#5"},"west":{"uv":[7.5,12.0,5.5,13.5],"tintindex":0,"rotation":0,"texture":"#5"},"up":{"uv":[13.0,5.25,14.0,3.25],"tintindex":0,"rotation":0,"texture":"#5"},"down":{"uv":[5.0,13.5,6.0,15.5],"tintindex":0,"rotation":0,"texture":"#5"}},"rotation":{"origin":[16.64991,-0.16797066,14.12366],"angle":22.5,"axis":"y"}}],"display":{"gui":{"rotation":[30,225,0]}}}