{"elements":[{"from":[9.22852,4.5714283,1.6481881],"to":[11.514235,8.0,6.219617],"rotation":{"angle":22.5,"axis":"y","origin":[12.942806,3.904017,10.642092]},"faces":{"east":{"uv":[12.25,12.0,14.25,13.5],"rotation":0,"texture":"#5","tintindex":0},"south":{"uv":[8.0,13.5,9.0,15.0],"rotation":0,"texture":"#5","tintindex":0},"north":{"uv":[13.5,0.0,14.5,1.5],"rotation":0,"texture":"#5","tintindex":0},"west":{"uv":[12.5,1.75,14.5,3.25],"rotation":0,"texture":"#5","tintindex":0},"up":{"uv":[7.0,15.5,6.0,13.5],"rotation":0,"texture":"#5","tintindex":0},"down":{"uv":[8.0,13.5,7.0,15.5],"rotation":0,"texture":"#5","tintindex":0}}}],"textures":{"5":"dragonien:entity/fleg"},"display":{"head":{"translation":[0.0,-6.4,0.0],"scale":[4.0,4.0,4.0]}}}