{"textures":{"6":"dragonien:entity/b_leg"},"elements":[{"from":[14.8,-6.1574297,9.943785],"to":[16.8,-2.6574306,13.943785],"faces":{"east":{"uv":[6.75,7.0,5.75,7.875],"tintindex":0,"rotation":0,"texture":"#6"},"south":{"uv":[6.0,7.875,5.5,8.75],"tintindex":0,"rotation":0,"texture":"#6"},"north":{"uv":[3.625,7.875,3.125,8.75],"tintindex":0,"rotation":0,"texture":"#6"},"west":{"uv":[8.0,5.125,7.0,6.0],"tintindex":0,"rotation":0,"texture":"#6"},"up":{"uv":[5.0,8.5,5.5,7.5],"tintindex":0,"rotation":0,"texture":"#6"},"down":{"uv":[7.75,6.0,8.25,7.0],"tintindex":0,"rotation":0,"texture":"#6"}},"rotation":{"origin":[15.3,-4.8210154,12.813455],"angle":22.5,"axis":"y"}}],"display":{"gui":{"rotation":[30,225,0]}}}