{"elements":[{"from":[6.5714283,4.0,3.4285712],"to":[9.428572,8.0,8.0],"rotation":{"angle":0.0,"axis":"y","origin":[4.0,3.3325887,1.5653315]},"faces":{"east":{"uv":[11.25,10.25,13.25,12.0],"rotation":0,"texture":"#5","tintindex":0},"south":{"uv":[3.75,12.75,5.0,14.5],"rotation":0,"texture":"#5","tintindex":0},"north":{"uv":[2.5,12.75,3.75,14.5],"rotation":0,"texture":"#5","tintindex":0},"west":{"uv":[8.25,11.75,10.25,13.5],"rotation":0,"texture":"#5","tintindex":0},"up":{"uv":[1.25,14.75,0.0,12.75],"rotation":0,"texture":"#5","tintindex":0},"down":{"uv":[2.5,12.75,1.25,14.75],"rotation":0,"texture":"#5","tintindex":0}}}],"textures":{"5":"dragonien:entity/fleg"},"display":{"head":{"translation":[0.0,-6.4,0.0],"scale":[4.0,4.0,4.0]}}}