{"textures":{"6":"dragonien:entity/b_leg"},"elements":[{"from":[-0.8000002,-6.1574297,9.943785],"to":[1.1999998,-2.6574306,13.943785],"faces":{"east":{"uv":[7.0,5.125,8.0,6.0],"tintindex":0,"rotation":0,"texture":"#6"},"south":{"uv":[5.5,7.875,6.0,8.75],"tintindex":0,"rotation":0,"texture":"#6"},"north":{"uv":[3.125,7.875,3.625,8.75],"tintindex":0,"rotation":0,"texture":"#6"},"west":{"uv":[5.75,7.0,6.75,7.875],"tintindex":0,"rotation":0,"texture":"#6"},"up":{"uv":[5.5,8.5,5.0,7.5],"tintindex":0,"rotation":0,"texture":"#6"},"down":{"uv":[8.25,6.0,7.75,7.0],"tintindex":0,"rotation":0,"texture":"#6"}},"rotation":{"origin":[0.6999998,-4.8210154,12.813455],"angle":-22.5,"axis":"y"}}],"display":{"gui":{"rotation":[30,225,0]}}}