{"elements":[{"from":[4.4857655,4.0,2.505331],"to":[6.77148,7.428571,7.07676],"rotation":{"angle":-22.5,"axis":"y","origin":[3.0571942,3.3325887,11.499234]},"faces":{"east":{"uv":[5.5,12.0,7.5,13.5],"rotation":0,"texture":"#5","tintindex":0},"south":{"uv":[13.25,10.25,14.25,11.75],"rotation":0,"texture":"#5","tintindex":0},"north":{"uv":[13.0,5.25,14.0,6.75],"rotation":0,"texture":"#5","tintindex":0},"west":{"uv":[10.25,12.0,12.25,13.5],"rotation":0,"texture":"#5","tintindex":0},"up":{"uv":[14.0,5.25,13.0,3.25],"rotation":0,"texture":"#5","tintindex":0},"down":{"uv":[6.0,13.5,5.0,15.5],"rotation":0,"texture":"#5","tintindex":0}}}],"textures":{"5":"dragonien:entity/fleg"},"display":{"head":{"translation":[0.0,-6.4,0.0],"scale":[4.0,4.0,4.0]}}}