{"textures":{"5":"dragonien:entity/fleg"},"elements":[{"from":[5.5,1.0,0.0],"to":[10.5,8.0,8.0],"faces":{"east":{"uv":[10.25,11.75,8.25,13.5],"tintindex":0,"rotation":0,"texture":"#5"},"south":{"uv":[5.0,12.75,3.75,14.5],"tintindex":0,"rotation":0,"texture":"#5"},"north":{"uv":[3.75,12.75,2.5,14.5],"tintindex":0,"rotation":0,"texture":"#5"},"west":{"uv":[13.25,10.25,11.25,12.0],"tintindex":0,"rotation":0,"texture":"#5"},"up":{"uv":[0.0,14.75,1.25,12.75],"tintindex":0,"rotation":0,"texture":"#5"},"down":{"uv":[1.25,12.75,2.5,14.75],"tintindex":0,"rotation":0,"texture":"#5"}}}],"display":{"gui":{"rotation":[30,225,0]}}}