{"elements":[{"from":[9.22852,4.0,2.505331],"to":[11.514235,7.428571,7.07676],"rotation":{"angle":22.5,"axis":"y","origin":[12.942806,3.3325887,11.499234]},"faces":{"east":{"uv":[12.25,12.0,10.25,13.5],"rotation":0,"texture":"#5","tintindex":0},"south":{"uv":[14.25,10.25,13.25,11.75],"rotation":0,"texture":"#5","tintindex":0},"north":{"uv":[14.0,5.25,13.0,6.75],"rotation":0,"texture":"#5","tintindex":0},"west":{"uv":[7.5,12.0,5.5,13.5],"rotation":0,"texture":"#5","tintindex":0},"up":{"uv":[13.0,5.25,14.0,3.25],"rotation":0,"texture":"#5","tintindex":0},"down":{"uv":[5.0,13.5,6.0,15.5],"rotation":0,"texture":"#5","tintindex":0}}}],"textures":{"5":"dragonien:entity/fleg"},"display":{"head":{"translation":[0.0,-6.4,0.0],"scale":[4.0,4.0,4.0]}}}