{"textures":{"5":"dragonien:entity/fleg"},"elements":[{"from":[8.0,-11.75388,-1.8310099],"to":[17.0,8.24612,11.16899],"faces":{"east":{"uv":[6.5,0.0,3.25,5.0],"tintindex":0,"rotation":0,"texture":"#5"},"south":{"uv":[8.75,0.0,6.5,5.0],"tintindex":0,"rotation":0,"texture":"#5"},"north":{"uv":[7.25,5.0,5.0,10.0],"tintindex":0,"rotation":0,"texture":"#5"},"west":{"uv":[3.25,0.0,0.0,5.0],"tintindex":0,"rotation":0,"texture":"#5"},"up":{"uv":[9.0,8.5,11.25,5.25],"tintindex":0,"rotation":0,"texture":"#5"},"down":{"uv":[9.0,8.5,11.25,11.75],"tintindex":0,"rotation":0,"texture":"#5"}},"rotation":{"origin":[18.0,7.7461205,0.66899014],"angle":-22.5,"axis":"x"}}],"display":{"gui":{"rotation":[30,225,0]}}}