{"elements":[{"from":[2.8571424,-3.2879314,2.3822799],"to":[8.0,8.14064,9.810851],"rotation":{"angle":-22.5,"axis":"x","origin":[2.2857141,7.8549256,3.810851]},"faces":{"east":{"uv":[0.0,0.0,3.25,5.0],"rotation":0,"texture":"#5","tintindex":0},"south":{"uv":[6.5,0.0,8.75,5.0],"rotation":0,"texture":"#5","tintindex":0},"north":{"uv":[5.0,5.0,7.25,10.0],"rotation":0,"texture":"#5","tintindex":0},"west":{"uv":[3.25,0.0,6.5,5.0],"rotation":0,"texture":"#5","tintindex":0},"up":{"uv":[11.25,8.5,9.0,5.25],"rotation":0,"texture":"#5","tintindex":0},"down":{"uv":[11.25,8.5,9.0,11.75],"rotation":0,"texture":"#5","tintindex":0}}}],"textures":{"5":"dragonien:entity/fleg"},"display":{"head":{"translation":[0.0,-6.4,0.0],"scale":[4.0,4.0,4.0]}}}