{"elements":[{"from":[8.0,-3.2879314,2.3822799],"to":[13.142858,8.14064,9.810851],"rotation":{"angle":-22.5,"axis":"x","origin":[13.714286,7.8549256,3.810851]},"faces":{"east":{"uv":[6.5,0.0,3.25,5.0],"rotation":0,"texture":"#5","tintindex":0},"south":{"uv":[8.75,0.0,6.5,5.0],"rotation":0,"texture":"#5","tintindex":0},"north":{"uv":[7.25,5.0,5.0,10.0],"rotation":0,"texture":"#5","tintindex":0},"west":{"uv":[3.25,0.0,0.0,5.0],"rotation":0,"texture":"#5","tintindex":0},"up":{"uv":[9.0,8.5,11.25,5.25],"rotation":0,"texture":"#5","tintindex":0},"down":{"uv":[9.0,8.5,11.25,11.75],"rotation":0,"texture":"#5","tintindex":0}}}],"textures":{"5":"dragonien:entity/fleg"},"display":{"head":{"translation":[0.0,-6.4,0.0],"scale":[4.0,4.0,4.0]}}}