{"elements":[{"from":[4.286634,5.714286,3.41044],"to":[5.429491,8.0,6.267583],"rotation":{"angle":-22.5,"axis":"y","origin":[2.286634,5.046874,15.261486]},"faces":{"east":{"uv":[15.0,7.75,13.75,8.75],"rotation":0,"texture":"#5","tintindex":0},"south":{"uv":[4.5,14.5,4.0,15.5],"rotation":0,"texture":"#5","tintindex":0},"north":{"uv":[4.0,14.5,3.5,15.5],"rotation":0,"texture":"#5","tintindex":0},"west":{"uv":[15.0,6.75,13.75,7.75],"rotation":0,"texture":"#5","tintindex":0},"up":{"uv":[2.5,15.75,3.0,14.5],"rotation":0,"texture":"#5","tintindex":0},"down":{"uv":[3.0,14.5,3.5,15.75],"rotation":0,"texture":"#5","tintindex":0}}},{"from":[4.8580627,5.714286,1.1247253],"to":[4.8580627,8.0,3.41044],"rotation":{"angle":-22.5,"axis":"y","origin":[2.286634,5.046874,15.261486]},"faces":{"east":{"uv":[15.25,9.75,14.25,10.75],"rotation":0,"texture":"#5","tintindex":0},"south":{"uv":[0.0,0.0,0.0,1.0],"rotation":0,"texture":"#5","tintindex":0},"north":{"uv":[0.0,0.0,0.0,1.0],"rotation":0,"texture":"#5","tintindex":0},"west":{"uv":[15.0,13.5,14.0,14.5],"rotation":0,"texture":"#5","tintindex":0},"up":{"uv":[0.0,1.0,0.0,0.0],"rotation":0,"texture":"#5","tintindex":0},"down":{"uv":[0.0,0.0,0.0,1.0],"rotation":0,"texture":"#5","tintindex":0}}}],"textures":{"5":"dragonien:entity/fleg"},"display":{"head":{"translation":[0.0,-6.4,0.0],"scale":[4.0,4.0,4.0]}}}