{"textures":{"7":"dragonien:entity/tail"},"elements":[{"from":[1.0,0.99999905,8.0],"to":[15.0,15.0,28.0],"faces":{"east":{"uv":[0.0,4.0,2.5,5.75],"tintindex":0,"rotation":0,"texture":"#7"},"south":{"uv":[6.25,3.5,8.0,5.25],"tintindex":0,"rotation":0,"texture":"#7"},"north":{"uv":[6.25,1.75,8.0,3.5],"tintindex":0,"rotation":0,"texture":"#7"},"west":{"uv":[4.5,0.0,7.0,1.75],"tintindex":0,"rotation":0,"texture":"#7"},"up":{"uv":[6.25,4.25,4.5,1.75],"tintindex":0,"rotation":0,"texture":"#7"},"down":{"uv":[6.25,4.25,4.5,6.75],"tintindex":0,"rotation":0,"texture":"#7"}}}],"display":{"gui":{"rotation":[30,225,0]}}}