{"textures":{"0":"dragonien:entity/head"},"elements":[{"from":[5.0,12.07193,7.3889503],"to":[7.0,14.071934,13.38895],"faces":{"east":{"uv":[6.625,8.125,7.375,8.375],"tintindex":0,"rotation":0,"texture":"#0"},"south":{"uv":[3.125,8.75,3.375,9.0],"tintindex":0,"rotation":0,"texture":"#0"},"north":{"uv":[8.75,2.875,9.0,3.125],"tintindex":0,"rotation":0,"texture":"#0"},"west":{"uv":[8.125,7.25,8.875,7.5],"tintindex":0,"rotation":0,"texture":"#0"},"up":{"uv":[7.625,8.875,7.375,8.125],"tintindex":0,"rotation":0,"texture":"#0"},"down":{"uv":[3.875,8.25,3.625,9.0],"tintindex":0,"rotation":0,"texture":"#0"}},"rotation":{"origin":[6.0,13.071934,10.38895],"angle":-22.5,"axis":"x"}},{"from":[4.5,10.5,2.0],"to":[7.5,13.500004,8.0],"faces":{"east":{"uv":[7.875,2.875,8.625,3.25],"tintindex":0,"rotation":0,"texture":"#0"},"south":{"uv":[8.375,2.0,8.75,2.375],"tintindex":0,"rotation":0,"texture":"#0"},"north":{"uv":[8.25,6.5,8.625,6.875],"tintindex":0,"rotation":0,"texture":"#0"},"west":{"uv":[7.875,3.25,8.625,3.625],"tintindex":0,"rotation":0,"texture":"#0"},"up":{"uv":[8.25,4.375,7.875,3.625],"tintindex":0,"rotation":0,"texture":"#0"},"down":{"uv":[8.375,0.0,8.0,0.75],"tintindex":0,"rotation":0,"texture":"#0"}}},{"from":[4.0,9.4280815,-3.388958],"to":[8.0,13.4280815,2.611042],"faces":{"east":{"uv":[7.5,6.375,8.25,6.875],"tintindex":0,"rotation":0,"texture":"#0"},"south":{"uv":[0.875,8.0,1.375,8.5],"tintindex":0,"rotation":0,"texture":"#0"},"north":{"uv":[0.375,8.0,0.875,8.5],"tintindex":0,"rotation":0,"texture":"#0"},"west":{"uv":[3.625,7.75,4.375,8.25],"tintindex":0,"rotation":0,"texture":"#0"},"up":{"uv":[4.875,8.5,4.375,7.75],"tintindex":0,"rotation":0,"texture":"#0"},"down":{"uv":[5.375,7.75,4.875,8.5],"tintindex":0,"rotation":0,"texture":"#0"}},"rotation":{"origin":[6.0,11.4280815,-0.38895798],"angle":-22.5,"axis":"x"}},{"from":[3.5,5.945801,-7.486618],"to":[8.5,11.945801,-2.486618],"faces":{"east":{"uv":[0.625,7.25,1.25,8.0],"tintindex":0,"rotation":0,"texture":"#0"},"south":{"uv":[1.25,7.25,1.875,8.0],"tintindex":0,"rotation":0,"texture":"#0"},"north":{"uv":[7.125,7.0,7.75,7.75],"tintindex":0,"rotation":0,"texture":"#0"},"west":{"uv":[7.25,3.5,7.875,4.25],"tintindex":0,"rotation":0,"texture":"#0"},"up":{"uv":[3.125,8.0,2.5,7.375],"tintindex":0,"rotation":0,"texture":"#0"},"down":{"uv":[8.125,1.0,7.5,1.625],"tintindex":0,"rotation":0,"texture":"#0"}},"rotation":{"origin":[6.0,8.945801,-4.986618],"angle":45.0,"axis":"x"}},{"from":[6.0,15.124531,11.957489],"to":[6.0,17.12453,16.95749],"faces":{"east":{"uv":[8.25,3.625,8.875,3.875],"tintindex":0,"rotation":0,"texture":"#0"},"west":{"uv":[8.25,3.875,8.875,4.125],"tintindex":0,"rotation":0,"texture":"#0"}},"rotation":{"origin":[7.0,16.12453,14.957489],"angle":-45.0,"axis":"x"}}],"display":{"gui":{"rotation":[30,225,0]}}}