{"textures":{"6":"dragonien:entity/b_leg"},"elements":[{"from":[-0.5500002,-2.1500692,17.667896],"to":[1.4499998,0.3499298,20.167896],"faces":{"east":{"uv":[8.0,7.0,8.625,7.625],"tintindex":0,"rotation":0,"texture":"#6"},"south":{"uv":[8.125,2.625,8.625,3.25],"tintindex":0,"rotation":0,"texture":"#6"},"north":{"uv":[8.0,7.625,8.5,8.25],"tintindex":0,"rotation":0,"texture":"#6"},"west":{"uv":[7.25,8.0,7.875,8.625],"tintindex":0,"rotation":0,"texture":"#6"},"up":{"uv":[8.625,3.875,8.125,3.25],"tintindex":0,"rotation":0,"texture":"#6"},"down":{"uv":[8.75,0.0,8.25,0.625],"tintindex":0,"rotation":0,"texture":"#6"}}}],"display":{"gui":{"rotation":[30,225,0]}}}