{"elements":[{"from":[10.570509,5.714286,3.41044],"to":[11.713366,8.0,6.267583],"rotation":{"angle":22.5,"axis":"y","origin":[13.713366,5.046874,15.261486]},"faces":{"east":{"uv":[13.75,6.75,15.0,7.75],"rotation":0,"texture":"#5","tintindex":0},"south":{"uv":[4.0,14.5,4.5,15.5],"rotation":0,"texture":"#5","tintindex":0},"north":{"uv":[3.5,14.5,4.0,15.5],"rotation":0,"texture":"#5","tintindex":0},"west":{"uv":[13.75,7.75,15.0,8.75],"rotation":0,"texture":"#5","tintindex":0},"up":{"uv":[3.0,15.75,2.5,14.5],"rotation":0,"texture":"#5","tintindex":0},"down":{"uv":[3.5,14.5,3.0,15.75],"rotation":0,"texture":"#5","tintindex":0}}},{"from":[11.141937,5.714286,1.1247253],"to":[11.141937,8.0,3.41044],"rotation":{"angle":22.5,"axis":"y","origin":[13.713366,5.046874,15.261486]},"faces":{"east":{"uv":[14.0,13.5,15.0,14.5],"rotation":0,"texture":"#5","tintindex":0},"south":{"uv":[0.0,0.0,0.0,1.0],"rotation":0,"texture":"#5","tintindex":0},"north":{"uv":[0.0,0.0,0.0,1.0],"rotation":0,"texture":"#5","tintindex":0},"west":{"uv":[14.25,9.75,15.25,10.75],"rotation":0,"texture":"#5","tintindex":0},"up":{"uv":[0.0,1.0,0.0,0.0],"rotation":0,"texture":"#5","tintindex":0},"down":{"uv":[0.0,0.0,0.0,1.0],"rotation":0,"texture":"#5","tintindex":0}}}],"textures":{"5":"dragonien:entity/fleg"},"display":{"head":{"translation":[0.0,-6.4,0.0],"scale":[4.0,4.0,4.0]}}}