{"textures":{"7":"dragonien:entity/tail"},"elements":[{"from":[4.0,4.0,8.0],"to":[12.0,12.000001,26.0],"faces":{"east":{"uv":[8.0,1.5,10.25,2.5],"tintindex":0,"rotation":0,"texture":"#7"},"south":{"uv":[5.0,8.25,6.0,9.25],"tintindex":0,"rotation":0,"texture":"#7"},"north":{"uv":[8.25,4.5,9.25,5.5],"tintindex":0,"rotation":0,"texture":"#7"},"west":{"uv":[8.0,2.5,10.25,3.5],"tintindex":0,"rotation":0,"texture":"#7"},"up":{"uv":[4.5,9.25,3.5,7.0],"tintindex":0,"rotation":0,"texture":"#7"},"down":{"uv":[9.0,6.75,8.0,9.0],"tintindex":0,"rotation":0,"texture":"#7"}}}],"display":{"gui":{"rotation":[30,225,0]}}}