{"textures":{"6":"dragonien:entity/b_leg"},"elements":[{"from":[-0.8000002,-6.1574297,7.6937847],"to":[0.6999998,-3.6574306,10.193785],"faces":{"east":{"uv":[8.0,4.875,8.625,5.5],"tintindex":0,"rotation":0,"texture":"#6"},"south":{"uv":[1.5,8.5,1.875,9.125],"tintindex":0,"rotation":0,"texture":"#6"},"north":{"uv":[1.125,8.5,1.5,9.125],"tintindex":0,"rotation":0,"texture":"#6"},"west":{"uv":[6.625,8.0,7.25,8.625],"tintindex":0,"rotation":0,"texture":"#6"},"up":{"uv":[2.25,9.125,1.875,8.5],"tintindex":0,"rotation":0,"texture":"#6"},"down":{"uv":[2.625,8.5,2.25,9.125],"tintindex":0,"rotation":0,"texture":"#6"}},"rotation":{"origin":[0.6999998,-4.8210154,13.313455],"angle":-22.5,"axis":"y"}}],"display":{"gui":{"rotation":[30,225,0]}}}