{"textures":{"5":"dragonien:entity/fleg"},"elements":[{"from":[4.5,-3.8009892,-9.51598],"to":[11.5,17.199009,0.48402023],"faces":{"east":{"uv":[0.0,5.0,2.5,10.25],"tintindex":0,"rotation":0,"texture":"#5"},"south":{"uv":[9.0,0.0,10.75,5.25],"tintindex":0,"rotation":0,"texture":"#5"},"north":{"uv":[7.25,5.0,9.0,10.25],"tintindex":0,"rotation":0,"texture":"#5"},"west":{"uv":[2.5,5.0,5.0,10.25],"tintindex":0,"rotation":0,"texture":"#5"},"up":{"uv":[12.5,4.25,10.75,1.75],"tintindex":0,"rotation":0,"texture":"#5"},"down":{"uv":[13.0,4.25,11.25,6.75],"tintindex":0,"rotation":0,"texture":"#5"}},"rotation":{"origin":[3.6000004,3.5195498,-7.01598],"angle":45.0,"axis":"x"}}],"display":{"gui":{"rotation":[30,225,0]}}}