{"textures":{"5":"dragonien:entity/fleg"},"elements":[{"from":[12.49839,4.0,-0.53172874],"to":[14.49839,8.0,4.4682713],"faces":{"east":{"uv":[14.0,13.5,12.75,14.5],"tintindex":0,"rotation":0,"texture":"#5"},"south":{"uv":[13.0,3.25,12.5,4.25],"tintindex":0,"rotation":0,"texture":"#5"},"north":{"uv":[11.25,4.25,10.75,5.25],"tintindex":0,"rotation":0,"texture":"#5"},"west":{"uv":[12.75,13.5,11.5,14.5],"tintindex":0,"rotation":0,"texture":"#5"},"up":{"uv":[14.5,1.25,15.0,0.0],"tintindex":0,"rotation":0,"texture":"#5"},"down":{"uv":[14.5,1.25,15.0,2.5],"tintindex":0,"rotation":0,"texture":"#5"}},"rotation":{"origin":[17.99839,2.8320293,20.2076],"angle":22.5,"axis":"y"}},{"from":[13.49839,4.0,-4.5317287],"to":[13.49839,8.0,-0.53172874],"faces":{"east":{"uv":[15.0,5.25,14.0,6.25],"tintindex":0,"rotation":0,"texture":"#5"},"west":{"uv":[15.0,4.25,14.0,5.25],"tintindex":0,"rotation":0,"texture":"#5"}},"rotation":{"origin":[17.99839,2.8320293,20.2076],"angle":22.5,"axis":"y"}}],"display":{"gui":{"rotation":[30,225,0]}}}