{"elements":[{"from":[5.142857,-2.4908867,-2.1787891],"to":[10.857143,3.2234,5.8212113],"rotation":{"angle":22.5,"axis":"x","origin":[4.5714283,-4.888486,26.547419]},"faces":{"east":{"uv":[5.5,7.5,7.25,8.75],"rotation":0,"texture":"#3","tintindex":0},"south":{"uv":[8.625,1.25,9.875,2.5],"rotation":0,"texture":"#3","tintindex":0},"north":{"uv":[8.125,4.25,9.375,5.5],"rotation":0,"texture":"#3","tintindex":0},"west":{"uv":[7.25,7.75,9.0,9.0],"rotation":0,"texture":"#3","tintindex":0},"up":{"uv":[1.25,9.625,0.0,7.875],"rotation":0,"texture":"#3","tintindex":0},"down":{"uv":[2.5,7.875,1.25,9.625],"rotation":0,"texture":"#3","tintindex":0}}}],"textures":{"3":"dragonien:entity/neck"},"display":{"head":{"translation":[0.0,-6.4,0.0],"scale":[4.0,4.0,4.0]}}}