{"textures":{"6":"dragonien:entity/b_leg"},"elements":[{"from":[-5.3,-6.1574297,7.6937847],"to":[-3.8000002,-3.6574306,10.193785],"faces":{"east":{"uv":[6.0,7.875,6.625,8.5],"tintindex":0,"rotation":0,"texture":"#6"},"south":{"uv":[0.0,8.5,0.375,9.125],"tintindex":0,"rotation":0,"texture":"#6"},"north":{"uv":[3.625,7.875,4.0,8.5],"tintindex":0,"rotation":0,"texture":"#6"},"west":{"uv":[8.0,4.25,8.625,4.875],"tintindex":0,"rotation":0,"texture":"#6"},"up":{"uv":[0.75,9.125,0.375,8.5],"tintindex":0,"rotation":0,"texture":"#6"},"down":{"uv":[1.125,8.5,0.75,9.125],"tintindex":0,"rotation":0,"texture":"#6"}},"rotation":{"origin":[-5.3,-4.8210154,13.313455],"angle":22.5,"axis":"y"}}],"display":{"gui":{"rotation":[30,225,0]}}}