{"elements":[{"from":[4.286634,5.714286,3.1247258],"to":[5.429491,8.0,5.9818687],"rotation":{"angle":-22.5,"axis":"y","origin":[2.286634,5.046874,14.975771]},"faces":{"east":{"uv":[11.5,13.5,12.75,14.5],"rotation":0,"texture":"#5","tintindex":0},"south":{"uv":[12.5,3.25,13.0,4.25],"rotation":0,"texture":"#5","tintindex":0},"north":{"uv":[10.75,4.25,11.25,5.25],"rotation":0,"texture":"#5","tintindex":0},"west":{"uv":[12.75,13.5,14.0,14.5],"rotation":0,"texture":"#5","tintindex":0},"up":{"uv":[15.0,1.25,14.5,0.0],"rotation":0,"texture":"#5","tintindex":0},"down":{"uv":[15.0,1.25,14.5,2.5],"rotation":0,"texture":"#5","tintindex":0}}},{"from":[4.8580627,5.714286,0.8390112],"to":[4.8580627,8.0,3.1247258],"rotation":{"angle":-22.5,"axis":"y","origin":[2.286634,5.046874,14.975771]},"faces":{"east":{"uv":[14.0,4.25,15.0,5.25],"rotation":0,"texture":"#5","tintindex":0},"south":{"uv":[0.0,0.0,0.0,1.0],"rotation":0,"texture":"#5","tintindex":0},"north":{"uv":[0.0,0.0,0.0,1.0],"rotation":0,"texture":"#5","tintindex":0},"west":{"uv":[14.0,5.25,15.0,6.25],"rotation":0,"texture":"#5","tintindex":0},"up":{"uv":[0.0,1.0,0.0,0.0],"rotation":0,"texture":"#5","tintindex":0},"down":{"uv":[0.0,0.0,0.0,1.0],"rotation":0,"texture":"#5","tintindex":0}}}],"textures":{"5":"dragonien:entity/fleg"},"display":{"head":{"translation":[0.0,-6.4,0.0],"scale":[4.0,4.0,4.0]}}}