{"textures":{"0":"dragonien:entity/head"},"elements":[{"from":[-1.5,9.0,0.0],"to":[1.5,12.0,3.0],"faces":{"east":{"uv":[3.125,8.375,3.5,8.75],"tintindex":0,"rotation":0,"texture":"#0"},"south":{"uv":[8.375,4.125,8.75,4.5],"tintindex":0,"rotation":0,"texture":"#0"},"north":{"uv":[8.375,2.375,8.75,2.75],"tintindex":0,"rotation":0,"texture":"#0"},"west":{"uv":[8.375,4.5,8.75,4.875],"tintindex":0,"rotation":0,"texture":"#0"},"up":{"uv":[7.0,8.75,6.625,8.375],"tintindex":0,"rotation":0,"texture":"#0"},"down":{"uv":[7.375,8.375,7.0,8.75],"tintindex":0,"rotation":0,"texture":"#0"}},"rotation":{"origin":[0.0,10.5,0.5],"angle":22.5,"axis":"x"}},{"from":[-1.0,11.39518,0.25852966],"to":[1.0,16.39518,2.2585297],"faces":{"east":{"uv":[4.125,8.25,4.375,8.875],"tintindex":0,"rotation":0,"texture":"#0"},"south":{"uv":[8.25,5.875,8.5,6.5],"tintindex":0,"rotation":0,"texture":"#0"},"north":{"uv":[3.875,8.25,4.125,8.875],"tintindex":0,"rotation":0,"texture":"#0"},"west":{"uv":[8.375,0.0,8.625,0.625],"tintindex":0,"rotation":0,"texture":"#0"},"up":{"uv":[9.0,3.375,8.75,3.125],"tintindex":0,"rotation":0,"texture":"#0"},"down":{"uv":[9.0,4.125,8.75,4.375],"tintindex":0,"rotation":0,"texture":"#0"}},"rotation":{"origin":[-1.0,11.309391,1.2585297],"angle":45.0,"axis":"x"}}],"display":{"gui":{"rotation":[30,225,0]}}}