{"elements":[{"from":[0.5714283,6.8261714,-0.8494978],"to":[3.4285712,10.254744,2.0076456],"rotation":{"angle":45.0,"axis":"x","origin":[1.9999995,8.540457,0.5790739]},"faces":{"east":{"uv":[6.5,7.0,7.125,7.75],"rotation":0,"texture":"#0","tintindex":0},"south":{"uv":[0.0,7.125,0.625,7.875],"rotation":0,"texture":"#0","tintindex":0},"north":{"uv":[5.875,7.0,6.5,7.75],"rotation":0,"texture":"#0","tintindex":0},"west":{"uv":[7.125,5.125,7.75,5.875],"rotation":0,"texture":"#0","tintindex":0},"up":{"uv":[7.875,4.875,7.25,4.25],"rotation":0,"texture":"#0","tintindex":0},"down":{"uv":[2.5,7.375,1.875,8.0],"rotation":0,"texture":"#0","tintindex":0}}},{"from":[0.85714245,8.816046,1.4920225],"to":[3.142857,11.10176,4.920594],"rotation":{"angle":-22.5,"axis":"x","origin":[1.9999995,9.958903,3.2063084]},"faces":{"east":{"uv":[7.5,1.625,8.25,2.125],"rotation":0,"texture":"#0","tintindex":0},"south":{"uv":[7.875,4.375,8.375,4.875],"rotation":0,"texture":"#0","tintindex":0},"north":{"uv":[7.0,1.0,7.5,1.5],"rotation":0,"texture":"#0","tintindex":0},"west":{"uv":[7.5,5.875,8.25,6.375],"rotation":0,"texture":"#0","tintindex":0},"up":{"uv":[8.125,2.875,7.625,2.125],"rotation":0,"texture":"#0","tintindex":0},"down":{"uv":[3.625,7.625,3.125,8.375],"rotation":0,"texture":"#0","tintindex":0}}},{"from":[1.4285712,10.3268175,7.6508284],"to":[2.5714283,11.469674,11.0794],"rotation":{"angle":-22.5,"axis":"x","origin":[1.9999995,10.898246,9.365114]},"faces":{"east":{"uv":[8.125,1.0,8.875,1.25],"rotation":0,"texture":"#0","tintindex":0},"south":{"uv":[8.75,2.5,9.0,2.75],"rotation":0,"texture":"#0","tintindex":0},"north":{"uv":[8.75,2.25,9.0,2.5],"rotation":0,"texture":"#0","tintindex":0},"west":{"uv":[8.125,1.25,8.875,1.5],"rotation":0,"texture":"#0","tintindex":0},"up":{"uv":[6.375,8.875,6.125,8.125],"rotation":0,"texture":"#0","tintindex":0},"down":{"uv":[6.625,8.125,6.375,8.875],"rotation":0,"texture":"#0","tintindex":0}}},{"from":[1.9999995,12.07116,10.261423],"to":[1.9999995,13.214018,13.1185665],"rotation":{"angle":-45.0,"axis":"x","origin":[2.5714283,12.642589,11.975709]},"faces":{"east":{"uv":[8.25,1.5,8.875,1.75],"rotation":0,"texture":"#0","tintindex":0},"south":{"uv":[0.0,0.0,0.0,0.25],"rotation":0,"texture":"#0","tintindex":0},"north":{"uv":[0.0,0.0,0.0,0.25],"rotation":0,"texture":"#0","tintindex":0},"west":{"uv":[8.25,1.75,8.875,2.0],"rotation":0,"texture":"#0","tintindex":0},"up":{"uv":[0.0,0.625,0.0,0.0],"rotation":0,"texture":"#0","tintindex":0},"down":{"uv":[0.0,0.0,0.0,0.625],"rotation":0,"texture":"#0","tintindex":0}}},{"from":[1.1428566,9.428572,4.5714283],"to":[2.8571424,11.142858,8.0],"rotation":{"angle":0.0,"axis":"y","origin":[1.1428566,9.428572,4.5714283]},"faces":{"east":{"uv":[6.875,7.75,7.625,8.125],"rotation":0,"texture":"#0","tintindex":0},"south":{"uv":[7.125,5.875,7.5,6.25],"rotation":0,"texture":"#0","tintindex":0},"north":{"uv":[6.375,2.5,6.75,2.875],"rotation":0,"texture":"#0","tintindex":0},"west":{"uv":[7.75,6.875,8.5,7.25],"rotation":0,"texture":"#0","tintindex":0},"up":{"uv":[8.125,8.0,7.75,7.25],"rotation":0,"texture":"#0","tintindex":0},"down":{"uv":[0.375,7.875,0.0,8.625],"rotation":0,"texture":"#0","tintindex":0}}}],"textures":{"0":"dragonien:entity/head"},"display":{"head":{"translation":[0.0,-6.4,0.0],"scale":[4.0,4.0,4.0]}}}