{"elements":[{"from":[4.5714283,-2.030161,-3.897029],"to":[11.428572,4.8269825,5.2458286],"rotation":{"angle":45.0,"axis":"x","origin":[9.142858,1.2216167,14.528355]},"faces":{"east":{"uv":[6.625,1.25,8.625,2.75],"rotation":0,"texture":"#3","tintindex":0},"south":{"uv":[4.0,7.5,5.5,9.0],"rotation":0,"texture":"#3","tintindex":0},"north":{"uv":[7.25,6.25,8.75,7.75],"rotation":0,"texture":"#3","tintindex":0},"west":{"uv":[6.625,2.75,8.625,4.25],"rotation":0,"texture":"#3","tintindex":0},"up":{"uv":[8.125,6.25,6.625,4.25],"rotation":0,"texture":"#3","tintindex":0},"down":{"uv":[4.0,6.75,2.5,8.75],"rotation":0,"texture":"#3","tintindex":0}}}],"textures":{"3":"dragonien:entity/neck"},"display":{"head":{"translation":[0.0,-6.4,0.0],"scale":[4.0,4.0,4.0]}}}