{"textures":{"3":"dragonien:entity/neck"},"elements":[{"from":[4.0,-8.0219,-13.293785],"to":[12.0,0.9780998,-5.293784],"faces":{"east":{"uv":[2.625,2.25,4.625,4.5],"tintindex":0,"rotation":0,"texture":"#3"},"south":{"uv":[2.625,4.5,4.625,6.75],"tintindex":0,"rotation":0,"texture":"#3"},"north":{"uv":[2.625,0.0,4.625,2.25],"tintindex":0,"rotation":0,"texture":"#3"},"west":{"uv":[4.625,0.0,6.625,2.25],"tintindex":0,"rotation":0,"texture":"#3"},"up":{"uv":[6.625,4.25,4.625,2.25],"tintindex":0,"rotation":0,"texture":"#3"},"down":{"uv":[6.625,4.25,4.625,6.25],"tintindex":0,"rotation":0,"texture":"#3"}},"rotation":{"origin":[8.0,22.760944,-15.408611],"angle":-45.0,"axis":"x"}}],"display":{"gui":{"rotation":[30,225,0]}}}