{"elements":[{"from":[4.0,4.0,8.0],"to":[12.0,12.0,19.428572],"rotation":{"angle":0.0,"axis":"y","origin":[3.4285712,13.184794,46.57143]},"faces":{"east":{"uv":[0.0,4.0,2.5,5.75],"rotation":0,"texture":"#7","tintindex":0},"south":{"uv":[6.25,3.5,8.0,5.25],"rotation":0,"texture":"#7","tintindex":0},"north":{"uv":[6.25,1.75,8.0,3.5],"rotation":0,"texture":"#7","tintindex":0},"west":{"uv":[4.5,0.0,7.0,1.75],"rotation":0,"texture":"#7","tintindex":0},"up":{"uv":[6.25,4.25,4.5,1.75],"rotation":0,"texture":"#7","tintindex":0},"down":{"uv":[6.25,4.25,4.5,6.75],"rotation":0,"texture":"#7","tintindex":0}}}],"textures":{"7":"dragonien:entity/tail"},"display":{"head":{"translation":[0.0,-6.4,0.0],"scale":[4.0,4.0,4.0]}}}