{"textures":{"3":"dragonien:entity/neck"},"elements":[{"from":[3.0,-10.359051,-9.812881],"to":[13.0,-0.35905075,4.1871185],"faces":{"east":{"uv":[5.5,7.5,7.25,8.75],"tintindex":0,"rotation":0,"texture":"#3"},"south":{"uv":[8.625,1.25,9.875,2.5],"tintindex":0,"rotation":0,"texture":"#3"},"north":{"uv":[8.125,4.25,9.375,5.5],"tintindex":0,"rotation":0,"texture":"#3"},"west":{"uv":[7.25,7.75,9.0,9.0],"tintindex":0,"rotation":0,"texture":"#3"},"up":{"uv":[1.25,9.625,0.0,7.875],"tintindex":0,"rotation":0,"texture":"#3"},"down":{"uv":[2.5,7.875,1.25,9.625],"tintindex":0,"rotation":0,"texture":"#3"}},"rotation":{"origin":[2.0,-14.55485,40.45798],"angle":22.5,"axis":"x"}}],"display":{"gui":{"rotation":[30,225,0]}}}