{"textures":{"7":"dragonien:entity/tail"},"elements":[{"from":[2.0,1.999999,8.0],"to":[14.0,14.0,24.0],"faces":{"east":{"uv":[6.25,5.25,8.25,6.75],"tintindex":0,"rotation":0,"texture":"#7"},"south":{"uv":[0.0,7.75,1.5,9.25],"tintindex":0,"rotation":0,"texture":"#7"},"north":{"uv":[7.0,0.0,8.5,1.5],"tintindex":0,"rotation":0,"texture":"#7"},"west":{"uv":[4.5,6.75,6.5,8.25],"tintindex":0,"rotation":0,"texture":"#7"},"up":{"uv":[8.0,8.75,6.5,6.75],"tintindex":0,"rotation":0,"texture":"#7"},"down":{"uv":[3.5,7.0,2.0,9.0],"tintindex":0,"rotation":0,"texture":"#7"}}}],"display":{"gui":{"rotation":[30,225,0]}}}