{"textures":{"0":"dragonien:entity/head"},"elements":[{"from":[-4.5,9.4280815,-3.388958],"to":[-0.5,13.4280815,2.611042],"faces":{"east":{"uv":[7.5,1.625,8.25,2.125],"tintindex":0,"rotation":0,"texture":"#0"},"south":{"uv":[7.875,4.375,8.375,4.875],"tintindex":0,"rotation":0,"texture":"#0"},"north":{"uv":[7.0,1.0,7.5,1.5],"tintindex":0,"rotation":0,"texture":"#0"},"west":{"uv":[7.5,5.875,8.25,6.375],"tintindex":0,"rotation":0,"texture":"#0"},"up":{"uv":[8.125,2.875,7.625,2.125],"tintindex":0,"rotation":0,"texture":"#0"},"down":{"uv":[3.625,7.625,3.125,8.375],"tintindex":0,"rotation":0,"texture":"#0"}},"rotation":{"origin":[-2.5,11.4280815,-0.38895798],"angle":-22.5,"axis":"x"}},{"from":[-3.5,12.07193,7.3889503],"to":[-1.5,14.071934,13.38895],"faces":{"east":{"uv":[8.125,1.0,8.875,1.25],"tintindex":0,"rotation":0,"texture":"#0"},"south":{"uv":[8.75,2.5,9.0,2.75],"tintindex":0,"rotation":0,"texture":"#0"},"north":{"uv":[8.75,2.25,9.0,2.5],"tintindex":0,"rotation":0,"texture":"#0"},"west":{"uv":[8.125,1.25,8.875,1.5],"tintindex":0,"rotation":0,"texture":"#0"},"up":{"uv":[6.375,8.875,6.125,8.125],"tintindex":0,"rotation":0,"texture":"#0"},"down":{"uv":[6.625,8.125,6.375,8.875],"tintindex":0,"rotation":0,"texture":"#0"}},"rotation":{"origin":[-2.5,13.071934,10.38895],"angle":-22.5,"axis":"x"}},{"from":[-4.0,10.5,2.0],"to":[-1.0,13.500004,8.0],"faces":{"east":{"uv":[6.875,7.75,7.625,8.125],"tintindex":0,"rotation":0,"texture":"#0"},"south":{"uv":[7.125,5.875,7.5,6.25],"tintindex":0,"rotation":0,"texture":"#0"},"north":{"uv":[6.375,2.5,6.75,2.875],"tintindex":0,"rotation":0,"texture":"#0"},"west":{"uv":[7.75,6.875,8.5,7.25],"tintindex":0,"rotation":0,"texture":"#0"},"up":{"uv":[8.125,8.0,7.75,7.25],"tintindex":0,"rotation":0,"texture":"#0"},"down":{"uv":[0.375,7.875,0.0,8.625],"tintindex":0,"rotation":0,"texture":"#0"}}},{"from":[-5.0,5.945801,-7.486618],"to":[0.0,11.945801,-2.486618],"faces":{"east":{"uv":[6.5,7.0,7.125,7.75],"tintindex":0,"rotation":0,"texture":"#0"},"south":{"uv":[0.0,7.125,0.625,7.875],"tintindex":0,"rotation":0,"texture":"#0"},"north":{"uv":[5.875,7.0,6.5,7.75],"tintindex":0,"rotation":0,"texture":"#0"},"west":{"uv":[7.125,5.125,7.75,5.875],"tintindex":0,"rotation":0,"texture":"#0"},"up":{"uv":[7.875,4.875,7.25,4.25],"tintindex":0,"rotation":0,"texture":"#0"},"down":{"uv":[2.5,7.375,1.875,8.0],"tintindex":0,"rotation":0,"texture":"#0"}},"rotation":{"origin":[-2.5,8.945801,-4.986618],"angle":45.0,"axis":"x"}},{"from":[-2.5,15.124531,11.957489],"to":[-2.5,17.12453,16.95749],"faces":{"east":{"uv":[8.25,1.5,8.875,1.75],"tintindex":0,"rotation":0,"texture":"#0"},"west":{"uv":[8.25,1.75,8.875,2.0],"tintindex":0,"rotation":0,"texture":"#0"}},"rotation":{"origin":[-1.5,16.12453,14.957489],"angle":-45.0,"axis":"x"}}],"display":{"gui":{"rotation":[30,225,0]}}}