{"elements":[{"from":[2.8571424,9.940103,3.5763025],"to":[4.0,12.797246,4.71916],"rotation":{"angle":45.0,"axis":"x","origin":[2.8571424,9.89108,4.1477313]},"faces":{"east":{"uv":[4.125,8.25,4.375,8.875],"rotation":0,"texture":"#0","tintindex":0},"south":{"uv":[8.25,5.875,8.5,6.5],"rotation":0,"texture":"#0","tintindex":0},"north":{"uv":[3.875,8.25,4.125,8.875],"rotation":0,"texture":"#0","tintindex":0},"west":{"uv":[8.375,0.0,8.625,0.625],"rotation":0,"texture":"#0","tintindex":0},"up":{"uv":[9.0,3.375,8.75,3.125],"rotation":0,"texture":"#0","tintindex":0},"down":{"uv":[9.0,4.125,8.75,4.375],"rotation":0,"texture":"#0","tintindex":0}}},{"from":[2.5714283,8.571428,3.4285712],"to":[4.285714,10.285714,5.142857],"rotation":{"angle":22.5,"axis":"x","origin":[3.4285712,9.428572,3.7142854]},"faces":{"east":{"uv":[3.125,8.375,3.5,8.75],"rotation":0,"texture":"#0","tintindex":0},"south":{"uv":[8.375,4.125,8.75,4.5],"rotation":0,"texture":"#0","tintindex":0},"north":{"uv":[8.375,2.375,8.75,2.75],"rotation":0,"texture":"#0","tintindex":0},"west":{"uv":[8.375,4.5,8.75,4.875],"rotation":0,"texture":"#0","tintindex":0},"up":{"uv":[7.0,8.75,6.625,8.375],"rotation":0,"texture":"#0","tintindex":0},"down":{"uv":[7.375,8.375,7.0,8.75],"rotation":0,"texture":"#0","tintindex":0}}}],"textures":{"0":"dragonien:entity/head"},"display":{"head":{"translation":[0.0,-6.4,0.0],"scale":[4.0,4.0,4.0]}}}