{"elements":[{"from":[3.4285712,-10.310743,-16.0],"to":[12.571428,-0.025029182,-6.8571415],"rotation":{"angle":-45.0,"axis":"x","origin":[8.0,24.869652,-18.41694]},"faces":{"east":{"uv":[2.625,2.25,4.625,4.5],"rotation":0,"texture":"#3","tintindex":0},"south":{"uv":[2.625,4.5,4.625,6.75],"rotation":0,"texture":"#3","tintindex":0},"north":{"uv":[2.625,0.0,4.625,2.25],"rotation":0,"texture":"#3","tintindex":0},"west":{"uv":[4.625,0.0,6.625,2.25],"rotation":0,"texture":"#3","tintindex":0},"up":{"uv":[6.625,4.25,4.625,2.25],"rotation":0,"texture":"#3","tintindex":0},"down":{"uv":[6.625,4.25,4.625,6.25],"rotation":0,"texture":"#3","tintindex":0}}}],"textures":{"3":"dragonien:entity/neck"},"display":{"head":{"translation":[0.0,-6.4,-1.3430252],"scale":[4.0,4.0,4.0]}}}