{"elements":[{"from":[5.714286,5.714286,8.0],"to":[10.285714,10.285714,18.285715],"rotation":{"angle":0.0,"axis":"y","origin":[2.8571424,-2.9837437,37.14286]},"faces":{"east":{"uv":[8.0,1.5,10.25,2.5],"rotation":0,"texture":"#7","tintindex":0},"south":{"uv":[5.0,8.25,6.0,9.25],"rotation":0,"texture":"#7","tintindex":0},"north":{"uv":[8.25,4.5,9.25,5.5],"rotation":0,"texture":"#7","tintindex":0},"west":{"uv":[8.0,2.5,10.25,3.5],"rotation":0,"texture":"#7","tintindex":0},"up":{"uv":[4.5,9.25,3.5,7.0],"rotation":0,"texture":"#7","tintindex":0},"down":{"uv":[9.0,6.75,8.0,9.0],"rotation":0,"texture":"#7","tintindex":0}}}],"textures":{"7":"dragonien:entity/tail"},"display":{"head":{"translation":[0.0,-6.4,0.0],"scale":[4.0,4.0,4.0]}}}