{"elements":[{"from":[6.857143,6.857143,7.714286],"to":[9.142858,9.142858,20.285715],"rotation":{"angle":0.0,"axis":"y","origin":[1.7142854,-6.163521,36.194378]},"faces":{"east":{"uv":[8.0,3.5,10.75,4.0],"rotation":0,"texture":"#7","tintindex":0},"south":{"uv":[2.0,6.25,2.5,6.75],"rotation":0,"texture":"#7","tintindex":0},"north":{"uv":[2.0,5.75,2.5,6.25],"rotation":0,"texture":"#7","tintindex":0},"west":{"uv":[8.0,4.0,10.75,4.5],"rotation":0,"texture":"#7","tintindex":0},"up":{"uv":[2.0,10.5,1.5,7.75],"rotation":0,"texture":"#7","tintindex":0},"down":{"uv":[5.0,8.25,4.5,11.0],"rotation":0,"texture":"#7","tintindex":0}}}],"textures":{"7":"dragonien:entity/tail"},"display":{"head":{"translation":[0.0,-6.4,0.0],"scale":[4.0,4.0,4.0]}}}