{"elements":[{"from":[4.5714283,4.5714283,8.0],"to":[11.428572,11.428572,17.142857],"rotation":{"angle":0.0,"axis":"y","origin":[2.8571424,-0.09106922,38.285713]},"faces":{"east":{"uv":[6.25,5.25,8.25,6.75],"rotation":0,"texture":"#7","tintindex":0},"south":{"uv":[0.0,7.75,1.5,9.25],"rotation":0,"texture":"#7","tintindex":0},"north":{"uv":[7.0,0.0,8.5,1.5],"rotation":0,"texture":"#7","tintindex":0},"west":{"uv":[4.5,6.75,6.5,8.25],"rotation":0,"texture":"#7","tintindex":0},"up":{"uv":[8.0,8.75,6.5,6.75],"rotation":0,"texture":"#7","tintindex":0},"down":{"uv":[3.5,7.0,2.0,9.0],"rotation":0,"texture":"#7","tintindex":0}}}],"textures":{"7":"dragonien:entity/tail"},"display":{"head":{"translation":[0.0,-6.4,0.0],"scale":[4.0,4.0,4.0]}}}