{"textures":{"3":"dragonien:entity/neck"},"elements":[{"from":[2.0,-9.552778,-12.819799],"to":[14.0,2.4472218,3.1802006],"faces":{"east":{"uv":[6.625,1.25,8.625,2.75],"tintindex":0,"rotation":0,"texture":"#3"},"south":{"uv":[4.0,7.5,5.5,9.0],"tintindex":0,"rotation":0,"texture":"#3"},"north":{"uv":[7.25,6.25,8.75,7.75],"tintindex":0,"rotation":0,"texture":"#3"},"west":{"uv":[6.625,2.75,8.625,4.25],"tintindex":0,"rotation":0,"texture":"#3"},"up":{"uv":[8.125,6.25,6.625,4.25],"tintindex":0,"rotation":0,"texture":"#3"},"down":{"uv":[4.0,6.75,2.5,8.75],"tintindex":0,"rotation":0,"texture":"#3"}},"rotation":{"origin":[10.0,-3.8621693,19.42462],"angle":45.0,"axis":"x"}}],"display":{"gui":{"rotation":[30,225,0]}}}