{"textures":{"5":"dragonien:entity/fleg"},"elements":[{"from":[8.0,4.0,-1.25],"to":[8.0,8.0,2.75],"faces":{"east":{"uv":[15.0,3.25,14.0,4.25],"tintindex":0,"rotation":0,"texture":"#5"},"west":{"uv":[14.75,8.75,13.75,9.75],"tintindex":0,"rotation":0,"texture":"#5"}}},{"from":[6.5,4.0,2.75],"to":[9.5,8.0,7.75],"faces":{"east":{"uv":[11.5,13.5,10.25,14.5],"tintindex":0,"rotation":0,"texture":"#5"},"south":{"uv":[15.0,11.75,14.25,12.75],"tintindex":0,"rotation":0,"texture":"#5"},"north":{"uv":[15.0,10.75,14.25,11.75],"tintindex":0,"rotation":0,"texture":"#5"},"west":{"uv":[10.25,13.5,9.0,14.5],"tintindex":0,"rotation":0,"texture":"#5"},"up":{"uv":[8.25,11.5,9.0,10.25],"tintindex":0,"rotation":0,"texture":"#5"},"down":{"uv":[7.5,12.0,8.25,13.25],"tintindex":0,"rotation":0,"texture":"#5"}}}],"display":{"gui":{"rotation":[30,225,0]}}}