{"elements":[{"from":[6.0,1.256577,-2.0091314],"to":[10.0,13.2565775,3.7051544],"rotation":{"angle":45.0,"axis":"x","origin":[10.514286,5.4397426,-0.5805607]},"faces":{"east":{"uv":[5.0,5.0,2.5,10.25],"rotation":0,"texture":"#5","tintindex":0},"south":{"uv":[10.75,0.0,9.0,5.25],"rotation":0,"texture":"#5","tintindex":0},"north":{"uv":[9.0,5.0,7.25,10.25],"rotation":0,"texture":"#5","tintindex":0},"west":{"uv":[2.5,5.0,0.0,10.25],"rotation":0,"texture":"#5","tintindex":0},"up":{"uv":[10.75,4.25,12.5,1.75],"rotation":0,"texture":"#5","tintindex":0},"down":{"uv":[11.25,4.25,13.0,6.75],"rotation":0,"texture":"#5","tintindex":0}}}],"textures":{"5":"dragonien:entity/fleg"},"display":{"head":{"translation":[0.0,-6.4,0.0],"scale":[4.0,4.0,4.0]}}}