{"elements":[{"from":[7.142857,5.714286,5.0],"to":[8.857143,8.0,7.857143],"rotation":{"angle":0.0,"axis":"y","origin":[4.8571424,5.046874,5.9939027]},"faces":{"east":{"uv":[9.0,13.5,10.25,14.5],"rotation":0,"texture":"#5","tintindex":0},"south":{"uv":[14.25,11.75,15.0,12.75],"rotation":0,"texture":"#5","tintindex":0},"north":{"uv":[14.25,10.75,15.0,11.75],"rotation":0,"texture":"#5","tintindex":0},"west":{"uv":[10.25,13.5,11.5,14.5],"rotation":0,"texture":"#5","tintindex":0},"up":{"uv":[9.0,11.5,8.25,10.25],"rotation":0,"texture":"#5","tintindex":0},"down":{"uv":[8.25,12.0,7.5,13.25],"rotation":0,"texture":"#5","tintindex":0}}},{"from":[8.0,5.714286,2.7142854],"to":[8.0,8.0,5.0],"rotation":{"angle":0.0,"axis":"y","origin":[4.8571424,5.046874,5.9939027]},"faces":{"east":{"uv":[13.75,8.75,14.75,9.75],"rotation":0,"texture":"#5","tintindex":0},"south":{"uv":[0.0,0.0,0.0,1.0],"rotation":0,"texture":"#5","tintindex":0},"north":{"uv":[0.0,0.0,0.0,1.0],"rotation":0,"texture":"#5","tintindex":0},"west":{"uv":[14.0,3.25,15.0,4.25],"rotation":0,"texture":"#5","tintindex":0},"up":{"uv":[0.0,1.0,0.0,0.0],"rotation":0,"texture":"#5","tintindex":0},"down":{"uv":[0.0,0.0,0.0,1.0],"rotation":0,"texture":"#5","tintindex":0}}}],"textures":{"5":"dragonien:entity/fleg"},"display":{"head":{"translation":[0.0,-6.4,0.0],"scale":[4.0,4.0,4.0]}}}