{"textures":{"5":"dragonien:entity/fleg"},"elements":[{"from":[6.5,4.0,2.75],"to":[9.5,8.0,7.75],"faces":{"east":{"uv":[9.0,13.5,10.25,14.5],"tintindex":0,"rotation":0,"texture":"#5"},"south":{"uv":[14.25,11.75,15.0,12.75],"tintindex":0,"rotation":0,"texture":"#5"},"north":{"uv":[14.25,10.75,15.0,11.75],"tintindex":0,"rotation":0,"texture":"#5"},"west":{"uv":[10.25,13.5,11.5,14.5],"tintindex":0,"rotation":0,"texture":"#5"},"up":{"uv":[9.0,11.5,8.25,10.25],"tintindex":0,"rotation":0,"texture":"#5"},"down":{"uv":[8.25,12.0,7.5,13.25],"tintindex":0,"rotation":0,"texture":"#5"}}},{"from":[8.0,4.0,-1.25],"to":[8.0,8.0,2.75],"faces":{"east":{"uv":[13.75,8.75,14.75,9.75],"tintindex":0,"rotation":0,"texture":"#5"},"west":{"uv":[14.0,3.25,15.0,4.25],"tintindex":0,"rotation":0,"texture":"#5"}}}],"display":{"gui":{"rotation":[30,225,0]}}}