{"textures":{"7":"dragonien:entity/tail"},"elements":[{"from":[6.0,6.0,7.5],"to":[10.0,10.000001,29.5],"faces":{"east":{"uv":[8.0,3.5,10.75,4.0],"tintindex":0,"rotation":0,"texture":"#7"},"south":{"uv":[2.0,6.25,2.5,6.75],"tintindex":0,"rotation":0,"texture":"#7"},"north":{"uv":[2.0,5.75,2.5,6.25],"tintindex":0,"rotation":0,"texture":"#7"},"west":{"uv":[8.0,4.0,10.75,4.5],"tintindex":0,"rotation":0,"texture":"#7"},"up":{"uv":[2.0,10.5,1.5,7.75],"tintindex":0,"rotation":0,"texture":"#7"},"down":{"uv":[5.0,8.25,4.5,11.0],"tintindex":0,"rotation":0,"texture":"#7"}}}],"display":{"gui":{"rotation":[30,225,0]}}}