{"elements":[{"from":[10.570509,5.714286,3.1247258],"to":[11.713366,8.0,5.9818687],"rotation":{"angle":22.5,"axis":"y","origin":[13.713366,5.046874,14.975771]},"faces":{"east":{"uv":[14.0,13.5,12.75,14.5],"rotation":0,"texture":"#5","tintindex":0},"south":{"uv":[13.0,3.25,12.5,4.25],"rotation":0,"texture":"#5","tintindex":0},"north":{"uv":[11.25,4.25,10.75,5.25],"rotation":0,"texture":"#5","tintindex":0},"west":{"uv":[12.75,13.5,11.5,14.5],"rotation":0,"texture":"#5","tintindex":0},"up":{"uv":[14.5,1.25,15.0,0.0],"rotation":0,"texture":"#5","tintindex":0},"down":{"uv":[14.5,1.25,15.0,2.5],"rotation":0,"texture":"#5","tintindex":0}}},{"from":[11.141937,5.714286,0.8390112],"to":[11.141937,8.0,3.1247258],"rotation":{"angle":22.5,"axis":"y","origin":[13.713366,5.046874,14.975771]},"faces":{"east":{"uv":[15.0,5.25,14.0,6.25],"rotation":0,"texture":"#5","tintindex":0},"south":{"uv":[0.0,0.0,0.0,1.0],"rotation":0,"texture":"#5","tintindex":0},"north":{"uv":[0.0,0.0,0.0,1.0],"rotation":0,"texture":"#5","tintindex":0},"west":{"uv":[15.0,4.25,14.0,5.25],"rotation":0,"texture":"#5","tintindex":0},"up":{"uv":[0.0,1.0,0.0,0.0],"rotation":0,"texture":"#5","tintindex":0},"down":{"uv":[0.0,0.0,0.0,1.0],"rotation":0,"texture":"#5","tintindex":0}}}],"textures":{"5":"dragonien:entity/fleg"},"display":{"head":{"translation":[0.0,-6.4,0.0],"scale":[4.0,4.0,4.0]}}}