{"elements":[{"from":[5.428571,6.8261714,-0.8494978],"to":[8.285714,10.254744,2.0076456],"rotation":{"angle":45.0,"axis":"x","origin":[6.857143,8.540457,0.5790739]},"faces":{"east":{"uv":[0.625,7.25,1.25,8.0],"rotation":0,"texture":"#0","tintindex":0},"south":{"uv":[1.25,7.25,1.875,8.0],"rotation":0,"texture":"#0","tintindex":0},"north":{"uv":[7.125,7.0,7.75,7.75],"rotation":0,"texture":"#0","tintindex":0},"west":{"uv":[7.25,3.5,7.875,4.25],"rotation":0,"texture":"#0","tintindex":0},"up":{"uv":[3.125,8.0,2.5,7.375],"rotation":0,"texture":"#0","tintindex":0},"down":{"uv":[8.125,1.0,7.5,1.625],"rotation":0,"texture":"#0","tintindex":0}}},{"from":[5.714286,8.816046,1.4920225],"to":[8.0,11.10176,4.920594],"rotation":{"angle":-22.5,"axis":"x","origin":[6.857143,9.958903,3.2063084]},"faces":{"east":{"uv":[7.5,6.375,8.25,6.875],"rotation":0,"texture":"#0","tintindex":0},"south":{"uv":[0.875,8.0,1.375,8.5],"rotation":0,"texture":"#0","tintindex":0},"north":{"uv":[0.375,8.0,0.875,8.5],"rotation":0,"texture":"#0","tintindex":0},"west":{"uv":[3.625,7.75,4.375,8.25],"rotation":0,"texture":"#0","tintindex":0},"up":{"uv":[4.875,8.5,4.375,7.75],"rotation":0,"texture":"#0","tintindex":0},"down":{"uv":[5.375,7.75,4.875,8.5],"rotation":0,"texture":"#0","tintindex":0}}},{"from":[6.285714,10.3268175,7.6508284],"to":[7.428571,11.469674,11.0794],"rotation":{"angle":-22.5,"axis":"x","origin":[6.857143,10.898246,9.365114]},"faces":{"east":{"uv":[6.625,8.125,7.375,8.375],"rotation":0,"texture":"#0","tintindex":0},"south":{"uv":[3.125,8.75,3.375,9.0],"rotation":0,"texture":"#0","tintindex":0},"north":{"uv":[8.75,2.875,9.0,3.125],"rotation":0,"texture":"#0","tintindex":0},"west":{"uv":[8.125,7.25,8.875,7.5],"rotation":0,"texture":"#0","tintindex":0},"up":{"uv":[7.625,8.875,7.375,8.125],"rotation":0,"texture":"#0","tintindex":0},"down":{"uv":[3.875,8.25,3.625,9.0],"rotation":0,"texture":"#0","tintindex":0}}},{"from":[6.857143,12.07116,10.261423],"to":[6.857143,13.214018,13.1185665],"rotation":{"angle":-45.0,"axis":"x","origin":[7.428571,12.642589,11.975709]},"faces":{"east":{"uv":[8.25,3.625,8.875,3.875],"rotation":0,"texture":"#0","tintindex":0},"south":{"uv":[0.0,0.0,0.0,0.25],"rotation":0,"texture":"#0","tintindex":0},"north":{"uv":[0.0,0.0,0.0,0.25],"rotation":0,"texture":"#0","tintindex":0},"west":{"uv":[8.25,3.875,8.875,4.125],"rotation":0,"texture":"#0","tintindex":0},"up":{"uv":[0.0,0.625,0.0,0.0],"rotation":0,"texture":"#0","tintindex":0},"down":{"uv":[0.0,0.0,0.0,0.625],"rotation":0,"texture":"#0","tintindex":0}}},{"from":[6.0,9.428572,4.5714283],"to":[7.714286,11.142858,8.0],"rotation":{"angle":0.0,"axis":"y","origin":[6.0,9.428572,4.5714283]},"faces":{"east":{"uv":[7.875,2.875,8.625,3.25],"rotation":0,"texture":"#0","tintindex":0},"south":{"uv":[8.375,2.0,8.75,2.375],"rotation":0,"texture":"#0","tintindex":0},"north":{"uv":[8.25,6.5,8.625,6.875],"rotation":0,"texture":"#0","tintindex":0},"west":{"uv":[7.875,3.25,8.625,3.625],"rotation":0,"texture":"#0","tintindex":0},"up":{"uv":[8.25,4.375,7.875,3.625],"rotation":0,"texture":"#0","tintindex":0},"down":{"uv":[8.375,0.0,8.0,0.75],"rotation":0,"texture":"#0","tintindex":0}}}],"textures":{"0":"dragonien:entity/head"},"display":{"head":{"translation":[0.0,-6.4,0.0],"scale":[4.0,4.0,4.0]}}}