{"textures":{"5":"dragonien:entity/fleg"},"elements":[{"from":[2.5016098,4.0,-4.5317287],"to":[2.5016098,8.0,-0.53172874],"faces":{"east":{"uv":[14.0,4.25,15.0,5.25],"tintindex":0,"rotation":0,"texture":"#5"},"west":{"uv":[14.0,5.25,15.0,6.25],"tintindex":0,"rotation":0,"texture":"#5"}},"rotation":{"origin":[-1.9983902,2.8320293,20.2076],"angle":-22.5,"axis":"y"}},{"from":[1.5016098,4.0,-0.53172874],"to":[3.5016098,8.0,4.4682713],"faces":{"east":{"uv":[11.5,13.5,12.75,14.5],"tintindex":0,"rotation":0,"texture":"#5"},"south":{"uv":[12.5,3.25,13.0,4.25],"tintindex":0,"rotation":0,"texture":"#5"},"north":{"uv":[10.75,4.25,11.25,5.25],"tintindex":0,"rotation":0,"texture":"#5"},"west":{"uv":[12.75,13.5,14.0,14.5],"tintindex":0,"rotation":0,"texture":"#5"},"up":{"uv":[15.0,1.25,14.5,0.0],"tintindex":0,"rotation":0,"texture":"#5"},"down":{"uv":[15.0,1.25,14.5,2.5],"tintindex":0,"rotation":0,"texture":"#5"}},"rotation":{"origin":[-1.9983902,2.8320293,20.2076],"angle":-22.5,"axis":"y"}}],"display":{"gui":{"rotation":[30,225,0]}}}