{"elements":[{"from":[6.0,1.256577,-2.0091314],"to":[10.0,13.2565775,3.7051544],"rotation":{"angle":45.0,"axis":"x","origin":[5.485714,5.4397426,-0.5805607]},"faces":{"east":{"uv":[0.0,5.0,2.5,10.25],"rotation":0,"texture":"#5","tintindex":0},"south":{"uv":[9.0,0.0,10.75,5.25],"rotation":0,"texture":"#5","tintindex":0},"north":{"uv":[7.25,5.0,9.0,10.25],"rotation":0,"texture":"#5","tintindex":0},"west":{"uv":[2.5,5.0,5.0,10.25],"rotation":0,"texture":"#5","tintindex":0},"up":{"uv":[12.5,4.25,10.75,1.75],"rotation":0,"texture":"#5","tintindex":0},"down":{"uv":[13.0,4.25,11.25,6.75],"rotation":0,"texture":"#5","tintindex":0}}}],"textures":{"5":"dragonien:entity/fleg"},"display":{"head":{"translation":[0.0,-6.4,0.0],"scale":[4.0,4.0,4.0]}}}