{"textures":{"6":"dragonien:entity/b_leg"},"elements":[{"from":[15.3,-6.1574297,7.6937847],"to":[16.8,-3.6574306,10.193785],"faces":{"east":{"uv":[7.25,8.0,6.625,8.625],"tintindex":0,"rotation":0,"texture":"#6"},"south":{"uv":[1.875,8.5,1.5,9.125],"tintindex":0,"rotation":0,"texture":"#6"},"north":{"uv":[1.5,8.5,1.125,9.125],"tintindex":0,"rotation":0,"texture":"#6"},"west":{"uv":[8.625,4.875,8.0,5.5],"tintindex":0,"rotation":0,"texture":"#6"},"up":{"uv":[1.875,9.125,2.25,8.5],"tintindex":0,"rotation":0,"texture":"#6"},"down":{"uv":[2.25,8.5,2.625,9.125],"tintindex":0,"rotation":0,"texture":"#6"}},"rotation":{"origin":[15.3,-4.8210154,13.313455],"angle":22.5,"axis":"y"}}],"display":{"gui":{"rotation":[30,225,0]}}}