{"textures":{"5":"dragonien:entity/fleg"},"elements":[{"from":[4.5,-3.8009892,-9.51598],"to":[11.5,17.199009,0.48402023],"faces":{"east":{"uv":[5.0,5.0,2.5,10.25],"tintindex":0,"rotation":0,"texture":"#5"},"south":{"uv":[10.75,0.0,9.0,5.25],"tintindex":0,"rotation":0,"texture":"#5"},"north":{"uv":[9.0,5.0,7.25,10.25],"tintindex":0,"rotation":0,"texture":"#5"},"west":{"uv":[2.5,5.0,0.0,10.25],"tintindex":0,"rotation":0,"texture":"#5"},"up":{"uv":[10.75,4.25,12.5,1.75],"tintindex":0,"rotation":0,"texture":"#5"},"down":{"uv":[11.25,4.25,13.0,6.75],"tintindex":0,"rotation":0,"texture":"#5"}},"rotation":{"origin":[12.4,3.5195498,-7.01598],"angle":45.0,"axis":"x"}}],"display":{"gui":{"rotation":[30,225,0]}}}