{"elements":[{"from":[6.5714283,10.414801,1.0599594],"to":[9.428572,11.557657,4.488531],"rotation":{"angle":-22.5,"axis":"x","origin":[8.0,11.843371,1.0599594]},"faces":{"east":{"uv":[7.75,5.625,8.5,5.875],"rotation":0,"texture":"#0","tintindex":0},"south":{"uv":[8.125,7.75,8.75,8.0],"rotation":0,"texture":"#0","tintindex":0},"north":{"uv":[8.125,7.5,8.75,7.75],"rotation":0,"texture":"#0","tintindex":0},"west":{"uv":[8.0,0.75,8.75,1.0],"rotation":0,"texture":"#0","tintindex":0},"up":{"uv":[4.0,7.625,3.375,6.875],"rotation":0,"texture":"#0","tintindex":0},"down":{"uv":[4.625,7.0,4.0,7.75],"rotation":0,"texture":"#0","tintindex":0}}},{"from":[4.5714283,8.129086,-0.08289719],"to":[11.428572,11.557657,7.917103],"rotation":{"angle":0.0,"axis":"y","origin":[4.285714,4.7005143,-0.3686123]},"faces":{"east":{"uv":[4.25,4.0,6.0,4.75],"rotation":0,"texture":"#0","tintindex":0},"south":{"uv":[5.25,2.875,6.75,3.625],"rotation":0,"texture":"#0","tintindex":0},"north":{"uv":[1.5,5.125,3.0,5.875],"rotation":0,"texture":"#0","tintindex":0},"west":{"uv":[4.25,4.75,6.0,5.5],"rotation":0,"texture":"#0","tintindex":0},"up":{"uv":[1.5,5.75,0.0,4.0],"rotation":0,"texture":"#0","tintindex":0},"down":{"uv":[5.5,0.0,4.0,1.75],"rotation":0,"texture":"#0","tintindex":0}}},{"from":[4.5714283,4.7005143,5.05996],"to":[11.428572,8.129086,7.917103],"rotation":{"angle":0.0,"axis":"y","origin":[4.5714283,4.7005143,5.05996]},"faces":{"east":{"uv":[4.625,7.0,5.25,7.75],"rotation":0,"texture":"#0","tintindex":0},"south":{"uv":[5.5,0.75,7.0,1.5],"rotation":0,"texture":"#0","tintindex":0},"north":{"uv":[5.5,0.0,7.0,0.75],"rotation":0,"texture":"#0","tintindex":0},"west":{"uv":[5.25,7.0,5.875,7.75],"rotation":0,"texture":"#0","tintindex":0},"up":{"uv":[1.5,6.375,0.0,5.75],"rotation":0,"texture":"#0","tintindex":0},"down":{"uv":[3.0,5.875,1.5,6.5],"rotation":0,"texture":"#0","tintindex":0}}},{"from":[6.0,11.177177,4.3368855],"to":[10.0,12.891462,7.765457],"rotation":{"angle":0.0,"axis":"y","origin":[7.428571,12.605749,4.3368855]},"faces":{"east":{"uv":[5.25,3.625,6.0,4.0],"rotation":0,"texture":"#0","tintindex":0},"south":{"uv":[6.0,5.125,6.875,5.5],"rotation":0,"texture":"#0","tintindex":0},"north":{"uv":[5.5,2.5,6.375,2.875],"rotation":0,"texture":"#0","tintindex":0},"west":{"uv":[2.25,6.5,3.0,6.875],"rotation":0,"texture":"#0","tintindex":0},"up":{"uv":[7.5,2.25,6.625,1.5],"rotation":0,"texture":"#0","tintindex":0},"down":{"uv":[7.625,2.25,6.75,3.0],"rotation":0,"texture":"#0","tintindex":0}}}],"textures":{"0":"dragonien:entity/head"},"display":{"head":{"translation":[0.0,-6.4,0.0],"scale":[4.0,4.0,4.0]}}}