{"textures":{"0":"dragonien:entity/head"},"elements":[{"from":[2.0,8.225899,-6.145069],"to":[14.0,14.225899,7.854931],"faces":{"east":{"uv":[4.25,4.0,6.0,4.75],"tintindex":0,"rotation":0,"texture":"#0"},"south":{"uv":[5.25,2.875,6.75,3.625],"tintindex":0,"rotation":0,"texture":"#0"},"north":{"uv":[1.5,5.125,3.0,5.875],"tintindex":0,"rotation":0,"texture":"#0"},"west":{"uv":[4.25,4.75,6.0,5.5],"tintindex":0,"rotation":0,"texture":"#0"},"up":{"uv":[1.5,5.75,0.0,4.0],"tintindex":0,"rotation":0,"texture":"#0"},"down":{"uv":[5.5,0.0,4.0,1.75],"tintindex":0,"rotation":0,"texture":"#0"}}},{"from":[4.5,13.560059,1.58955],"to":[11.5,16.560059,7.58955],"faces":{"east":{"uv":[5.25,3.625,6.0,4.0],"tintindex":0,"rotation":0,"texture":"#0"},"south":{"uv":[6.0,5.125,6.875,5.5],"tintindex":0,"rotation":0,"texture":"#0"},"north":{"uv":[5.5,2.5,6.375,2.875],"tintindex":0,"rotation":0,"texture":"#0"},"west":{"uv":[2.25,6.5,3.0,6.875],"tintindex":0,"rotation":0,"texture":"#0"},"up":{"uv":[7.5,2.25,6.625,1.5],"tintindex":0,"rotation":0,"texture":"#0"},"down":{"uv":[7.625,2.25,6.75,3.0],"tintindex":0,"rotation":0,"texture":"#0"}}},{"from":[5.5,12.225899,-4.145069],"to":[10.5,14.225899,1.8549309],"faces":{"east":{"uv":[7.75,5.625,8.5,5.875],"tintindex":0,"rotation":0,"texture":"#0"},"south":{"uv":[8.125,7.75,8.75,8.0],"tintindex":0,"rotation":0,"texture":"#0"},"north":{"uv":[8.125,7.5,8.75,7.75],"tintindex":0,"rotation":0,"texture":"#0"},"west":{"uv":[8.0,0.75,8.75,1.0],"tintindex":0,"rotation":0,"texture":"#0"},"up":{"uv":[4.0,7.625,3.375,6.875],"tintindex":0,"rotation":0,"texture":"#0"},"down":{"uv":[4.625,7.0,4.0,7.75],"tintindex":0,"rotation":0,"texture":"#0"}},"rotation":{"origin":[8.0,14.725899,-4.145069],"angle":-22.5,"axis":"x"}},{"from":[2.0,2.2258987,2.8549309],"to":[14.0,8.225899,7.854931],"faces":{"east":{"uv":[4.625,7.0,5.25,7.75],"tintindex":0,"rotation":0,"texture":"#0"},"south":{"uv":[5.5,0.75,7.0,1.5],"tintindex":0,"rotation":0,"texture":"#0"},"north":{"uv":[5.5,0.0,7.0,0.75],"tintindex":0,"rotation":0,"texture":"#0"},"west":{"uv":[5.25,7.0,5.875,7.75],"tintindex":0,"rotation":0,"texture":"#0"},"up":{"uv":[1.5,6.375,0.0,5.75],"tintindex":0,"rotation":0,"texture":"#0"},"down":{"uv":[3.0,5.875,1.5,6.5],"tintindex":0,"rotation":0,"texture":"#0"}}}],"display":{"gui":{"rotation":[30,225,0]}}}