{"textures":{"0":"dragonien:entity/head"},"elements":[{"from":[2.0300002,0.5,1.0],"to":[13.969999,6.5,10.0],"faces":{"east":{"uv":[3.0,6.125,4.125,6.875],"tintindex":0,"rotation":0,"texture":"#0"},"south":{"uv":[5.625,5.5,7.125,6.25],"tintindex":0,"rotation":0,"texture":"#0"},"north":{"uv":[4.125,5.5,5.625,6.25],"tintindex":0,"rotation":0,"texture":"#0"},"west":{"uv":[4.125,6.25,5.25,7.0],"tintindex":0,"rotation":0,"texture":"#0"},"up":{"uv":[3.0,5.125,1.5,4.0],"tintindex":0,"rotation":0,"texture":"#0"},"down":{"uv":[5.5,1.75,4.0,2.875],"tintindex":0,"rotation":0,"texture":"#0"}}},{"from":[3.0,0.5,-8.0],"to":[13.0,6.5,1.0],"faces":{"east":{"uv":[6.375,6.25,7.5,7.0],"tintindex":0,"rotation":0,"texture":"#0"},"south":{"uv":[6.0,4.375,7.25,5.125],"tintindex":0,"rotation":0,"texture":"#0"},"north":{"uv":[6.0,3.625,7.25,4.375],"tintindex":0,"rotation":0,"texture":"#0"},"west":{"uv":[1.125,6.5,2.25,7.25],"tintindex":0,"rotation":0,"texture":"#0"},"up":{"uv":[5.25,4.0,4.0,2.875],"tintindex":0,"rotation":0,"texture":"#0"},"down":{"uv":[4.25,4.0,3.0,5.125],"tintindex":0,"rotation":0,"texture":"#0"}}},{"from":[3.5,-5.5,-6.0],"to":[12.5,0.5,-6.0],"faces":{"south":{"uv":[0.0,6.375,1.125,7.125],"tintindex":0,"rotation":0,"texture":"#0"},"north":{"uv":[5.25,6.25,6.375,7.0],"tintindex":0,"rotation":0,"texture":"#0"}}}],"display":{"gui":{"rotation":[30,225,0]}}}