{"elements":[{"from":[4.5885715,3.7142854,4.0],"to":[11.411428,7.142857,9.142858],"rotation":{"angle":0.0,"axis":"y","origin":[8.0,7.142857,9.142858]},"faces":{"east":{"uv":[3.0,6.125,4.125,6.875],"rotation":0,"texture":"#0","tintindex":0},"south":{"uv":[5.625,5.5,7.125,6.25],"rotation":0,"texture":"#0","tintindex":0},"north":{"uv":[4.125,5.5,5.625,6.25],"rotation":0,"texture":"#0","tintindex":0},"west":{"uv":[4.125,6.25,5.25,7.0],"rotation":0,"texture":"#0","tintindex":0},"up":{"uv":[3.0,5.125,1.5,4.0],"rotation":0,"texture":"#0","tintindex":0},"down":{"uv":[5.5,1.75,4.0,2.875],"rotation":0,"texture":"#0","tintindex":0}}},{"from":[5.428571,0.28571415,0.0],"to":[10.571428,3.7142854,0.0],"rotation":{"angle":0.0,"axis":"y","origin":[8.0,7.142857,9.142858]},"faces":{"east":{"uv":[0.0,0.0,0.0,0.75],"rotation":0,"texture":"#0","tintindex":0},"south":{"uv":[0.0,6.375,1.125,7.125],"rotation":0,"texture":"#0","tintindex":0},"north":{"uv":[5.25,6.25,6.375,7.0],"rotation":0,"texture":"#0","tintindex":0},"west":{"uv":[0.0,0.0,0.0,0.75],"rotation":0,"texture":"#0","tintindex":0},"up":{"uv":[1.125,0.0,0.0,0.0],"rotation":0,"texture":"#0","tintindex":0},"down":{"uv":[1.125,0.0,0.0,0.0],"rotation":0,"texture":"#0","tintindex":0}}},{"from":[5.142857,3.7142854,-1.1428576],"to":[10.857143,7.142857,4.0],"rotation":{"angle":0.0,"axis":"y","origin":[8.0,7.142857,9.142858]},"faces":{"east":{"uv":[6.375,6.25,7.5,7.0],"rotation":0,"texture":"#0","tintindex":0},"south":{"uv":[6.0,4.375,7.25,5.125],"rotation":0,"texture":"#0","tintindex":0},"north":{"uv":[6.0,3.625,7.25,4.375],"rotation":0,"texture":"#0","tintindex":0},"west":{"uv":[1.125,6.5,2.25,7.25],"rotation":0,"texture":"#0","tintindex":0},"up":{"uv":[5.25,4.0,4.0,2.875],"rotation":0,"texture":"#0","tintindex":0},"down":{"uv":[4.25,4.0,3.0,5.125],"rotation":0,"texture":"#0","tintindex":0}}}],"textures":{"0":"dragonien:entity/head"},"display":{"head":{"translation":[0.0,-6.4,0.0],"scale":[4.0,4.0,4.0]}}}