{"textures":{"3":"dragonien:entity/neck"},"elements":[{"from":[-2.5,-9.5400505,-10.615902],"to":[18.5,11.4599495,-0.61590004],"faces":{"east":{"uv":[0.0,5.25,1.25,7.875],"tintindex":0,"rotation":0,"texture":"#3"},"south":{"uv":[0.0,2.625,2.625,5.25],"tintindex":0,"rotation":0,"texture":"#3"},"north":{"uv":[0.0,0.0,2.625,2.625],"tintindex":0,"rotation":0,"texture":"#3"},"west":{"uv":[1.25,5.25,2.5,7.875],"tintindex":0,"rotation":0,"texture":"#3"},"up":{"uv":[7.25,7.5,4.625,6.25],"tintindex":0,"rotation":0,"texture":"#3"},"down":{"uv":[9.25,0.0,6.625,1.25],"tintindex":0,"rotation":0,"texture":"#3"}},"rotation":{"origin":[8.0,25.14435,-7.4428005],"angle":-22.5,"axis":"x"}}],"display":{"gui":{"rotation":[30,225,0]}}}