{"elements":[{"from":[1.9999995,-2.0228863,-2.6376572],"to":[14.0,9.977115,3.0766282],"rotation":{"angle":-22.5,"axis":"x","origin":[8.0,17.796772,-0.82445717]},"faces":{"east":{"uv":[0.0,5.25,1.25,7.875],"rotation":0,"texture":"#3","tintindex":0},"south":{"uv":[0.0,2.625,2.625,5.25],"rotation":0,"texture":"#3","tintindex":0},"north":{"uv":[0.0,0.0,2.625,2.625],"rotation":0,"texture":"#3","tintindex":0},"west":{"uv":[1.25,5.25,2.5,7.875],"rotation":0,"texture":"#3","tintindex":0},"up":{"uv":[7.25,7.5,4.625,6.25],"rotation":0,"texture":"#3","tintindex":0},"down":{"uv":[9.25,0.0,6.625,1.25],"rotation":0,"texture":"#3","tintindex":0}}}],"textures":{"3":"dragonien:entity/neck"},"display":{"head":{"translation":[0.0,-6.4,0.0],"scale":[4.0,4.0,4.0]}}}