{"textures":{"7":"dragonien:entity/tail"},"elements":[{"from":[0.0,0.0,8.0],"to":[16.0,16.0,28.0],"faces":{"east":{"uv":[0.0,0.0,2.5,2.0],"tintindex":0,"rotation":0,"texture":"#7"},"south":{"uv":[0.0,5.75,2.0,7.75],"tintindex":0,"rotation":0,"texture":"#7"},"north":{"uv":[2.5,5.0,4.5,7.0],"tintindex":0,"rotation":0,"texture":"#7"},"west":{"uv":[0.0,2.0,2.5,4.0],"tintindex":0,"rotation":0,"texture":"#7"},"up":{"uv":[4.5,2.5,2.5,0.0],"tintindex":0,"rotation":0,"texture":"#7"},"down":{"uv":[4.5,2.5,2.5,5.0],"tintindex":0,"rotation":0,"texture":"#7"}}}],"display":{"gui":{"rotation":[30,225,0]}}}