{"elements":[{"from":[3.4285712,3.4285712,8.0],"to":[12.571428,12.571428,19.428572],"rotation":{"angle":0.0,"axis":"y","origin":[3.4285712,17.714287,47.714287]},"faces":{"east":{"uv":[0.0,0.0,2.5,2.0],"rotation":0,"texture":"#7","tintindex":0},"south":{"uv":[0.0,5.75,2.0,7.75],"rotation":0,"texture":"#7","tintindex":0},"north":{"uv":[2.5,5.0,4.5,7.0],"rotation":0,"texture":"#7","tintindex":0},"west":{"uv":[0.0,2.0,2.5,4.0],"rotation":0,"texture":"#7","tintindex":0},"up":{"uv":[4.5,2.5,2.5,0.0],"rotation":0,"texture":"#7","tintindex":0},"down":{"uv":[4.5,2.5,2.5,5.0],"rotation":0,"texture":"#7","tintindex":0}}}],"textures":{"7":"dragonien:entity/tail"},"display":{"head":{"translation":[0.0,-6.4,0.0],"scale":[4.0,4.0,4.0]}}}