{"elements":[{"from":[5.428571,7.142857,-0.57142925],"to":[10.571428,9.428572,4.0],"rotation":{"angle":0.0,"axis":"y","origin":[4.285714,3.7142854,3.7142854]},"faces":{"east":{"uv":[7.0,0.0,8.0,0.5],"rotation":0,"texture":"#0","tintindex":0},"south":{"uv":[2.25,6.875,3.375,7.375],"rotation":0,"texture":"#0","tintindex":0},"north":{"uv":[6.75,3.0,7.875,3.5],"rotation":0,"texture":"#0","tintindex":0},"west":{"uv":[7.0,0.5,8.0,1.0],"rotation":0,"texture":"#0","tintindex":0},"up":{"uv":[4.125,6.125,3.0,5.125],"rotation":0,"texture":"#0","tintindex":0},"down":{"uv":[6.625,1.5,5.5,2.5],"rotation":0,"texture":"#0","tintindex":0}}}],"textures":{"0":"dragonien:entity/head"},"display":{"head":{"translation":[0.0,-6.4,0.0],"scale":[4.0,4.0,4.0]}}}