{"textures":{"0":"dragonien:entity/head"},"elements":[{"from":[3.5,6.5,-7.0],"to":[12.5,10.5,1.0],"faces":{"east":{"uv":[7.0,0.0,8.0,0.5],"tintindex":0,"rotation":0,"texture":"#0"},"south":{"uv":[2.25,6.875,3.375,7.375],"tintindex":0,"rotation":0,"texture":"#0"},"north":{"uv":[6.75,3.0,7.875,3.5],"tintindex":0,"rotation":0,"texture":"#0"},"west":{"uv":[7.0,0.5,8.0,1.0],"tintindex":0,"rotation":0,"texture":"#0"},"up":{"uv":[4.125,6.125,3.0,5.125],"tintindex":0,"rotation":0,"texture":"#0"},"down":{"uv":[6.625,1.5,5.5,2.5],"tintindex":0,"rotation":0,"texture":"#0"}}}],"display":{"gui":{"rotation":[30,225,0]}}}