{"elements":[{"from":[-5.663247,7.214286,3.5674267],"to":[8.05104,12.928572,9.281713],"rotation":{"angle":22.5,"axis":"y","origin":[8.249154,10.071428,6.5714264]},"faces":{"east":{"uv":[4.0,5.0,5.25,6.25],"rotation":0,"texture":"#1","tintindex":0},"south":{"uv":[4.0,1.25,7.0,2.5],"rotation":0,"texture":"#1","tintindex":0},"north":{"uv":[4.0,0.0,7.0,1.25],"rotation":0,"texture":"#1","tintindex":0},"west":{"uv":[5.25,5.0,6.5,6.25],"rotation":0,"texture":"#1","tintindex":0},"up":{"uv":[7.0,3.75,4.0,2.5],"rotation":0,"texture":"#1","tintindex":0},"down":{"uv":[7.0,3.75,4.0,5.0],"rotation":0,"texture":"#1","tintindex":0}}},{"from":[4.939577,8.928572,11.525656],"to":[7.2252913,11.214286,18.382797],"rotation":{"angle":22.5,"axis":"y","origin":[4.052897,11.785714,14.954227]},"faces":{"east":{"uv":[4.0,6.25,5.5,6.75],"rotation":0,"texture":"#1","tintindex":0},"south":{"uv":[5.5,6.75,6.0,7.25],"rotation":0,"texture":"#1","tintindex":0},"north":{"uv":[6.5,5.5,7.0,6.0],"rotation":0,"texture":"#1","tintindex":0},"west":{"uv":[5.5,6.25,7.0,6.75],"rotation":0,"texture":"#1","tintindex":0},"up":{"uv":[4.5,8.25,4.0,6.75],"rotation":0,"texture":"#1","tintindex":0},"down":{"uv":[5.0,6.75,4.5,8.25],"rotation":0,"texture":"#1","tintindex":0}}},{"from":[8.2732115,9.5,15.38441],"to":[9.416069,10.642858,22.241554],"rotation":{"angle":45.0,"axis":"y","origin":[10.101783,10.071428,18.467655]},"faces":{"east":{"uv":[6.5,5.0,8.0,5.25],"rotation":0,"texture":"#1","tintindex":0},"south":{"uv":[6.0,6.75,6.25,7.0],"rotation":0,"texture":"#1","tintindex":0},"north":{"uv":[6.5,6.0,6.75,6.25],"rotation":0,"texture":"#1","tintindex":0},"west":{"uv":[6.5,5.25,8.0,5.5],"rotation":0,"texture":"#1","tintindex":0},"up":{"uv":[5.25,8.25,5.0,6.75],"rotation":0,"texture":"#1","tintindex":0},"down":{"uv":[5.5,6.75,5.25,8.25],"rotation":0,"texture":"#1","tintindex":0}}},{"from":[-8.60799,9.785714,13.714285],"to":[9.677726,9.785714,32.0],"rotation":{"angle":22.5,"axis":"y","origin":[-6.322275,7.214286,13.714285]},"faces":{"east":{"uv":[0.0,0.0,4.0,0.0],"rotation":0,"texture":"#1","tintindex":0},"south":{"uv":[0.0,0.0,4.0,0.0],"rotation":0,"texture":"#1","tintindex":0},"north":{"uv":[0.0,0.0,4.0,0.0],"rotation":0,"texture":"#1","tintindex":0},"west":{"uv":[0.0,0.0,4.0,0.0],"rotation":0,"texture":"#1","tintindex":0},"up":{"uv":[4.0,4.0,0.0,0.0],"rotation":0,"texture":"#1","tintindex":0},"down":{"uv":[4.0,4.0,0.0,8.0],"rotation":0,"texture":"#1","tintindex":0}}}],"textures":{"1":"dragonien:entity/front"},"display":{"head":{"translation":[0.0,-6.4,4.9774933],"scale":[4.0,4.0,4.0]}}}