{"textures":{"1":"dragonien:entity/front"},"elements":[{"from":[7.95534,7.3125,5.2103252],"to":[19.955341,12.3125,10.210325],"faces":{"east":{"uv":[6.5,5.0,5.25,6.25],"tintindex":0,"rotation":0,"texture":"#1"},"south":{"uv":[7.0,1.25,4.0,2.5],"tintindex":0,"rotation":0,"texture":"#1"},"north":{"uv":[7.0,0.0,4.0,1.25],"tintindex":0,"rotation":0,"texture":"#1"},"west":{"uv":[5.25,5.0,4.0,6.25],"tintindex":0,"rotation":0,"texture":"#1"},"up":{"uv":[4.0,3.75,7.0,2.5],"tintindex":0,"rotation":0,"texture":"#1"},"down":{"uv":[4.0,3.75,7.0,5.0],"tintindex":0,"rotation":0,"texture":"#1"}},"rotation":{"origin":[7.78199,9.8125,7.8388247],"angle":-22.5,"axis":"y"}},{"from":[6.76094,9.3125,15.550184],"to":[7.76094,10.3125,21.550184],"faces":{"east":{"uv":[8.0,5.25,6.5,5.5],"tintindex":0,"rotation":0,"texture":"#1"},"south":{"uv":[6.25,6.75,6.0,7.0],"tintindex":0,"rotation":0,"texture":"#1"},"north":{"uv":[6.75,6.0,6.5,6.25],"tintindex":0,"rotation":0,"texture":"#1"},"west":{"uv":[8.0,5.0,6.5,5.25],"tintindex":0,"rotation":0,"texture":"#1"},"up":{"uv":[5.0,8.25,5.25,6.75],"tintindex":0,"rotation":0,"texture":"#1"},"down":{"uv":[5.25,6.75,5.5,8.25],"tintindex":0,"rotation":0,"texture":"#1"}},"rotation":{"origin":[6.16094,9.8125,18.248024],"angle":-45.0,"axis":"y"}},{"from":[6.53199,9.5625,14.088825],"to":[22.53199,9.5625,30.088825],"faces":{"up":{"uv":[0.0,4.0,4.0,0.0],"tintindex":0,"rotation":0,"texture":"#1"},"down":{"uv":[0.0,4.0,4.0,8.0],"tintindex":0,"rotation":0,"texture":"#1"}},"rotation":{"origin":[20.53199,7.3125,14.088825],"angle":-22.5,"axis":"y"}},{"from":[8.67787,8.8125,12.173775],"to":[10.67787,10.8125,18.173775],"faces":{"east":{"uv":[7.0,6.25,5.5,6.75],"tintindex":0,"rotation":0,"texture":"#1"},"south":{"uv":[6.0,6.75,5.5,7.25],"tintindex":0,"rotation":0,"texture":"#1"},"north":{"uv":[7.0,5.5,6.5,6.0],"tintindex":0,"rotation":0,"texture":"#1"},"west":{"uv":[5.5,6.25,4.0,6.75],"tintindex":0,"rotation":0,"texture":"#1"},"up":{"uv":[4.0,8.25,4.5,6.75],"tintindex":0,"rotation":0,"texture":"#1"},"down":{"uv":[4.5,6.75,5.0,8.25],"tintindex":0,"rotation":0,"texture":"#1"}},"rotation":{"origin":[11.453715,11.3125,15.173775],"angle":-22.5,"axis":"y"}}],"display":{"gui":{"rotation":[30,225,0]}}}