{"elements":[{"from":[7.94896,7.214286,3.5674267],"to":[21.663246,12.928572,9.281713],"rotation":{"angle":-22.5,"axis":"y","origin":[7.750846,10.071428,6.5714264]},"faces":{"east":{"uv":[6.5,5.0,5.25,6.25],"rotation":0,"texture":"#1","tintindex":0},"south":{"uv":[7.0,1.25,4.0,2.5],"rotation":0,"texture":"#1","tintindex":0},"north":{"uv":[7.0,0.0,4.0,1.25],"rotation":0,"texture":"#1","tintindex":0},"west":{"uv":[5.25,5.0,4.0,6.25],"rotation":0,"texture":"#1","tintindex":0},"up":{"uv":[4.0,3.75,7.0,2.5],"rotation":0,"texture":"#1","tintindex":0},"down":{"uv":[4.0,3.75,7.0,5.0],"rotation":0,"texture":"#1","tintindex":0}}},{"from":[8.774709,8.928572,11.525656],"to":[11.060423,11.214286,18.382797],"rotation":{"angle":-22.5,"axis":"y","origin":[11.9471035,11.785714,14.954227]},"faces":{"east":{"uv":[7.0,6.25,5.5,6.75],"rotation":0,"texture":"#1","tintindex":0},"south":{"uv":[6.0,6.75,5.5,7.25],"rotation":0,"texture":"#1","tintindex":0},"north":{"uv":[7.0,5.5,6.5,6.0],"rotation":0,"texture":"#1","tintindex":0},"west":{"uv":[5.5,6.25,4.0,6.75],"rotation":0,"texture":"#1","tintindex":0},"up":{"uv":[4.0,8.25,4.5,6.75],"rotation":0,"texture":"#1","tintindex":0},"down":{"uv":[4.5,6.75,5.0,8.25],"rotation":0,"texture":"#1","tintindex":0}}},{"from":[6.5839314,9.5,15.38441],"to":[7.7267885,10.642858,22.241554],"rotation":{"angle":-45.0,"axis":"y","origin":[5.898217,10.071428,18.467655]},"faces":{"east":{"uv":[8.0,5.25,6.5,5.5],"rotation":0,"texture":"#1","tintindex":0},"south":{"uv":[6.25,6.75,6.0,7.0],"rotation":0,"texture":"#1","tintindex":0},"north":{"uv":[6.75,6.0,6.5,6.25],"rotation":0,"texture":"#1","tintindex":0},"west":{"uv":[8.0,5.0,6.5,5.25],"rotation":0,"texture":"#1","tintindex":0},"up":{"uv":[5.0,8.25,5.25,6.75],"rotation":0,"texture":"#1","tintindex":0},"down":{"uv":[5.25,6.75,5.5,8.25],"rotation":0,"texture":"#1","tintindex":0}}},{"from":[6.322274,9.785714,13.714285],"to":[24.60799,9.785714,32.0],"rotation":{"angle":-22.5,"axis":"y","origin":[22.322275,7.214286,13.714285]},"faces":{"east":{"uv":[4.0,0.0,0.0,0.0],"rotation":0,"texture":"#1","tintindex":0},"south":{"uv":[4.0,0.0,0.0,0.0],"rotation":0,"texture":"#1","tintindex":0},"north":{"uv":[4.0,0.0,0.0,0.0],"rotation":0,"texture":"#1","tintindex":0},"west":{"uv":[4.0,0.0,0.0,0.0],"rotation":0,"texture":"#1","tintindex":0},"up":{"uv":[0.0,4.0,4.0,0.0],"rotation":0,"texture":"#1","tintindex":0},"down":{"uv":[0.0,4.0,4.0,8.0],"rotation":0,"texture":"#1","tintindex":0}}}],"textures":{"1":"dragonien:entity/front"},"display":{"head":{"translation":[0.0,-6.4,4.9774933],"scale":[4.0,4.0,4.0]}}}