{
	"credit": "Made by Dragoncraft000",
	"texture_size": [64, 64],
	"textures": {
		"0": "custom/vfx/hunter/arrow",
		"particle": "custom/vfx/hunter/arrow"
	},
	"elements": [
		{
			"from": [7, 3, 1],
			"to": [9, 5, 21],
			"rotation": {"angle": 0, "axis": "x", "origin": [7, 3, 1]},
			"faces": {
				"north": {"uv": [2.25, 0.75, 2.75, 1.25], "texture": "#0"},
				"east": {"uv": [4.5, 0.5, 5, 5.75], "rotation": 90, "texture": "#0"},
				"south": {"uv": [2.25, 0.75, 2.75, 1.25], "texture": "#0"},
				"west": {"uv": [5.5, 0.5, 6, 5.75], "rotation": 270, "texture": "#0"},
				"up": {"uv": [4, 0.5, 4.5, 5.75], "texture": "#0"},
				"down": {"uv": [5, 0.5, 5.5, 5.75], "rotation": 180, "texture": "#0"}
			}
		},
		{
			"from": [8, 0, -1],
			"to": [8, 8, 9],
			"rotation": {"angle": 0, "axis": "x", "origin": [0, -12, -3]},
			"faces": {
				"north": {"uv": [0, 0, 0, 2.5], "texture": "#0"},
				"east": {"uv": [2, 0, 0, 2.5], "rotation": 270, "texture": "#0"},
				"south": {"uv": [0, 0, 0, 2.5], "texture": "#0"},
				"west": {"uv": [0, 2.5, 2, 0], "rotation": 270, "texture": "#0"},
				"up": {"uv": [0, 2, 0, 0], "texture": "#0"},
				"down": {"uv": [0, 0, 0, 2], "texture": "#0"}
			}
		},
		{
			"from": [4, 4, -1],
			"to": [12, 4, 9],
			"rotation": {"angle": 0, "axis": "x", "origin": [0, -12, -3]},
			"faces": {
				"north": {"uv": [0, 0, 0, 2.5], "texture": "#0"},
				"east": {"uv": [2, 0, 0, 2], "rotation": 270, "texture": "#0"},
				"south": {"uv": [0, 0, 0, 2.5], "texture": "#0"},
				"west": {"uv": [0, 2.5, 2, 0], "rotation": 270, "texture": "#0"},
				"up": {"uv": [0, 2.5, 2, 0], "texture": "#0"},
				"down": {"uv": [0, 0, 2, 2.5], "texture": "#0"}
			}
		},
		{
			"from": [8, 0, 13],
			"to": [8, 8, 23],
			"rotation": {"angle": 0, "axis": "x", "origin": [0, -13, 11]},
			"faces": {
				"north": {"uv": [0, 0, 0, 2.5], "texture": "#0"},
				"east": {"uv": [2, 2.5, 4, 0], "rotation": 90, "texture": "#0"},
				"south": {"uv": [0, 0, 0, 2.5], "texture": "#0"},
				"west": {"uv": [2, 0, 4, 2.5], "rotation": 90, "texture": "#0"},
				"up": {"uv": [0, 2, 0, 0], "texture": "#0"},
				"down": {"uv": [0, 0, 0, 2], "texture": "#0"}
			}
		},
		{
			"from": [4, 4, 13],
			"to": [12, 4, 23],
			"rotation": {"angle": 0, "axis": "x", "origin": [0, -13, 11]},
			"faces": {
				"north": {"uv": [0, 0, 0, 2.5], "texture": "#0"},
				"east": {"uv": [2, 0, 4, 2.5], "texture": "#0"},
				"south": {"uv": [0, 0, 0, 2.5], "texture": "#0"},
				"west": {"uv": [2, 0, 4, 2.5], "rotation": 90, "texture": "#0"},
				"up": {"uv": [2, 2.5, 4, 0], "texture": "#0"},
				"down": {"uv": [4, 0, 2, 2.5], "texture": "#0"}
			}
		}
	],
	"display": {
		"head": {
			"translation": [0, -16, 0],
			"scale": [4, 4, 4]
		}
	}
}