{
	"credit": "Made by Dragoncraft000",
	"texture_size": [64, 64],
	"textures": {
		"0": "custom/vfx/hunter/arrow",
		"particle": "custom/vfx/hunter/arrow"
	},
	"elements": [
		{
			"from": [8, 6, 3],
			"to": [9, 7, 19],
			"rotation": {"angle": 0, "axis": "y", "origin": [7, 6, 3]},
			"faces": {
				"north": {"uv": [5, 0.5, 5.25, 0.75], "texture": "#0"},
				"east": {"uv": [4, 1, 4.25, 5], "rotation": 90, "texture": "#0"},
				"south": {"uv": [4.75, 0.5, 5, 0.75], "texture": "#0"},
				"west": {"uv": [4, 1, 4.25, 5], "rotation": 90, "texture": "#0"},
				"up": {"uv": [4, 1, 4.25, 5], "texture": "#0"},
				"down": {"uv": [4, 1.25, 4.25, 5.25], "texture": "#0"}
			}
		},
		{
			"from": [7, 6.5, 17],
			"to": [8, 6.5, 21],
			"rotation": {"angle": 0, "axis": "y", "origin": [6, 6.17778, 19]},
			"faces": {
				"north": {"uv": [0, 0, 0.25, 0], "texture": "#0"},
				"east": {"uv": [0, 0, 1, 0], "texture": "#0"},
				"south": {"uv": [0, 0, 0.25, 0], "texture": "#0"},
				"west": {"uv": [0, 0, 1, 0], "texture": "#0"},
				"up": {"uv": [4, 0, 4.25, 1], "rotation": 180, "texture": "#0"},
				"down": {"uv": [4, 0, 4.25, 1], "texture": "#0"}
			}
		},
		{
			"from": [8.5, 7, 17],
			"to": [8.5, 8, 21],
			"rotation": {"angle": 0, "axis": "y", "origin": [6, 7.17778, 19]},
			"faces": {
				"north": {"uv": [0, 0, 0.25, 0], "texture": "#0"},
				"east": {"uv": [5, 0.25, 5.25, 1.25], "rotation": 270, "texture": "#0"},
				"south": {"uv": [0, 0, 0.25, 0], "texture": "#0"},
				"west": {"uv": [4.5, 0.25, 4.75, 1.25], "rotation": 90, "texture": "#0"},
				"up": {"uv": [4, 0, 4.25, 1], "rotation": 180, "texture": "#0"},
				"down": {"uv": [4, 0, 4.25, 1], "texture": "#0"}
			}
		},
		{
			"from": [8.5, 5, 17],
			"to": [8.5, 6, 21],
			"rotation": {"angle": 0, "axis": "y", "origin": [6, 5.17778, 19]},
			"faces": {
				"north": {"uv": [0, 0, 0.25, 0], "texture": "#0"},
				"east": {"uv": [5, 0.25, 5.25, 1.25], "rotation": 270, "texture": "#0"},
				"south": {"uv": [0, 0, 0.25, 0], "texture": "#0"},
				"west": {"uv": [4.5, 0.25, 4.75, 1.25], "rotation": 90, "texture": "#0"},
				"up": {"uv": [4, 0, 4.25, 1], "rotation": 180, "texture": "#0"},
				"down": {"uv": [4, 0, 4.25, 1], "texture": "#0"}
			}
		},
		{
			"from": [9, 6.5, 17],
			"to": [10, 6.5, 21],
			"rotation": {"angle": 0, "axis": "y", "origin": [8, 6.53333, 19]},
			"faces": {
				"north": {"uv": [0, 0, 0.25, 0], "texture": "#0"},
				"east": {"uv": [0, 0, 1, 0], "texture": "#0"},
				"south": {"uv": [0, 0, 0.25, 0], "texture": "#0"},
				"west": {"uv": [0, 0, 1, 0], "texture": "#0"},
				"up": {"uv": [4, 0, 4.25, 1], "rotation": 180, "texture": "#0"},
				"down": {"uv": [4, 0, 4.25, 1], "texture": "#0"}
			}
		},
		{
			"from": [9, 6.5, 1],
			"to": [11, 6.5, 5],
			"rotation": {"angle": 0, "axis": "y", "origin": [8, 6.53333, 3]},
			"faces": {
				"north": {"uv": [0, 0, 0.25, 0], "texture": "#0"},
				"east": {"uv": [0, 0, 1, 0], "texture": "#0"},
				"south": {"uv": [0, 0, 0.25, 0], "texture": "#0"},
				"west": {"uv": [0, 0, 1, 0], "texture": "#0"},
				"up": {"uv": [2.25, 0.75, 2.75, 1.75], "rotation": 180, "texture": "#0"},
				"down": {"uv": [3.25, 0.75, 3.75, 1.75], "texture": "#0"}
			}
		},
		{
			"from": [8.5, 7, 1],
			"to": [8.5, 9, 5],
			"rotation": {"angle": 0, "axis": "y", "origin": [7, 6.53333, 3]},
			"faces": {
				"north": {"uv": [0, 0, 0.25, 0], "texture": "#0"},
				"east": {"uv": [3.25, 0.75, 3.75, 1.75], "rotation": 270, "texture": "#0"},
				"south": {"uv": [0, 0, 0.25, 0], "texture": "#0"},
				"west": {"uv": [2.25, 0.75, 2.75, 1.75], "rotation": 90, "texture": "#0"},
				"up": {"uv": [2.25, 0.75, 2.75, 1.75], "rotation": 180, "texture": "#0"},
				"down": {"uv": [3.25, 0.75, 3.75, 1.75], "texture": "#0"}
			}
		},
		{
			"from": [8.5, 4, 1],
			"to": [8.5, 6, 5],
			"rotation": {"angle": 0, "axis": "y", "origin": [7, 3.53333, 3]},
			"faces": {
				"north": {"uv": [0, 0, 0.25, 0], "texture": "#0"},
				"east": {"uv": [2.25, 0.75, 2.75, 1.75], "rotation": 270, "texture": "#0"},
				"south": {"uv": [0, 0, 0.25, 0], "texture": "#0"},
				"west": {"uv": [3.25, 0.75, 3.75, 1.75], "rotation": 90, "texture": "#0"},
				"up": {"uv": [2.25, 0.75, 2.75, 1.75], "rotation": 180, "texture": "#0"},
				"down": {"uv": [3.25, 0.75, 3.75, 1.75], "texture": "#0"}
			}
		},
		{
			"from": [6, 6.5, 1],
			"to": [8, 6.5, 5],
			"rotation": {"angle": 0, "axis": "y", "origin": [5, 6.53333, 3]},
			"faces": {
				"north": {"uv": [0, 0, 0.25, 0], "texture": "#0"},
				"east": {"uv": [0, 0, 1, 0], "texture": "#0"},
				"south": {"uv": [0, 0, 0.25, 0], "texture": "#0"},
				"west": {"uv": [0, 0, 1, 0], "texture": "#0"},
				"up": {"uv": [3.25, 0.75, 3.75, 1.75], "rotation": 180, "texture": "#0"},
				"down": {"uv": [2.25, 0.75, 2.75, 1.75], "texture": "#0"}
			}
		}
	],
	"display": {
		"head": {
			"translation": [0, -16, 0],
			"scale": [4, 4, 4]
		}
	}
}