{
	"credit": "Made by Dragoncraft000 for DragonienRPG",
	"texture_size": [48, 48],
	"textures": {
		"0": "custom/weapons/alchemist/starter_bottle",
		"particle": "custom/weapons/alchemist/starter_bottle"
	},
	"elements": [
		{
			"from": [4, 24, 4],
			"to": [12, 28, 12],
			"rotation": {"angle": 0, "axis": "x", "origin": [8, 28, -6]},
			"faces": {
				"north": {"uv": [8, 8, 9.33333, 10.66667], "rotation": 270, "texture": "#0"},
				"east": {"uv": [6.66667, 8, 8, 10.66667], "rotation": 270, "texture": "#0"},
				"south": {"uv": [9.33333, 10.66667, 8, 8], "rotation": 270, "texture": "#0"},
				"west": {"uv": [8, 8, 6.66667, 10.66667], "rotation": 90, "texture": "#0"},
				"up": {"uv": [5.33333, 8, 2.66667, 10.66667], "rotation": 180, "texture": "#0"},
				"down": {"uv": [2.66667, 8, 5.33333, 10.66667], "texture": "#0"}
			}
		},
		{
			"from": [4, 0, 4],
			"to": [12, 22, 12],
			"rotation": {"angle": 0, "axis": "x", "origin": [8, 4, 9]},
			"faces": {
				"north": {"uv": [0, 2.66667, 7.33333, 5.33333], "rotation": 270, "texture": "#0"},
				"east": {"uv": [0, 2.66667, 7.33333, 5.33333], "rotation": 270, "texture": "#0"},
				"south": {"uv": [0, 5.33333, 7.33333, 2.66667], "rotation": 270, "texture": "#0"},
				"west": {"uv": [7.33333, 2.66667, 0.33333, 5.33333], "rotation": 90, "texture": "#0"},
				"up": {"uv": [10, 5.33333, 7.33333, 8], "rotation": 180, "texture": "#0"},
				"down": {"uv": [7.33333, 5.33333, 10, 8], "texture": "#0"}
			}
		},
		{
			"from": [6, 22, 6],
			"to": [10, 24, 10],
			"rotation": {"angle": 0, "axis": "x", "origin": [8, 27, -3]},
			"faces": {
				"north": {"uv": [5.33333, 10.66667, 4.66667, 12], "rotation": 270, "texture": "#0"},
				"east": {"uv": [3.33333, 10.66667, 4, 12], "rotation": 270, "texture": "#0"},
				"south": {"uv": [4.66667, 12, 4, 10.66667], "rotation": 270, "texture": "#0"},
				"west": {"uv": [2.66667, 10.66667, 3.33333, 12], "rotation": 90, "texture": "#0"},
				"up": {"uv": [10, 5.33333, 11.33333, 6.66667], "rotation": 180, "texture": "#0"},
				"down": {"uv": [10, 6.66667, 11.33333, 8], "texture": "#0"}
			}
		},
		{
			"from": [6, 28, 6],
			"to": [10, 30, 10],
			"rotation": {"angle": 0, "axis": "x", "origin": [8, 30, 7]},
			"faces": {
				"north": {"uv": [2.66667, 10.66667, 2, 12], "rotation": 270, "texture": "#0"},
				"east": {"uv": [0.66667, 10.66667, 1.33333, 12], "rotation": 270, "texture": "#0"},
				"south": {"uv": [2, 12, 1.33333, 10.66667], "rotation": 270, "texture": "#0"},
				"west": {"uv": [0, 10.66667, 0.66667, 12], "rotation": 90, "texture": "#0"},
				"up": {"uv": [10, 2.66667, 11.33333, 4], "rotation": 180, "texture": "#0"},
				"down": {"uv": [10, 4, 11.33333, 5.33333], "texture": "#0"}
			}
		}
	],
	"display": {
		"thirdperson_righthand": {
			"translation": [0, -2.25, 2],
			"scale": [0.4, 0.4, 0.4]
		},
		"thirdperson_lefthand": {
			"translation": [0, -2.25, 2],
			"scale": [0.4, 0.4, 0.4]
		},
		"firstperson_righthand": {
			"translation": [2, -3, 0],
			"scale": [0.5, 0.5, 0.5]
		},
		"firstperson_lefthand": {
			"translation": [2, -3, 0],
			"scale": [0.5, 0.5, 0.5]
		},
		"ground": {
			"scale": [0.5, 0.5, 0.5]
		},
		"gui": {
			"rotation": [0, 0, -45],
			"translation": [-3, -3, 0],
			"scale": [0.7, 0.7, 0.7]
		},
		"fixed": {
			"rotation": [0, 0, 45],
			"translation": [4, -4, 0]
		}
	},
	"groups": [
		{
			"name": "group",
			"origin": [8, 4, -9],
			"color": 0,
			"nbt": "{}",
			"children": [0, 1, 2, 3]
		}
	]
}