{"textures":{"0":"dragonien:entity/chest_3"},"elements":[{"from":[1.0,8.0,2.0],"to":[14.0,14.0,14.0],"faces":{"east":{"uv":[14.0,8.0,10.0,10.0],"tintindex":0,"rotation":0,"texture":"#0"},"south":{"uv":[9.333334,6.0,13.666667,8.0],"tintindex":0,"rotation":0,"texture":"#0"},"north":{"uv":[9.333334,4.0,13.666667,6.0],"tintindex":0,"rotation":0,"texture":"#0"},"west":{"uv":[10.0,8.0,14.0,10.0],"tintindex":0,"rotation":0,"texture":"#0"},"up":{"uv":[9.333334,4.0,5.0,0.0],"tintindex":0,"rotation":0,"texture":"#0"},"down":{"uv":[9.333334,4.0,13.666667,6.0],"tintindex":0,"rotation":0,"texture":"#0"}}}],"display":{"gui":{"rotation":[30,225,0]}}}