{
	"credit": "Made by Dragoncraft000",
	"texture_size": [32, 32],
	"textures": {
		"2": "custom/weapons/schuetze/adventurer_bow",
		"particle": "custom/weapons/schuetze/adventurer_bow"
	},
	"elements": [
		{
			"from": [7, 5.75, 7],
			"to": [9, 13.75, 9],
			"rotation": {"angle": 0, "axis": "y", "origin": [14.01, 7.24, 7.99]},
			"faces": {
				"north": {"uv": [1, 4, 2, 8], "texture": "#2"},
				"east": {"uv": [2, 4, 3, 8], "texture": "#2"},
				"south": {"uv": [3, 4, 4, 8], "texture": "#2"},
				"west": {"uv": [4, 4, 5, 8], "texture": "#2"},
				"up": {"uv": [9, 7, 8, 6], "texture": "#2"},
				"down": {"uv": [10, 9, 9, 10], "texture": "#2"}
			}
		},
		{
			"from": [6.999, 13.749, 6.999],
			"to": [9.001, 19.751, 9.001],
			"rotation": {"angle": -22.5, "axis": "z", "origin": [7, 13.75, 8]},
			"faces": {
				"north": {"uv": [5, 4, 6, 7], "texture": "#2"},
				"east": {"uv": [6, 4, 7, 7], "texture": "#2"},
				"south": {"uv": [7, 4, 8, 7], "texture": "#2"},
				"west": {"uv": [5, 7, 6, 10], "texture": "#2"},
				"up": {"uv": [10.5, 4, 9.5, 3], "texture": "#2"},
				"down": {"uv": [6, 10, 5, 11], "texture": "#2"}
			}
		},
		{
			"from": [9.29556, 0.20542, 7],
			"to": [15.29556, 2.20542, 9],
			"rotation": {"angle": -45, "axis": "z", "origin": [9.29556, 0.20542, 8.001]},
			"faces": {
				"north": {"uv": [6, 7, 9, 8], "texture": "#2"},
				"east": {"uv": [10, 6, 11, 7], "texture": "#2"},
				"south": {"uv": [1, 8, 4, 9], "texture": "#2"},
				"west": {"uv": [10, 7, 11, 8], "texture": "#2"},
				"up": {"uv": [11, 5, 8, 4], "texture": "#2"},
				"down": {"uv": [11, 5, 8, 6], "texture": "#2"}
			}
		},
		{
			"from": [6.999, -0.251, 6.999],
			"to": [9.001, 5.751, 9.001],
			"rotation": {"angle": 22.5, "axis": "z", "origin": [7, 5.75, 8]},
			"faces": {
				"north": {"uv": [4, 8, 5, 11], "texture": "#2"},
				"east": {"uv": [6, 8, 7, 11], "texture": "#2"},
				"south": {"uv": [7, 8, 8, 11], "texture": "#2"},
				"west": {"uv": [8, 8, 9, 11], "texture": "#2"},
				"up": {"uv": [11, 9, 10, 8], "texture": "#2"},
				"down": {"uv": [10, 10, 9, 11], "texture": "#2"}
			}
		},
		{
			"from": [9.29556, 19.29458, 7],
			"to": [11.29556, 25.29458, 9],
			"rotation": {"angle": -45, "axis": "z", "origin": [9.29556, 19.29458, 8.001]},
			"faces": {
				"north": {"uv": [1, 9, 2, 12], "texture": "#2"},
				"east": {"uv": [2, 9, 3, 12], "texture": "#2"},
				"south": {"uv": [3, 9, 4, 12], "texture": "#2"},
				"west": {"uv": [9, 6, 10, 9], "texture": "#2"},
				"up": {"uv": [11, 10, 10, 9], "texture": "#2"},
				"down": {"uv": [11, 10, 10, 11], "texture": "#2"}
			}
		},
		{
			"name": "string-low",
			"from": [13.45241, -2.62301, 8.002],
			"to": [14.45241, 10.37699, 8.002],
			"rotation": {"angle": 0, "axis": "y", "origin": [13.95241, -2.12301, 8.002]},
			"faces": {
				"north": {"uv": [0, 5, 0.5, 11.5], "texture": "#2"},
				"east": {"uv": [0, 0, 0, 8.5], "texture": "#2"},
				"south": {"uv": [0.5, 3, 1, 9.5], "texture": "#2"},
				"west": {"uv": [0, 0, 0, 8.5], "texture": "#2"},
				"up": {"uv": [0.5, 0, 0, 0], "texture": "#2"},
				"down": {"uv": [0.5, 0, 0, 0], "texture": "#2"}
			}
		},
		{
			"name": "string-high",
			"from": [13.45241, 9.12301, 8.001],
			"to": [14.45241, 22.12301, 8.001],
			"rotation": {"angle": 0, "axis": "y", "origin": [13.95241, 21.62301, 8.001]},
			"faces": {
				"north": {"uv": [1, 3, 7.5, 3.5], "rotation": 270, "texture": "#2"},
				"east": {"uv": [8.5, 0, 0, 0], "rotation": 90, "texture": "#2"},
				"south": {"uv": [3, 3.5, 9.5, 4], "rotation": 90, "texture": "#2"},
				"west": {"uv": [8.5, 0, 0, 0], "rotation": 90, "texture": "#2"},
				"up": {"uv": [0, 0, 0, 0.5], "rotation": 90, "texture": "#2"},
				"down": {"uv": [0, 0, 0, 0.5], "rotation": 90, "texture": "#2"}
			}
		}
	],
	"gui_light": "front",
	"display": {
		"thirdperson_righthand": {
			"rotation": [-30, -95, -30],
			"translation": [0, -0.75, 1.25],
			"scale": [0.6, 0.6, 0.6]
		},
		"thirdperson_lefthand": {
			"rotation": [30, 85, -30],
			"translation": [-1, -0.75, 1.25],
			"scale": [0.6, 0.6, 0.6]
		},
		"firstperson_righthand": {
			"rotation": [15, -90, 0],
			"translation": [0, 2.5, 0.25],
			"scale": [0.6, 0.6, 0.6]
		},
		"firstperson_lefthand": {
			"rotation": [15, 90, 0],
			"translation": [0, 2.5, 0.25],
			"scale": [0.6, 0.6, 0.6]
		},
		"ground": {
			"rotation": [0, 0, -45],
			"translation": [0, 9, 0],
			"scale": [0.5, 0.5, 0.5]
		},
		"gui": {
			"rotation": [0, 0, -45],
			"translation": [-2.75, 1.5, -0.75],
			"scale": [0.6, 0.6, 0.6]
		},
		"head": {
			"rotation": [0, 0, -90],
			"translation": [-1, 9, 0.75],
			"scale": [0.6, 0.6, 0.6]
		},
		"fixed": {
			"rotation": [0, 0, -135],
			"translation": [1.5, 3.25, -0.75],
			"scale": [0.7, 0.7, 0.7]
		}
	},
	"groups": [
		{
			"name": "bow",
			"origin": [8, 8, 8],
			"color": 0,
			"nbt": "{}",
			"children": [
				{
					"name": "bow",
					"origin": [8, 8, 8],
					"color": 0,
					"nbt": "{}",
					"children": [
						{
							"name": "pommel",
							"origin": [8, 8, 8],
							"color": 0,
							"nbt": "{}",
							"children": []
						},
						{
							"name": "grip",
							"origin": [8, 8, 8],
							"color": 0,
							"nbt": "{}",
							"children": [
								{
									"name": "handle",
									"origin": [8, 8, 8],
									"color": 0,
									"nbt": "{}",
									"children": []
								}
							]
						},
						{
							"name": "guard",
							"origin": [8, 8, 8],
							"color": 0,
							"nbt": "{}",
							"children": [
								{
									"name": "cross-guard",
									"origin": [8, 8, 8],
									"color": 0,
									"nbt": "{}",
									"children": [
										{
											"name": "blade",
											"origin": [8, 8, 8],
											"color": 0,
											"nbt": "{}",
											"children": [0, 1, 2, 3, 4]
										}
									]
								}
							]
						}
					]
				},
				{
					"name": "string",
					"origin": [8, 8, 8],
					"color": 0,
					"nbt": "{}",
					"children": [5, 6]
				}
			]
		}
	]
}