{
	"credit": "Made by Dragoncraft000",
	"texture_size": [192, 192],
	"textures": {
		"0": "custom/vfx/assassin/shift/vanish",
		"particle": "custom/vfx/assassin/shift/vanish"
	},
	"elements": [
		{
			"from": [-16, 0, -16],
			"to": [32, 0, 32],
			"faces": {
				"north": {"uv": [0, 0, 16, 0], "texture": "#missing"},
				"east": {"uv": [0, 0, 16, 0], "texture": "#missing"},
				"south": {"uv": [0, 0, 16, 0], "texture": "#missing"},
				"west": {"uv": [0, 0, 16, 0], "texture": "#missing"},
				"up": {"uv": [10.66667, 5.33333, 16, 10.66667], "texture": "#0"},
				"down": {"uv": [10.66667, 10.66667, 16, 5.33333], "texture": "#0"}
			}
		}
	],
	"groups": [
		{
			"name": "6",
			"origin": [0, 0, 0],
			"color": 0,
			"children": [0]
		}
	]
}