{
	"credit": "Made by Dragoncraft000",
	"ambientocclusion": false,
	"textures": {
		"0": "custom/customgui/icons/quest_done",
		"particle": "custom/customgui/icons/quest_done"
	},
	"elements": [
		{
			"name": "quest_done_0",
			"from": [8, 3, 7],
			"to": [11, 15, 8],
			"faces": {
				"north": {"uv": [11, 1, 8, 13], "texture": "#0"},
				"east": {"uv": [10, 1, 11, 13], "texture": "#0"},
				"south": {"uv": [8, 1, 11, 13], "texture": "#0"},
				"west": {"uv": [8, 1, 9, 13], "texture": "#0"},
				"up": {"uv": [8, 1, 11, 2], "texture": "#0"},
				"down": {"uv": [8, 12, 11, 13], "texture": "#0"}
			}
		},
		{
			"name": "quest_done_1",
			"from": [6, 1, 7],
			"to": [8, 14, 8],
			"faces": {
				"north": {"uv": [8, 2, 6, 15], "texture": "#0"},
				"east": {"uv": [7, 2, 8, 15], "texture": "#0"},
				"south": {"uv": [6, 2, 8, 15], "texture": "#0"},
				"west": {"uv": [6, 2, 7, 15], "texture": "#0"},
				"up": {"uv": [6, 2, 8, 3], "texture": "#0"},
				"down": {"uv": [6, 14, 8, 15], "texture": "#0"}
			}
		},
		{
			"name": "quest_done_2",
			"from": [11, 4, 7],
			"to": [13, 14, 8],
			"faces": {
				"north": {"uv": [13, 2, 11, 12], "texture": "#0"},
				"east": {"uv": [12, 2, 13, 12], "texture": "#0"},
				"south": {"uv": [11, 2, 13, 12], "texture": "#0"},
				"west": {"uv": [11, 2, 12, 12], "texture": "#0"},
				"up": {"uv": [11, 2, 13, 3], "texture": "#0"},
				"down": {"uv": [11, 11, 13, 12], "texture": "#0"}
			}
		},
		{
			"name": "quest_done_3",
			"from": [4, 2, 7],
			"to": [6, 13, 8],
			"faces": {
				"north": {"uv": [6, 3, 4, 14], "texture": "#0"},
				"east": {"uv": [5, 3, 6, 14], "texture": "#0"},
				"south": {"uv": [4, 3, 6, 14], "texture": "#0"},
				"west": {"uv": [4, 3, 5, 14], "texture": "#0"},
				"up": {"uv": [4, 3, 6, 4], "texture": "#0"},
				"down": {"uv": [4, 13, 6, 14], "texture": "#0"}
			}
		},
		{
			"name": "quest_done_4",
			"from": [13, 4, 7],
			"to": [14, 13, 8],
			"faces": {
				"north": {"uv": [14, 3, 13, 12], "texture": "#0"},
				"east": {"uv": [13, 3, 14, 12], "texture": "#0"},
				"south": {"uv": [13, 3, 14, 12], "texture": "#0"},
				"west": {"uv": [13, 3, 14, 12], "texture": "#0"},
				"up": {"uv": [13, 3, 14, 4], "texture": "#0"},
				"down": {"uv": [13, 11, 14, 12], "texture": "#0"}
			}
		},
		{
			"name": "quest_done_5",
			"from": [2, 4, 7],
			"to": [4, 12, 8],
			"faces": {
				"north": {"uv": [4, 4, 2, 12], "texture": "#0"},
				"east": {"uv": [3, 4, 4, 12], "texture": "#0"},
				"south": {"uv": [2, 4, 4, 12], "texture": "#0"},
				"west": {"uv": [2, 4, 3, 12], "texture": "#0"},
				"up": {"uv": [2, 4, 4, 5], "texture": "#0"},
				"down": {"uv": [2, 11, 4, 12], "texture": "#0"}
			}
		},
		{
			"name": "quest_done_6",
			"from": [14, 5, 7],
			"to": [15, 12, 8],
			"faces": {
				"north": {"uv": [15, 4, 14, 11], "texture": "#0"},
				"east": {"uv": [14, 4, 15, 11], "texture": "#0"},
				"south": {"uv": [14, 4, 15, 11], "texture": "#0"},
				"west": {"uv": [14, 4, 15, 11], "texture": "#0"},
				"up": {"uv": [14, 4, 15, 5], "texture": "#0"},
				"down": {"uv": [14, 10, 15, 11], "texture": "#0"}
			}
		},
		{
			"name": "quest_done_7",
			"from": [0, 6, 7],
			"to": [2, 11, 8],
			"faces": {
				"north": {"uv": [2, 5, 0, 10], "texture": "#0"},
				"east": {"uv": [1, 5, 2, 10], "texture": "#0"},
				"south": {"uv": [0, 5, 2, 10], "texture": "#0"},
				"west": {"uv": [0, 5, 1, 10], "texture": "#0"},
				"up": {"uv": [0, 5, 2, 6], "texture": "#0"},
				"down": {"uv": [0, 9, 2, 10], "texture": "#0"}
			}
		},
		{
			"name": "quest_done_8",
			"from": [15, 9, 7],
			"to": [16, 10, 8],
			"faces": {
				"north": {"uv": [16, 6, 15, 7], "texture": "#0"},
				"east": {"uv": [15, 6, 16, 7], "texture": "#0"},
				"south": {"uv": [15, 6, 16, 7], "texture": "#0"},
				"west": {"uv": [15, 6, 16, 7], "texture": "#0"},
				"up": {"uv": [15, 6, 16, 7], "texture": "#0"},
				"down": {"uv": [15, 6, 16, 7], "texture": "#0"}
			}
		},
		{
			"name": "quest_done_9",
			"from": [15, 5, 7],
			"to": [16, 7, 8],
			"faces": {
				"north": {"uv": [16, 9, 15, 11], "texture": "#0"},
				"east": {"uv": [15, 9, 16, 11], "texture": "#0"},
				"south": {"uv": [15, 9, 16, 11], "texture": "#0"},
				"west": {"uv": [15, 9, 16, 11], "texture": "#0"},
				"up": {"uv": [15, 9, 16, 10], "texture": "#0"},
				"down": {"uv": [15, 10, 16, 11], "texture": "#0"}
			}
		},
		{
			"name": "quest_done_10",
			"from": [1, 5, 7],
			"to": [2, 6, 8],
			"faces": {
				"north": {"uv": [2, 10, 1, 11], "texture": "#0"},
				"east": {"uv": [1, 10, 2, 11], "texture": "#0"},
				"south": {"uv": [1, 10, 2, 11], "texture": "#0"},
				"west": {"uv": [1, 10, 2, 11], "texture": "#0"},
				"up": {"uv": [1, 10, 2, 11], "texture": "#0"},
				"down": {"uv": [1, 10, 2, 11], "texture": "#0"}
			}
		},
		{
			"name": "quest_done_11",
			"from": [3, 3, 7],
			"to": [4, 4, 8],
			"faces": {
				"north": {"uv": [4, 12, 3, 13], "texture": "#0"},
				"east": {"uv": [3, 12, 4, 13], "texture": "#0"},
				"south": {"uv": [3, 12, 4, 13], "texture": "#0"},
				"west": {"uv": [3, 12, 4, 13], "texture": "#0"},
				"up": {"uv": [3, 12, 4, 13], "texture": "#0"},
				"down": {"uv": [3, 12, 4, 13], "texture": "#0"}
			}
		},
		{
			"name": "quest_done_12",
			"from": [11, 3, 7],
			"to": [12, 4, 8],
			"faces": {
				"north": {"uv": [12, 12, 11, 13], "texture": "#0"},
				"east": {"uv": [11, 12, 12, 13], "texture": "#0"},
				"south": {"uv": [11, 12, 12, 13], "texture": "#0"},
				"west": {"uv": [11, 12, 12, 13], "texture": "#0"},
				"up": {"uv": [11, 12, 12, 13], "texture": "#0"},
				"down": {"uv": [11, 12, 12, 13], "texture": "#0"}
			}
		},
		{
			"name": "quest_done_13",
			"from": [8, 2, 7],
			"to": [10, 3, 8],
			"faces": {
				"north": {"uv": [10, 13, 8, 14], "texture": "#0"},
				"east": {"uv": [9, 13, 10, 14], "texture": "#0"},
				"south": {"uv": [8, 13, 10, 14], "texture": "#0"},
				"west": {"uv": [8, 13, 9, 14], "texture": "#0"},
				"up": {"uv": [8, 13, 10, 14], "texture": "#0"},
				"down": {"uv": [8, 13, 10, 14], "texture": "#0"}
			}
		},
		{
			"name": "quest_done_14",
			"from": [5, 1, 7],
			"to": [6, 2, 8],
			"faces": {
				"north": {"uv": [6, 14, 5, 15], "texture": "#0"},
				"east": {"uv": [5, 14, 6, 15], "texture": "#0"},
				"south": {"uv": [5, 14, 6, 15], "texture": "#0"},
				"west": {"uv": [5, 14, 6, 15], "texture": "#0"},
				"up": {"uv": [5, 14, 6, 15], "texture": "#0"},
				"down": {"uv": [5, 14, 6, 15], "texture": "#0"}
			}
		}
	],
	"gui_light": "front",
	"display": {
		"fixed": {
			"rotation": [0, 180, 0]
		}
	},
	"groups": [
		{
			"name": "quest_done",
			"origin": [8, 8, 8],
			"color": 0,
			"nbt": "{}",
			"children": [0, 1, 2, 3, 4, 5, 6, 7, 8, 9, 10, 11, 12, 13, 14]
		}
	]
}