{
	"credit": "Made by Dragoncraft000",
	"texture_size": [32, 32],
	"textures": {
		"1": "block/stone",
		"particle": "block/stone"
	},
	"elements": [
		{
			"from": [7, 4, 5],
			"to": [9, 16, 7],
			"faces": {
				"north": {"uv": [6, 7, 7, 13], "texture": "#1"},
				"east": {"uv": [7, 7, 8, 13], "texture": "#1"},
				"west": {"uv": [8, 0, 9, 6], "texture": "#1"},
				"up": {"uv": [11, 11, 10, 10], "texture": "#1", "cullface": "up"},
				"down": {"uv": [12, 0, 11, 1], "texture": "#1"}
			}
		},
		{
			"from": [7, 2, 9],
			"to": [9, 16, 11],
			"faces": {
				"east": {"uv": [7, 0, 8, 7], "texture": "#1"},
				"south": {"uv": [4, 7, 5, 14], "texture": "#1", "cullface": "south"},
				"west": {"uv": [5, 7, 6, 14], "texture": "#1"},
				"up": {"uv": [12, 11, 11, 10], "texture": "#1", "cullface": "up"},
				"down": {"uv": [12, 11, 11, 12], "texture": "#1"}
			}
		},
		{
			"from": [5, 6, 9],
			"to": [7, 14, 11],
			"faces": {
				"south": {"uv": [3, 9, 4, 13], "texture": "#1", "cullface": "south"},
				"west": {"uv": [9, 6, 10, 10], "texture": "#1"},
				"up": {"uv": [13, 1, 12, 0], "texture": "#1"},
				"down": {"uv": [13, 1, 12, 2], "texture": "#1"}
			}
		},
		{
			"from": [9, 4, 9],
			"to": [11, 12, 11],
			"faces": {
				"east": {"uv": [10, 0, 11, 4], "texture": "#1"},
				"south": {"uv": [10, 4, 11, 8], "texture": "#1", "cullface": "south"},
				"up": {"uv": [13, 3, 12, 2], "texture": "#1"},
				"down": {"uv": [13, 3, 12, 4], "texture": "#1"}
			}
		},
		{
			"from": [7, 0, 7],
			"to": [9, 18, 9],
			"faces": {
				"north": {"uv": [0, 0, 1, 9], "texture": "#1"},
				"east": {"uv": [1, 0, 2, 9], "texture": "#1"},
				"south": {"uv": [2, 0, 3, 9], "texture": "#1"},
				"west": {"uv": [3, 0, 4, 9], "texture": "#1"},
				"up": {"uv": [12, 6, 11, 5], "texture": "#1", "cullface": "up"},
				"down": {"uv": [12, 6, 11, 7], "texture": "#1", "cullface": "down"}
			}
		},
		{
			"from": [5, 4, 7],
			"to": [7, 16, 9],
			"faces": {
				"north": {"uv": [8, 6, 9, 12], "texture": "#1"},
				"south": {"uv": [0, 9, 1, 15], "texture": "#1"},
				"west": {"uv": [9, 0, 10, 6], "texture": "#1"},
				"up": {"uv": [12, 8, 11, 7], "texture": "#1", "cullface": "up"},
				"down": {"uv": [12, 8, 11, 9], "texture": "#1"}
			}
		},
		{
			"from": [9, 2, 7],
			"to": [11, 16, 9],
			"faces": {
				"north": {"uv": [4, 0, 5, 7], "texture": "#1"},
				"east": {"uv": [5, 0, 6, 7], "texture": "#1"},
				"south": {"uv": [6, 0, 7, 7], "texture": "#1"},
				"up": {"uv": [12, 10, 11, 9], "texture": "#1", "cullface": "up"},
				"down": {"uv": [11, 11, 10, 12], "texture": "#1"}
			}
		},
		{
			"from": [9, 6, 5],
			"to": [11, 14, 7],
			"faces": {
				"north": {"uv": [1, 9, 2, 13], "texture": "#1"},
				"east": {"uv": [2, 9, 3, 13], "texture": "#1"},
				"up": {"uv": [12, 2, 11, 1], "texture": "#1"},
				"down": {"uv": [12, 2, 11, 3], "texture": "#1"}
			}
		},
		{
			"from": [5, 8, 5],
			"to": [7, 12, 7],
			"faces": {
				"north": {"uv": [10, 8, 11, 10], "texture": "#1"},
				"west": {"uv": [9, 10, 10, 12], "texture": "#1"},
				"up": {"uv": [12, 4, 11, 3], "texture": "#1"},
				"down": {"uv": [12, 4, 11, 5], "texture": "#1"}
			}
		}
	],
	"display": {
		"thirdperson_righthand": {
			"scale": [0.5, 0.5, 0.5]
		},
		"thirdperson_lefthand": {
			"scale": [0.5, 0.5, 0.5]
		},
		"firstperson_righthand": {
			"translation": [2.25, 0, 0],
			"scale": [0.5, 0.5, 0.5]
		},
		"firstperson_lefthand": {
			"translation": [3.5, 0, 0],
			"scale": [0.5, 0.5, 0.5]
		},
		"ground": {
			"scale": [0.75, 0.75, 0.75]
		},
		"gui": {
			"rotation": [0, 30, 0]
		},
		"head": {
			"translation": [0, -0.25, 0]
		},
		"fixed": {
			"rotation": [0, 0, -45],
			"translation": [0, 0, -1.75]
		}
	},
	"groups": [
		{
			"name": "Soulstone",
			"origin": [0, 0, 0],
			"color": 0,
			"children": [0, 1, 2, 3, 4, 5, 6, 7, 8]
		}
	]
}