{"elements":[{"from":[4.0,3.4285712,4.5714283],"to":[12.0,8.0,11.428572],"rotation":{"angle":0.0,"axis":"y","origin":[8.0,1.1428566,8.0]},"faces":{"east":{"uv":[6.666667,8.833334,8.666667,10.166667],"rotation":0,"texture":"#0","tintindex":0},"south":{"uv":[13.0,8.833334,15.333334,10.166667],"rotation":0,"texture":"#0","tintindex":0},"north":{"uv":[8.666667,8.833334,11.0,10.166667],"rotation":0,"texture":"#0","tintindex":0},"west":{"uv":[11.0,8.833334,13.0,10.166667],"rotation":0,"texture":"#0","tintindex":0},"up":{"uv":[11.0,8.833334,8.666667,6.8333335],"rotation":0,"texture":"#0","tintindex":0},"down":{"uv":[13.333334,6.8333335,11.0,8.833334],"rotation":0,"texture":"#0","tintindex":0}}},{"from":[1.1428566,8.0,2.2857141],"to":[14.857143,15.428572,13.714286],"rotation":{"angle":0.0,"axis":"y","origin":[8.0,8.0,8.0]},"faces":{"east":{"uv":[0.0,3.3333335,3.3333335,5.5],"rotation":0,"texture":"#0","tintindex":0},"south":{"uv":[10.666667,3.3333335,14.666667,5.5],"rotation":0,"texture":"#0","tintindex":0},"north":{"uv":[3.3333335,3.3333335,7.3333335,5.5],"rotation":0,"texture":"#0","tintindex":0},"west":{"uv":[7.3333335,3.3333335,10.666667,5.5],"rotation":0,"texture":"#0","tintindex":0},"up":{"uv":[7.3333335,3.3333335,3.3333335,0.0],"rotation":0,"texture":"#0","tintindex":0},"down":{"uv":[11.333334,0.0,7.3333335,3.3333335],"rotation":0,"texture":"#0","tintindex":0}}}],"textures":{"0":"dragonien:entity/giftpilz"},"display":{"head":{"translation":[0.0,-6.4,0.0],"scale":[4.0,4.0,4.0]}}}