{"textures":{"0":"dragonien:entity/giftpilz"},"elements":[{"from":[1.0,0.0,2.0],"to":[15.0,8.0,14.0],"faces":{"east":{"uv":[6.666667,8.833334,8.666667,10.166667],"tintindex":0,"rotation":0,"texture":"#0"},"south":{"uv":[13.0,8.833334,15.333334,10.166667],"tintindex":0,"rotation":0,"texture":"#0"},"north":{"uv":[8.666667,8.833334,11.0,10.166667],"tintindex":0,"rotation":0,"texture":"#0"},"west":{"uv":[11.0,8.833334,13.0,10.166667],"tintindex":0,"rotation":0,"texture":"#0"},"up":{"uv":[11.0,8.833334,8.666667,6.8333335],"tintindex":0,"rotation":0,"texture":"#0"},"down":{"uv":[13.333334,6.8333335,11.0,8.833334],"tintindex":0,"rotation":0,"texture":"#0"}}},{"from":[-4.0,8.0,-2.0],"to":[20.0,21.0,18.0],"faces":{"east":{"uv":[0.0,3.3333335,3.3333335,5.5],"tintindex":0,"rotation":0,"texture":"#0"},"south":{"uv":[10.666667,3.3333335,14.666667,5.5],"tintindex":0,"rotation":0,"texture":"#0"},"north":{"uv":[3.3333335,3.3333335,7.3333335,5.5],"tintindex":0,"rotation":0,"texture":"#0"},"west":{"uv":[7.3333335,3.3333335,10.666667,5.5],"tintindex":0,"rotation":0,"texture":"#0"},"up":{"uv":[7.3333335,3.3333335,3.3333335,0.0],"tintindex":0,"rotation":0,"texture":"#0"},"down":{"uv":[11.333334,0.0,7.3333335,3.3333335],"tintindex":0,"rotation":0,"texture":"#0"}}}],"display":{"gui":{"rotation":[30,225,0]}}}