{"textures":{"0":"dragonien:entity/giftpilz"},"elements":[{"from":[9.0,12.0,5.0],"to":[15.0,20.0,11.0],"faces":{"east":{"uv":[0.0,9.833334,1.0,11.166667],"tintindex":0,"rotation":0,"texture":"#0"},"south":{"uv":[3.0,9.833334,4.0,11.166667],"tintindex":0,"rotation":0,"texture":"#0"},"north":{"uv":[1.0,9.833334,2.0,11.166667],"tintindex":0,"rotation":0,"texture":"#0"},"west":{"uv":[2.0,9.833334,3.0,11.166667],"tintindex":0,"rotation":0,"texture":"#0"},"up":{"uv":[2.0,9.833334,1.0,8.833334],"tintindex":0,"rotation":0,"texture":"#0"},"down":{"uv":[3.0,8.833334,2.0,9.833334],"tintindex":0,"rotation":0,"texture":"#0"}}}],"display":{"gui":{"rotation":[30,225,0]}}}