{"elements":[{"from":[-4.000001,2.5714283,6.5714283],"to":[-1.1428576,8.0,9.428572],"rotation":{"angle":0.0,"axis":"y","origin":[-2.8571434,8.0,8.0]},"faces":{"east":{"uv":[0.0,0.8333334,0.8333334,2.3333335],"rotation":0,"texture":"#0","tintindex":0},"south":{"uv":[2.5,0.8333334,3.3333335,2.3333335],"rotation":0,"texture":"#0","tintindex":0},"north":{"uv":[0.8333334,0.8333334,1.6666667,2.3333335],"rotation":0,"texture":"#0","tintindex":0},"west":{"uv":[1.6666667,0.8333334,2.5,2.3333335],"rotation":0,"texture":"#0","tintindex":0},"up":{"uv":[1.6666667,0.8333334,0.8333334,0.0],"rotation":0,"texture":"#0","tintindex":0},"down":{"uv":[2.5,0.0,1.6666667,0.8333334],"rotation":0,"texture":"#0","tintindex":0}}}],"textures":{"0":"dragonien:entity/giftpilz"},"display":{"head":{"translation":[0.0,-6.4,0.0],"scale":[4.0,4.0,4.0]}}}