{"elements":[{"from":[4.285714,8.0,6.285714],"to":[7.714286,12.571428,9.714286],"rotation":{"angle":0.0,"axis":"y","origin":[3.7142854,5.714286,8.0]},"faces":{"east":{"uv":[0.0,9.833334,1.0,11.166667],"rotation":0,"texture":"#0","tintindex":0},"south":{"uv":[3.0,9.833334,4.0,11.166667],"rotation":0,"texture":"#0","tintindex":0},"north":{"uv":[1.0,9.833334,2.0,11.166667],"rotation":0,"texture":"#0","tintindex":0},"west":{"uv":[2.0,9.833334,3.0,11.166667],"rotation":0,"texture":"#0","tintindex":0},"up":{"uv":[2.0,9.833334,1.0,8.833334],"rotation":0,"texture":"#0","tintindex":0},"down":{"uv":[3.0,8.833334,2.0,9.833334],"rotation":0,"texture":"#0","tintindex":0}}}],"textures":{"0":"dragonien:entity/giftpilz"},"display":{"head":{"translation":[0.0,-6.4,0.0],"scale":[4.0,4.0,4.0]}}}