{"textures":{"0":"dragonien:entity/giftpilz"},"elements":[{"from":[25.0,-1.5,5.5],"to":[30.0,8.0,10.5],"faces":{"east":{"uv":[0.0,0.8333334,0.8333334,2.3333335],"tintindex":0,"rotation":0,"texture":"#0"},"south":{"uv":[2.5,0.8333334,3.3333335,2.3333335],"tintindex":0,"rotation":0,"texture":"#0"},"north":{"uv":[0.8333334,0.8333334,1.6666667,2.3333335],"tintindex":0,"rotation":0,"texture":"#0"},"west":{"uv":[1.6666667,0.8333334,2.5,2.3333335],"tintindex":0,"rotation":0,"texture":"#0"},"up":{"uv":[1.6666667,0.8333334,0.8333334,0.0],"tintindex":0,"rotation":0,"texture":"#0"},"down":{"uv":[2.5,0.0,1.6666667,0.8333334],"tintindex":0,"rotation":0,"texture":"#0"}}}],"display":{"gui":{"rotation":[30,225,0]}}}