{"textures":{"0":"dragonien:entity/velociraptor"},"elements":[{"from":[-2.721111,20.99,6.99],"to":[0.29888892,28.01,9.01],"faces":{"east":{"uv":[4.25,7.0,4.5,7.875],"tintindex":0,"rotation":0,"texture":"#0"},"south":{"uv":[5.125,7.0,5.5,7.875],"tintindex":0,"rotation":0,"texture":"#0"},"north":{"uv":[4.5,7.0,4.875,7.875],"tintindex":0,"rotation":0,"texture":"#0"},"west":{"uv":[4.875,7.0,5.125,7.875],"tintindex":0,"rotation":0,"texture":"#0"},"up":{"uv":[4.875,7.0,4.5,6.75],"tintindex":0,"rotation":0,"texture":"#0"},"down":{"uv":[5.25,6.75,4.875,7.0],"tintindex":0,"rotation":0,"texture":"#0"}},"rotation":{"origin":[-0.8822222,28.0,8.5],"angle":45.0,"axis":"z"}},{"from":[0.81222224,16.456667,7.445555],"to":[2.8322222,23.476667,8.965555],"faces":{"east":{"uv":[3.0,4.75,3.125,5.625],"tintindex":0,"rotation":0,"texture":"#0"},"south":{"uv":[3.5,4.75,3.75,5.625],"tintindex":0,"rotation":0,"texture":"#0"},"north":{"uv":[3.125,4.75,3.375,5.625],"tintindex":0,"rotation":0,"texture":"#0"},"west":{"uv":[3.375,4.75,3.5,5.625],"tintindex":0,"rotation":0,"texture":"#0"},"up":{"uv":[3.375,4.75,3.125,4.625],"tintindex":0,"rotation":0,"texture":"#0"},"down":{"uv":[3.625,4.625,3.375,4.75],"tintindex":0,"rotation":0,"texture":"#0"}},"rotation":{"origin":[1.6511111,22.466667,8.455555],"angle":-45.0,"axis":"z"}}],"display":{"gui":{"rotation":[30,225,0]}}}