{"elements":[{"from":[1.8736506,15.422857,7.4228573],"to":[3.5993652,19.434286,8.577143],"rotation":{"angle":45.0,"axis":"z","origin":[2.9244442,19.428572,8.285714]},"faces":{"east":{"uv":[4.25,7.0,4.5,7.875],"rotation":0,"texture":"#0","tintindex":0},"south":{"uv":[5.125,7.0,5.5,7.875],"rotation":0,"texture":"#0","tintindex":0},"north":{"uv":[4.5,7.0,4.875,7.875],"rotation":0,"texture":"#0","tintindex":0},"west":{"uv":[4.875,7.0,5.125,7.875],"rotation":0,"texture":"#0","tintindex":0},"up":{"uv":[4.875,7.0,4.5,6.75],"rotation":0,"texture":"#0","tintindex":0},"down":{"uv":[5.25,6.75,4.875,7.0],"rotation":0,"texture":"#0","tintindex":0}}},{"from":[3.8926983,12.83238,7.6831746],"to":[5.046984,16.843811,8.551746],"rotation":{"angle":-45.0,"axis":"z","origin":[4.3720636,16.266666,8.260318]},"faces":{"east":{"uv":[3.0,4.75,3.125,5.625],"rotation":0,"texture":"#0","tintindex":0},"south":{"uv":[3.5,4.75,3.75,5.625],"rotation":0,"texture":"#0","tintindex":0},"north":{"uv":[3.125,4.75,3.375,5.625],"rotation":0,"texture":"#0","tintindex":0},"west":{"uv":[3.375,4.75,3.5,5.625],"rotation":0,"texture":"#0","tintindex":0},"up":{"uv":[3.375,4.75,3.125,4.625],"rotation":0,"texture":"#0","tintindex":0},"down":{"uv":[3.625,4.625,3.375,4.75],"rotation":0,"texture":"#0","tintindex":0}}}],"textures":{"0":"dragonien:entity/velociraptor"},"display":{"head":{"translation":[0.0,-6.4,0.0],"scale":[4.0,4.0,4.0]}}}