{"elements":[{"from":[7.016508,4.565714,7.4228573],"to":[8.742222,8.577143,8.577143],"rotation":{"angle":45.0,"axis":"z","origin":[8.067302,8.571428,8.285714]},"faces":{"east":{"uv":[3.0,7.0,3.25,7.875],"rotation":0,"texture":"#0","tintindex":0},"south":{"uv":[3.875,7.0,4.25,7.875],"rotation":0,"texture":"#0","tintindex":0},"north":{"uv":[3.25,7.0,3.625,7.875],"rotation":0,"texture":"#0","tintindex":0},"west":{"uv":[3.625,7.0,3.875,7.875],"rotation":0,"texture":"#0","tintindex":0},"up":{"uv":[3.625,7.0,3.25,6.75],"rotation":0,"texture":"#0","tintindex":0},"down":{"uv":[4.0,6.75,3.625,7.0],"rotation":0,"texture":"#0","tintindex":0}}},{"from":[9.035556,1.9752374,7.4355555],"to":[10.189841,5.9866667,8.304127],"rotation":{"angle":-45.0,"axis":"z","origin":[9.514921,5.409524,8.012698]},"faces":{"east":{"uv":[0.0,0.125,0.125,1.0],"rotation":0,"texture":"#0","tintindex":0},"south":{"uv":[0.5,0.125,0.75,1.0],"rotation":0,"texture":"#0","tintindex":0},"north":{"uv":[0.125,0.125,0.375,1.0],"rotation":0,"texture":"#0","tintindex":0},"west":{"uv":[0.375,0.125,0.5,1.0],"rotation":0,"texture":"#0","tintindex":0},"up":{"uv":[0.375,0.125,0.125,0.0],"rotation":0,"texture":"#0","tintindex":0},"down":{"uv":[0.625,0.0,0.375,0.125],"rotation":0,"texture":"#0","tintindex":0}}}],"textures":{"0":"dragonien:entity/velociraptor"},"display":{"head":{"translation":[0.0,-6.4,0.0],"scale":[4.0,4.0,4.0]}}}