{"textures":{"0":"dragonien:entity/velociraptor"},"elements":[{"from":[6.2788887,1.99,6.99],"to":[9.298889,9.01,9.01],"faces":{"east":{"uv":[3.0,7.0,3.25,7.875],"tintindex":0,"rotation":0,"texture":"#0"},"south":{"uv":[3.875,7.0,4.25,7.875],"tintindex":0,"rotation":0,"texture":"#0"},"north":{"uv":[3.25,7.0,3.625,7.875],"tintindex":0,"rotation":0,"texture":"#0"},"west":{"uv":[3.625,7.0,3.875,7.875],"tintindex":0,"rotation":0,"texture":"#0"},"up":{"uv":[3.625,7.0,3.25,6.75],"tintindex":0,"rotation":0,"texture":"#0"},"down":{"uv":[4.0,6.75,3.625,7.0],"tintindex":0,"rotation":0,"texture":"#0"}},"rotation":{"origin":[8.117778,9.0,8.5],"angle":45.0,"axis":"z"}},{"from":[9.812222,-2.5433338,7.012222],"to":[11.832222,4.4766665,8.532223],"faces":{"east":{"uv":[0.0,0.125,0.125,1.0],"tintindex":0,"rotation":0,"texture":"#0"},"south":{"uv":[0.5,0.125,0.75,1.0],"tintindex":0,"rotation":0,"texture":"#0"},"north":{"uv":[0.125,0.125,0.375,1.0],"tintindex":0,"rotation":0,"texture":"#0"},"west":{"uv":[0.375,0.125,0.5,1.0],"tintindex":0,"rotation":0,"texture":"#0"},"up":{"uv":[0.375,0.125,0.125,0.0],"tintindex":0,"rotation":0,"texture":"#0"},"down":{"uv":[0.625,0.0,0.375,0.125],"tintindex":0,"rotation":0,"texture":"#0"}},"rotation":{"origin":[10.651112,3.4666662,8.0222225],"angle":-45.0,"axis":"z"}}],"display":{"gui":{"rotation":[30,225,0]}}}