{"elements":[{"from":[2.0984125,5.596825,5.7085714],"to":[11.824127,10.179683,10.291429],"rotation":{"angle":0.0,"axis":"y","origin":[11.330793,9.945396,8.0]},"faces":{"east":{"uv":[0.0,1.0,1.0,2.0],"rotation":0,"texture":"#0","tintindex":0},"south":{"uv":[4.125,1.0,6.25,2.0],"rotation":0,"texture":"#0","tintindex":0},"north":{"uv":[1.0,1.0,3.125,2.0],"rotation":0,"texture":"#0","tintindex":0},"west":{"uv":[3.125,1.0,4.125,2.0],"rotation":0,"texture":"#0","tintindex":0},"up":{"uv":[3.125,1.0,1.0,0.0],"rotation":0,"texture":"#0","tintindex":0},"down":{"uv":[5.25,0.0,3.125,1.0],"rotation":0,"texture":"#0","tintindex":0}}}],"textures":{"0":"dragonien:entity/velociraptor"},"display":{"head":{"translation":[0.0,-6.4,0.0],"scale":[4.0,4.0,4.0]}}}