{"textures":{"0":"dragonien:entity/velociraptor"},"elements":[{"from":[-2.3277776,3.7944443,3.99],"to":[14.692223,11.8144455,12.01],"faces":{"east":{"uv":[0.0,1.0,1.0,2.0],"tintindex":0,"rotation":0,"texture":"#0"},"south":{"uv":[4.125,1.0,6.25,2.0],"tintindex":0,"rotation":0,"texture":"#0"},"north":{"uv":[1.0,1.0,3.125,2.0],"tintindex":0,"rotation":0,"texture":"#0"},"west":{"uv":[3.125,1.0,4.125,2.0],"tintindex":0,"rotation":0,"texture":"#0"},"up":{"uv":[3.125,1.0,1.0,0.0],"tintindex":0,"rotation":0,"texture":"#0"},"down":{"uv":[5.25,0.0,3.125,1.0],"tintindex":0,"rotation":0,"texture":"#0"}}}],"display":{"gui":{"rotation":[30,225,0]}}}