{"textures":{"0":"dragonien:entity/velociraptor"},"elements":[{"from":[7.99,5.99,6.49],"to":[18.01,9.01,8.51],"faces":{"east":{"uv":[6.0,4.25,6.25,4.625],"tintindex":0,"rotation":0,"texture":"#0"},"south":{"uv":[7.75,4.25,9.0,4.625],"tintindex":0,"rotation":0,"texture":"#0"},"north":{"uv":[6.25,4.25,7.5,4.625],"tintindex":0,"rotation":0,"texture":"#0"},"west":{"uv":[7.5,4.25,7.75,4.625],"tintindex":0,"rotation":0,"texture":"#0"},"up":{"uv":[7.5,4.25,6.25,4.0],"tintindex":0,"rotation":0,"texture":"#0"},"down":{"uv":[8.75,4.0,7.5,4.25],"tintindex":0,"rotation":0,"texture":"#0"}}}],"display":{"gui":{"rotation":[30,225,0]}}}