{"elements":[{"from":[7.9942856,6.8514285,7.1371427],"to":[13.72,8.577143,8.291429],"rotation":{"angle":0.0,"axis":"y","origin":[8.0,7.428571,8.285714]},"faces":{"east":{"uv":[6.0,4.25,6.25,4.625],"rotation":0,"texture":"#0","tintindex":0},"south":{"uv":[7.75,4.25,9.0,4.625],"rotation":0,"texture":"#0","tintindex":0},"north":{"uv":[6.25,4.25,7.5,4.625],"rotation":0,"texture":"#0","tintindex":0},"west":{"uv":[7.5,4.25,7.75,4.625],"rotation":0,"texture":"#0","tintindex":0},"up":{"uv":[7.5,4.25,6.25,4.0],"rotation":0,"texture":"#0","tintindex":0},"down":{"uv":[8.75,4.0,7.5,4.25],"rotation":0,"texture":"#0","tintindex":0}}}],"textures":{"0":"dragonien:entity/velociraptor"},"display":{"head":{"translation":[0.0,-6.4,0.0],"scale":[4.0,4.0,4.0]}}}