{"elements":[{"from":[7.9942856,5.1371427,9.422857],"to":[17.720001,9.148571,12.2914295],"rotation":{"angle":0.0,"axis":"y","origin":[8.0,6.857143,10.857143]},"faces":{"east":{"uv":[0.0,2.625,0.625,3.5],"rotation":0,"texture":"#0","tintindex":0},"south":{"uv":[3.375,2.625,5.5,3.5],"rotation":0,"texture":"#0","tintindex":0},"north":{"uv":[0.625,2.625,2.75,3.5],"rotation":0,"texture":"#0","tintindex":0},"west":{"uv":[2.75,2.625,3.375,3.5],"rotation":0,"texture":"#0","tintindex":0},"up":{"uv":[2.75,2.625,0.625,2.0],"rotation":0,"texture":"#0","tintindex":0},"down":{"uv":[4.875,2.0,2.75,2.625],"rotation":0,"texture":"#0","tintindex":0}}}],"textures":{"0":"dragonien:entity/velociraptor"},"display":{"head":{"translation":[0.0,-6.4,0.0],"scale":[4.0,4.0,4.0]}}}