{"textures":{"0":"dragonien:entity/velociraptor"},"elements":[{"from":[7.99,5.99,5.99],"to":[22.01,11.01,10.01],"faces":{"east":{"uv":[0.0,4.0,0.5,4.625],"tintindex":0,"rotation":0,"texture":"#0"},"south":{"uv":[2.75,4.0,4.5,4.625],"tintindex":0,"rotation":0,"texture":"#0"},"north":{"uv":[0.5,4.0,2.25,4.625],"tintindex":0,"rotation":0,"texture":"#0"},"west":{"uv":[2.25,4.0,2.75,4.625],"tintindex":0,"rotation":0,"texture":"#0"},"up":{"uv":[2.25,4.0,0.5,3.5],"tintindex":0,"rotation":0,"texture":"#0"},"down":{"uv":[4.0,3.5,2.25,4.0],"tintindex":0,"rotation":0,"texture":"#0"}}}],"display":{"gui":{"rotation":[30,225,0]}}}