{"elements":[{"from":[7.9942856,6.8514285,6.8514285],"to":[16.005714,9.72,9.148571],"rotation":{"angle":0.0,"axis":"y","origin":[8.0,8.571428,8.285714]},"faces":{"east":{"uv":[0.0,4.0,0.5,4.625],"rotation":0,"texture":"#0","tintindex":0},"south":{"uv":[2.75,4.0,4.5,4.625],"rotation":0,"texture":"#0","tintindex":0},"north":{"uv":[0.5,4.0,2.25,4.625],"rotation":0,"texture":"#0","tintindex":0},"west":{"uv":[2.25,4.0,2.75,4.625],"rotation":0,"texture":"#0","tintindex":0},"up":{"uv":[2.25,4.0,0.5,3.5],"rotation":0,"texture":"#0","tintindex":0},"down":{"uv":[4.0,3.5,2.25,4.0],"rotation":0,"texture":"#0","tintindex":0}}}],"textures":{"0":"dragonien:entity/velociraptor"},"display":{"head":{"translation":[0.0,-6.4,0.0],"scale":[4.0,4.0,4.0]}}}