{"textures":{"0":"dragonien:entity/velociraptor"},"elements":[{"from":[7.99,2.99,10.49],"to":[25.01,10.01,15.51],"faces":{"east":{"uv":[0.0,2.625,0.625,3.5],"tintindex":0,"rotation":0,"texture":"#0"},"south":{"uv":[3.375,2.625,5.5,3.5],"tintindex":0,"rotation":0,"texture":"#0"},"north":{"uv":[0.625,2.625,2.75,3.5],"tintindex":0,"rotation":0,"texture":"#0"},"west":{"uv":[2.75,2.625,3.375,3.5],"tintindex":0,"rotation":0,"texture":"#0"},"up":{"uv":[2.75,2.625,0.625,2.0],"tintindex":0,"rotation":0,"texture":"#0"},"down":{"uv":[4.875,2.0,2.75,2.625],"tintindex":0,"rotation":0,"texture":"#0"}}}],"display":{"gui":{"rotation":[30,225,0]}}}