{"textures":{"0":"dragonien:entity/velociraptor"},"elements":[{"from":[2.0,7.0,6.5],"to":[8.0,9.0,9.5],"faces":{"east":{"uv":[6.625,5.625,7.0,5.875],"tintindex":0,"rotation":0,"texture":"#0"},"south":{"uv":[8.125,5.625,8.875,5.875],"tintindex":0,"rotation":0,"texture":"#0"},"north":{"uv":[7.0,5.625,7.75,5.875],"tintindex":0,"rotation":0,"texture":"#0"},"west":{"uv":[7.75,5.625,8.125,5.875],"tintindex":0,"rotation":0,"texture":"#0"},"up":{"uv":[7.75,5.625,7.0,5.25],"tintindex":0,"rotation":0,"texture":"#0"},"down":{"uv":[8.5,5.25,7.75,5.625],"tintindex":0,"rotation":0,"texture":"#0"}}},{"from":[0.01,7.01,8.110001],"to":[2.99,8.99,9.09],"faces":{"east":{"uv":[0.0,7.375,0.125,7.625],"tintindex":0,"rotation":0,"texture":"#0"},"south":{"uv":[0.625,7.375,1.0,7.625],"tintindex":0,"rotation":0,"texture":"#0"},"north":{"uv":[0.125,7.375,0.5,7.625],"tintindex":0,"rotation":0,"texture":"#0"},"west":{"uv":[0.5,7.375,0.625,7.625],"tintindex":0,"rotation":0,"texture":"#0"},"up":{"uv":[0.5,7.375,0.125,7.25],"tintindex":0,"rotation":0,"texture":"#0"},"down":{"uv":[0.875,7.25,0.5,7.375],"tintindex":0,"rotation":0,"texture":"#0"}}}],"display":{"gui":{"rotation":[30,225,0]}}}