{"textures":{"0":"dragonien:entity/velociraptor"},"elements":[{"from":[0.01,7.01,6.9100003],"to":[2.99,8.99,7.89],"faces":{"east":{"uv":[4.875,2.125,5.0,2.375],"tintindex":0,"rotation":0,"texture":"#0"},"south":{"uv":[5.5,2.125,5.875,2.375],"tintindex":0,"rotation":0,"texture":"#0"},"north":{"uv":[5.0,2.125,5.375,2.375],"tintindex":0,"rotation":0,"texture":"#0"},"west":{"uv":[5.375,2.125,5.5,2.375],"tintindex":0,"rotation":0,"texture":"#0"},"up":{"uv":[5.375,2.125,5.0,2.0],"tintindex":0,"rotation":0,"texture":"#0"},"down":{"uv":[5.75,2.0,5.375,2.125],"tintindex":0,"rotation":0,"texture":"#0"}}},{"from":[2.0,7.0,6.5],"to":[8.0,9.0,9.5],"faces":{"east":{"uv":[6.625,5.0,7.0,5.25],"tintindex":0,"rotation":0,"texture":"#0"},"south":{"uv":[8.125,5.0,8.875,5.25],"tintindex":0,"rotation":0,"texture":"#0"},"north":{"uv":[7.0,5.0,7.75,5.25],"tintindex":0,"rotation":0,"texture":"#0"},"west":{"uv":[7.75,5.0,8.125,5.25],"tintindex":0,"rotation":0,"texture":"#0"},"up":{"uv":[7.75,5.0,7.0,4.625],"tintindex":0,"rotation":0,"texture":"#0"},"down":{"uv":[8.5,4.625,7.75,5.0],"tintindex":0,"rotation":0,"texture":"#0"}}}],"display":{"gui":{"rotation":[30,225,0]}}}