{"elements":[{"from":[3.4342856,7.4342856,7.377143],"to":[5.1371427,8.565714,7.937143],"rotation":{"angle":0.0,"axis":"y","origin":[5.142857,8.571428,7.6571426]},"faces":{"east":{"uv":[4.875,2.125,5.0,2.375],"rotation":0,"texture":"#0","tintindex":0},"south":{"uv":[5.5,2.125,5.875,2.375],"rotation":0,"texture":"#0","tintindex":0},"north":{"uv":[5.0,2.125,5.375,2.375],"rotation":0,"texture":"#0","tintindex":0},"west":{"uv":[5.375,2.125,5.5,2.375],"rotation":0,"texture":"#0","tintindex":0},"up":{"uv":[5.375,2.125,5.0,2.0],"rotation":0,"texture":"#0","tintindex":0},"down":{"uv":[5.75,2.0,5.375,2.125],"rotation":0,"texture":"#0","tintindex":0}}},{"from":[4.5714283,7.428571,7.142857],"to":[8.0,8.571428,8.857143],"rotation":{"angle":0.0,"axis":"y","origin":[8.0,8.0,8.0]},"faces":{"east":{"uv":[6.625,5.0,7.0,5.25],"rotation":0,"texture":"#0","tintindex":0},"south":{"uv":[8.125,5.0,8.875,5.25],"rotation":0,"texture":"#0","tintindex":0},"north":{"uv":[7.0,5.0,7.75,5.25],"rotation":0,"texture":"#0","tintindex":0},"west":{"uv":[7.75,5.0,8.125,5.25],"rotation":0,"texture":"#0","tintindex":0},"up":{"uv":[7.75,5.0,7.0,4.625],"rotation":0,"texture":"#0","tintindex":0},"down":{"uv":[8.5,4.625,7.75,5.0],"rotation":0,"texture":"#0","tintindex":0}}}],"textures":{"0":"dragonien:entity/velociraptor"},"display":{"head":{"translation":[0.0,-6.4,0.0],"scale":[4.0,4.0,4.0]}}}