{"textures":{"0":"dragonien:entity/velociraptor"},"elements":[{"from":[3.4342856,7.4342856,8.062857],"to":[5.1371427,8.565714,8.622857],"rotation":{"angle":0.0,"axis":"y","origin":[5.142857,8.571428,8.342857]},"faces":{"east":{"uv":[0.0,7.375,0.125,7.625],"rotation":0,"texture":"#0","tintindex":0},"south":{"uv":[0.625,7.375,1.0,7.625],"rotation":0,"texture":"#0","tintindex":0},"north":{"uv":[0.125,7.375,0.5,7.625],"rotation":0,"texture":"#0","tintindex":0},"west":{"uv":[0.5,7.375,0.625,7.625],"rotation":0,"texture":"#0","tintindex":0},"up":{"uv":[0.5,7.375,0.125,7.25],"rotation":0,"texture":"#0","tintindex":0},"down":{"uv":[0.875,7.25,0.5,7.375],"rotation":0,"texture":"#0","tintindex":0}}},{"from":[4.5714283,7.428571,7.142857],"to":[8.0,8.571428,8.857143],"rotation":{"angle":0.0,"axis":"y","origin":[8.0,8.0,8.0]},"faces":{"east":{"uv":[6.625,5.625,7.0,5.875],"rotation":0,"texture":"#0","tintindex":0},"south":{"uv":[8.125,5.625,8.875,5.875],"rotation":0,"texture":"#0","tintindex":0},"north":{"uv":[7.0,5.625,7.75,5.875],"rotation":0,"texture":"#0","tintindex":0},"west":{"uv":[7.75,5.625,8.125,5.875],"rotation":0,"texture":"#0","tintindex":0},"up":{"uv":[7.75,5.625,7.0,5.25],"rotation":0,"texture":"#0","tintindex":0},"down":{"uv":[8.5,5.25,7.75,5.625],"rotation":0,"texture":"#0","tintindex":0}}}],"display":{"head":{"translation":[0.0,-6.4,0.0],"scale":[4.0,4.0,4.0]}}}