{"elements":[{"from":[1.9752374,10.260952,7.886349],"to":[3.1295233,13.700953,8.469207],"rotation":{"angle":45.0,"axis":"z","origin":[1.883174,13.695238,8.463492]},"faces":{"east":{"uv":[3.0,5.75,3.125,6.5],"rotation":0,"texture":"#0","tintindex":0},"south":{"uv":[3.5,5.75,3.75,6.5],"rotation":0,"texture":"#0","tintindex":0},"north":{"uv":[3.125,5.75,3.375,6.5],"rotation":0,"texture":"#0","tintindex":0},"west":{"uv":[3.375,5.75,3.5,6.5],"rotation":0,"texture":"#0","tintindex":0},"up":{"uv":[3.375,5.75,3.125,5.625],"rotation":0,"texture":"#0","tintindex":0},"down":{"uv":[3.625,5.625,3.375,5.75],"rotation":0,"texture":"#0","tintindex":0}}}],"textures":{"0":"dragonien:entity/velociraptor"},"display":{"head":{"translation":[0.0,-6.4,0.0],"scale":[4.0,4.0,4.0]}}}