{"elements":[{"from":[7.6895237,4.546666,7.486349],"to":[8.843809,7.9866667,8.069206],"rotation":{"angle":45.0,"axis":"z","origin":[7.5974603,7.9809523,8.063492]},"faces":{"east":{"uv":[5.25,0.125,5.375,0.875],"rotation":0,"texture":"#0","tintindex":0},"south":{"uv":[5.75,0.125,6.0,0.875],"rotation":0,"texture":"#0","tintindex":0},"north":{"uv":[5.375,0.125,5.625,0.875],"rotation":0,"texture":"#0","tintindex":0},"west":{"uv":[5.625,0.125,5.75,0.875],"rotation":0,"texture":"#0","tintindex":0},"up":{"uv":[5.625,0.125,5.375,0.0],"rotation":0,"texture":"#0","tintindex":0},"down":{"uv":[5.875,0.0,5.625,0.125],"rotation":0,"texture":"#0","tintindex":0}}}],"textures":{"0":"dragonien:entity/velociraptor"},"display":{"head":{"translation":[0.0,-6.4,0.0],"scale":[4.0,4.0,4.0]}}}