{"textures":{"0":"dragonien:entity/velociraptor"},"elements":[{"from":[-2.5433338,11.956667,7.8011107],"to":[-0.5233338,17.976667,8.821112],"faces":{"east":{"uv":[3.0,5.75,3.125,6.5],"tintindex":0,"rotation":0,"texture":"#0"},"south":{"uv":[3.5,5.75,3.75,6.5],"tintindex":0,"rotation":0,"texture":"#0"},"north":{"uv":[3.125,5.75,3.375,6.5],"tintindex":0,"rotation":0,"texture":"#0"},"west":{"uv":[3.375,5.75,3.5,6.5],"tintindex":0,"rotation":0,"texture":"#0"},"up":{"uv":[3.375,5.75,3.125,5.625],"tintindex":0,"rotation":0,"texture":"#0"},"down":{"uv":[3.625,5.625,3.375,5.75],"tintindex":0,"rotation":0,"texture":"#0"}},"rotation":{"origin":[-2.704445,17.966667,8.811111],"angle":45.0,"axis":"z"}}],"display":{"gui":{"rotation":[30,225,0]}}}