{"textures":{"0":"dragonien:entity/velociraptor"},"elements":[{"from":[7.456666,1.9566667,7.101111],"to":[9.476666,7.9766665,8.121111],"faces":{"east":{"uv":[5.25,0.125,5.375,0.875],"tintindex":0,"rotation":0,"texture":"#0"},"south":{"uv":[5.75,0.125,6.0,0.875],"tintindex":0,"rotation":0,"texture":"#0"},"north":{"uv":[5.375,0.125,5.625,0.875],"tintindex":0,"rotation":0,"texture":"#0"},"west":{"uv":[5.625,0.125,5.75,0.875],"tintindex":0,"rotation":0,"texture":"#0"},"up":{"uv":[5.625,0.125,5.375,0.0],"tintindex":0,"rotation":0,"texture":"#0"},"down":{"uv":[5.875,0.0,5.625,0.125],"tintindex":0,"rotation":0,"texture":"#0"}},"rotation":{"origin":[7.295555,7.966666,8.111111],"angle":45.0,"axis":"z"}}],"display":{"gui":{"rotation":[30,225,0]}}}