{"textures":{"0":"dragonien:entity/velociraptor"},"elements":[{"from":[-2.8622231,5.904445,5.6],"to":[6.937777,7.7044454,10.4],"faces":{"east":{"uv":[5.5,2.625,6.125,2.875],"tintindex":0,"rotation":0,"texture":"#0"},"south":{"uv":[8.0,2.625,9.25,2.875],"tintindex":0,"rotation":0,"texture":"#0"},"north":{"uv":[6.125,2.625,7.375,2.875],"tintindex":0,"rotation":0,"texture":"#0"},"west":{"uv":[7.375,2.625,8.0,2.875],"tintindex":0,"rotation":0,"texture":"#0"},"up":{"uv":[7.375,2.625,6.125,2.0],"tintindex":0,"rotation":0,"texture":"#0"},"down":{"uv":[8.625,2.0,7.375,2.625],"tintindex":0,"rotation":0,"texture":"#0"}}}],"display":{"gui":{"rotation":[30,225,0]}}}