{"textures":{"0":"dragonien:entity/velociraptor"},"elements":[{"from":[1.793016,6.80254,6.6285715],"to":[7.393016,7.831111,9.3714285],"rotation":{"angle":0.0,"axis":"y","origin":[5.631746,7.428571,8.0]},"faces":{"east":{"uv":[5.5,2.625,6.125,2.875],"rotation":0,"texture":"#0","tintindex":0},"south":{"uv":[8.0,2.625,9.25,2.875],"rotation":0,"texture":"#0","tintindex":0},"north":{"uv":[6.125,2.625,7.375,2.875],"rotation":0,"texture":"#0","tintindex":0},"west":{"uv":[7.375,2.625,8.0,2.875],"rotation":0,"texture":"#0","tintindex":0},"up":{"uv":[7.375,2.625,6.125,2.0],"rotation":0,"texture":"#0","tintindex":0},"down":{"uv":[8.625,2.0,7.375,2.625],"rotation":0,"texture":"#0","tintindex":0}}}],"display":{"head":{"translation":[0.0,-6.4,0.0],"scale":[4.0,4.0,4.0]}}}