{"textures":{"0":"dragonien:entity/velociraptor"},"elements":[{"from":[6.8499994,8.461111,8.49],"to":[16.87,11.481112,10.51],"faces":{"east":{"uv":[0.0,6.875,0.25,7.25],"tintindex":0,"rotation":0,"texture":"#0"},"south":{"uv":[1.75,6.875,3.0,7.25],"tintindex":0,"rotation":0,"texture":"#0"},"north":{"uv":[0.25,6.875,1.5,7.25],"tintindex":0,"rotation":0,"texture":"#0"},"west":{"uv":[1.5,6.875,1.75,7.25],"tintindex":0,"rotation":0,"texture":"#0"},"up":{"uv":[1.5,6.875,0.25,6.625],"tintindex":0,"rotation":0,"texture":"#0"},"down":{"uv":[2.75,6.625,1.5,6.875],"tintindex":0,"rotation":0,"texture":"#0"}},"rotation":{"origin":[5.828889,11.071111,9.5],"angle":-45.0,"axis":"z"}}],"display":{"gui":{"rotation":[30,225,0]}}}