{"textures":{"0":"dragonien:entity/velociraptor"},"elements":[{"from":[1.5,4.8,8.5],"to":[6.5,7.8,10.5],"faces":{"east":{"uv":[5.5,7.375,5.75,7.75],"tintindex":0,"rotation":0,"texture":"#0"},"south":{"uv":[6.625,7.375,7.25,7.75],"tintindex":0,"rotation":0,"texture":"#0"},"north":{"uv":[5.75,7.375,6.375,7.75],"tintindex":0,"rotation":0,"texture":"#0"},"west":{"uv":[6.375,7.375,6.625,7.75],"tintindex":0,"rotation":0,"texture":"#0"},"up":{"uv":[6.375,7.375,5.75,7.125],"tintindex":0,"rotation":0,"texture":"#0"},"down":{"uv":[7.0,7.125,6.375,7.375],"tintindex":0,"rotation":0,"texture":"#0"}},"rotation":{"origin":[5.5,7.5,9.5],"angle":45.0,"axis":"z"}}],"display":{"gui":{"rotation":[30,225,0]}}}