{"textures":{"0":"dragonien:entity/velociraptor"},"elements":[{"from":[7.3428574,8.263492,8.28],"to":[13.068571,9.989206,9.434286],"rotation":{"angle":-45.0,"axis":"z","origin":[6.759365,9.754921,8.857143]},"faces":{"east":{"uv":[0.0,6.875,0.25,7.25],"rotation":0,"texture":"#0","tintindex":0},"south":{"uv":[1.75,6.875,3.0,7.25],"rotation":0,"texture":"#0","tintindex":0},"north":{"uv":[0.25,6.875,1.5,7.25],"rotation":0,"texture":"#0","tintindex":0},"west":{"uv":[1.5,6.875,1.75,7.25],"rotation":0,"texture":"#0","tintindex":0},"up":{"uv":[1.5,6.875,0.25,6.625],"rotation":0,"texture":"#0","tintindex":0},"down":{"uv":[2.75,6.625,1.5,6.875],"rotation":0,"texture":"#0","tintindex":0}}}],"display":{"head":{"translation":[0.0,-6.4,0.0],"scale":[4.0,4.0,4.0]}}}