{"textures":{"0":"dragonien:entity/velociraptor"},"elements":[{"from":[4.285714,6.1714287,8.285714],"to":[7.142857,7.885714,9.428572],"rotation":{"angle":45.0,"axis":"z","origin":[6.5714283,7.714286,8.857143]},"faces":{"east":{"uv":[5.5,7.375,5.75,7.75],"rotation":0,"texture":"#0","tintindex":0},"south":{"uv":[6.625,7.375,7.25,7.75],"rotation":0,"texture":"#0","tintindex":0},"north":{"uv":[5.75,7.375,6.375,7.75],"rotation":0,"texture":"#0","tintindex":0},"west":{"uv":[6.375,7.375,6.625,7.75],"rotation":0,"texture":"#0","tintindex":0},"up":{"uv":[6.375,7.375,5.75,7.125],"rotation":0,"texture":"#0","tintindex":0},"down":{"uv":[7.0,7.125,6.375,7.375],"rotation":0,"texture":"#0","tintindex":0}}}],"display":{"head":{"translation":[0.0,-6.4,0.0],"scale":[4.0,4.0,4.0]}}}