{"textures":{"0":"dragonien:entity/velociraptor"},"elements":[{"from":[3.6722224,-4.538889,7.49],"to":[11.692223,7.4811115,11.51],"faces":{"east":{"uv":[0.0,5.125,0.5,6.625],"tintindex":0,"rotation":0,"texture":"#0"},"south":{"uv":[2.0,5.125,3.0,6.625],"tintindex":0,"rotation":0,"texture":"#0"},"north":{"uv":[0.5,5.125,1.5,6.625],"tintindex":0,"rotation":0,"texture":"#0"},"west":{"uv":[1.5,5.125,2.0,6.625],"tintindex":0,"rotation":0,"texture":"#0"},"up":{"uv":[1.5,5.125,0.5,4.625],"tintindex":0,"rotation":0,"texture":"#0"},"down":{"uv":[2.5,4.625,1.5,5.125],"tintindex":0,"rotation":0,"texture":"#0"}}}],"display":{"gui":{"rotation":[30,225,0]}}}