{"elements":[{"from":[5.526984,0.8349204,7.7085714],"to":[10.109841,7.703492,10.005714],"rotation":{"angle":0.0,"axis":"y","origin":[9.6165085,6.8977776,12.285715]},"faces":{"east":{"uv":[0.0,5.125,0.5,6.625],"rotation":0,"texture":"#0","tintindex":0},"south":{"uv":[2.0,5.125,3.0,6.625],"rotation":0,"texture":"#0","tintindex":0},"north":{"uv":[0.5,5.125,1.5,6.625],"rotation":0,"texture":"#0","tintindex":0},"west":{"uv":[1.5,5.125,2.0,6.625],"rotation":0,"texture":"#0","tintindex":0},"up":{"uv":[1.5,5.125,0.5,4.625],"rotation":0,"texture":"#0","tintindex":0},"down":{"uv":[2.5,4.625,1.5,5.125],"rotation":0,"texture":"#0","tintindex":0}}}],"textures":{"0":"dragonien:entity/velociraptor"},"display":{"head":{"translation":[0.0,-6.4,0.0],"scale":[4.0,4.0,4.0]}}}