{"textures":{"0":"dragonien:entity/velociraptor"},"elements":[{"from":[5.526984,0.8349204,7.7085714],"to":[10.109841,7.703492,10.005714],"rotation":{"angle":0.0,"axis":"y","origin":[9.6165085,6.8977776,8.285714]},"faces":{"east":{"uv":[6.25,0.5,6.75,2.0],"rotation":0,"texture":"#0","tintindex":0},"south":{"uv":[8.25,0.5,9.25,2.0],"rotation":0,"texture":"#0","tintindex":0},"north":{"uv":[6.75,0.5,7.75,2.0],"rotation":0,"texture":"#0","tintindex":0},"west":{"uv":[7.75,0.5,8.25,2.0],"rotation":0,"texture":"#0","tintindex":0},"up":{"uv":[7.75,0.5,6.75,0.0],"rotation":0,"texture":"#0","tintindex":0},"down":{"uv":[8.75,0.0,7.75,0.5],"rotation":0,"texture":"#0","tintindex":0}}}],"display":{"head":{"translation":[0.0,-6.4,0.0],"scale":[4.0,4.0,4.0]}}}