{"textures":{"0":"dragonien:entity/velociraptor"},"elements":[{"from":[3.6722224,-4.538889,7.49],"to":[11.692223,7.4811115,11.51],"faces":{"east":{"uv":[6.25,0.5,6.75,2.0],"tintindex":0,"rotation":0,"texture":"#0"},"south":{"uv":[8.25,0.5,9.25,2.0],"tintindex":0,"rotation":0,"texture":"#0"},"north":{"uv":[6.75,0.5,7.75,2.0],"tintindex":0,"rotation":0,"texture":"#0"},"west":{"uv":[7.75,0.5,8.25,2.0],"tintindex":0,"rotation":0,"texture":"#0"},"up":{"uv":[7.75,0.5,6.75,0.0],"tintindex":0,"rotation":0,"texture":"#0"},"down":{"uv":[8.75,0.0,7.75,0.5],"tintindex":0,"rotation":0,"texture":"#0"}}}],"display":{"gui":{"rotation":[30,225,0]}}}