{"textures":{"0":"dragonien:entity/velociraptor"},"elements":[{"from":[7.3428574,8.263492,8.28],"to":[13.068571,9.989206,9.434286],"rotation":{"angle":-45.0,"axis":"z","origin":[6.759365,9.754921,8.857143]},"faces":{"east":{"uv":[6.375,6.75,6.625,7.125],"rotation":0,"texture":"#0","tintindex":0},"south":{"uv":[8.125,6.75,9.375,7.125],"rotation":0,"texture":"#0","tintindex":0},"north":{"uv":[6.625,6.75,7.875,7.125],"rotation":0,"texture":"#0","tintindex":0},"west":{"uv":[7.875,6.75,8.125,7.125],"rotation":0,"texture":"#0","tintindex":0},"up":{"uv":[7.875,6.75,6.625,6.5],"rotation":0,"texture":"#0","tintindex":0},"down":{"uv":[9.125,6.5,7.875,6.75],"rotation":0,"texture":"#0","tintindex":0}}}],"display":{"head":{"translation":[0.0,-6.4,0.0],"scale":[4.0,4.0,4.0]}}}