{"textures":{"0":"dragonien:entity/velociraptor"},"elements":[{"from":[6.8499994,8.461111,8.49],"to":[16.87,11.481112,10.51],"faces":{"east":{"uv":[6.375,6.75,6.625,7.125],"tintindex":0,"rotation":0,"texture":"#0"},"south":{"uv":[8.125,6.75,9.375,7.125],"tintindex":0,"rotation":0,"texture":"#0"},"north":{"uv":[6.625,6.75,7.875,7.125],"tintindex":0,"rotation":0,"texture":"#0"},"west":{"uv":[7.875,6.75,8.125,7.125],"tintindex":0,"rotation":0,"texture":"#0"},"up":{"uv":[7.875,6.75,6.625,6.5],"tintindex":0,"rotation":0,"texture":"#0"},"down":{"uv":[9.125,6.5,7.875,6.75],"tintindex":0,"rotation":0,"texture":"#0"}},"rotation":{"origin":[5.828889,11.071111,9.5],"angle":-45.0,"axis":"z"}}],"display":{"gui":{"rotation":[30,225,0]}}}