{"elements":[{"from":[4.8571424,6.457143,8.285714],"to":[7.714286,8.171429,9.428572],"rotation":{"angle":45.0,"axis":"z","origin":[7.142857,8.0,8.857143]},"faces":{"east":{"uv":[6.625,6.125,6.875,6.5],"rotation":0,"texture":"#0","tintindex":0},"south":{"uv":[7.75,6.125,8.375,6.5],"rotation":0,"texture":"#0","tintindex":0},"north":{"uv":[6.875,6.125,7.5,6.5],"rotation":0,"texture":"#0","tintindex":0},"west":{"uv":[7.5,6.125,7.75,6.5],"rotation":0,"texture":"#0","tintindex":0},"up":{"uv":[7.5,6.125,6.875,5.875],"rotation":0,"texture":"#0","tintindex":0},"down":{"uv":[8.125,5.875,7.5,6.125],"rotation":0,"texture":"#0","tintindex":0}}}],"textures":{"0":"dragonien:entity/velociraptor"},"display":{"head":{"translation":[0.0,-6.4,0.0],"scale":[4.0,4.0,4.0]}}}