{"textures":{"0":"dragonien:entity/velociraptor"},"elements":[{"from":[2.5,5.3,8.5],"to":[7.5,8.3,10.5],"faces":{"east":{"uv":[6.625,6.125,6.875,6.5],"tintindex":0,"rotation":0,"texture":"#0"},"south":{"uv":[7.75,6.125,8.375,6.5],"tintindex":0,"rotation":0,"texture":"#0"},"north":{"uv":[6.875,6.125,7.5,6.5],"tintindex":0,"rotation":0,"texture":"#0"},"west":{"uv":[7.5,6.125,7.75,6.5],"tintindex":0,"rotation":0,"texture":"#0"},"up":{"uv":[7.5,6.125,6.875,5.875],"tintindex":0,"rotation":0,"texture":"#0"},"down":{"uv":[8.125,5.875,7.5,6.125],"tintindex":0,"rotation":0,"texture":"#0"}},"rotation":{"origin":[6.5,8.0,9.5],"angle":45.0,"axis":"z"}}],"display":{"gui":{"rotation":[30,225,0]}}}