{"textures":{"0":"dragonien:entity/velociraptor"},"elements":[{"from":[4.672222,4.794445,4.99],"to":[10.692223,21.814444,10.01],"faces":{"east":{"uv":[3.875,4.625,4.5,6.75],"tintindex":0,"rotation":0,"texture":"#0"},"south":{"uv":[5.875,4.625,6.625,6.75],"tintindex":0,"rotation":0,"texture":"#0"},"north":{"uv":[4.5,4.625,5.25,6.75],"tintindex":0,"rotation":0,"texture":"#0"},"west":{"uv":[5.25,4.625,5.875,6.75],"tintindex":0,"rotation":0,"texture":"#0"},"up":{"uv":[5.25,4.625,4.5,4.0],"tintindex":0,"rotation":0,"texture":"#0"},"down":{"uv":[6.0,4.0,5.25,4.625],"tintindex":0,"rotation":0,"texture":"#0"}},"rotation":{"origin":[10.828889,5.4044437,7.5],"angle":45.0,"axis":"z"}}],"display":{"gui":{"rotation":[30,225,0]}}}