{"textures":{"0":"dragonien:entity/velociraptor"},"elements":[{"from":[6.0984125,6.168254,6.2799997],"to":[9.538413,15.893969,9.148571],"rotation":{"angle":45.0,"axis":"z","origin":[9.6165085,6.516825,7.714286]},"faces":{"east":{"uv":[3.875,4.625,4.5,6.75],"rotation":0,"texture":"#0","tintindex":0},"south":{"uv":[5.875,4.625,6.625,6.75],"rotation":0,"texture":"#0","tintindex":0},"north":{"uv":[4.5,4.625,5.25,6.75],"rotation":0,"texture":"#0","tintindex":0},"west":{"uv":[5.25,4.625,5.875,6.75],"rotation":0,"texture":"#0","tintindex":0},"up":{"uv":[5.25,4.625,4.5,4.0],"rotation":0,"texture":"#0","tintindex":0},"down":{"uv":[6.0,4.0,5.25,4.625],"rotation":0,"texture":"#0","tintindex":0}}}],"display":{"head":{"translation":[0.0,-6.4,0.0],"scale":[4.0,4.0,4.0]}}}