{"textures":{"0":"dragonien:entity/velociraptor"},"elements":[{"from":[-3.3377795,5.7844453,5.48],"to":[8.702221,9.824444,10.52],"faces":{"east":{"uv":[4.875,3.5,5.5,4.0],"tintindex":0,"rotation":0,"texture":"#0"},"south":{"uv":[7.625,3.5,9.125,4.0],"tintindex":0,"rotation":0,"texture":"#0"},"north":{"uv":[5.5,3.5,7.0,4.0],"tintindex":0,"rotation":0,"texture":"#0"},"west":{"uv":[7.0,3.5,7.625,4.0],"tintindex":0,"rotation":0,"texture":"#0"},"up":{"uv":[7.0,3.5,5.5,2.875],"tintindex":0,"rotation":0,"texture":"#0"},"down":{"uv":[8.5,2.875,7.0,3.5],"tintindex":0,"rotation":0,"texture":"#0"}}}],"display":{"gui":{"rotation":[30,225,0]}}}