{"elements":[{"from":[1.5212693,6.7339683,6.56],"to":[8.40127,9.04254,9.440001],"rotation":{"angle":0.0,"axis":"y","origin":[8.473651,7.6596828,8.0]},"faces":{"east":{"uv":[4.875,3.5,5.5,4.0],"rotation":0,"texture":"#0","tintindex":0},"south":{"uv":[7.625,3.5,9.125,4.0],"rotation":0,"texture":"#0","tintindex":0},"north":{"uv":[5.5,3.5,7.0,4.0],"rotation":0,"texture":"#0","tintindex":0},"west":{"uv":[7.0,3.5,7.625,4.0],"rotation":0,"texture":"#0","tintindex":0},"up":{"uv":[7.0,3.5,5.5,2.875],"rotation":0,"texture":"#0","tintindex":0},"down":{"uv":[8.5,2.875,7.0,3.5],"rotation":0,"texture":"#0","tintindex":0}}}],"textures":{"0":"dragonien:entity/velociraptor"},"display":{"head":{"translation":[0.0,-6.4,0.0],"scale":[4.0,4.0,4.0]}}}